Entry	TCDB
A0A087X1C5	Unknown
A0A096LP01	Unknown
A0A0B4J2F0	Unknown
A0A0C5B5G6	Unknown
A0A0K2S4Q6	Unknown
A0A0U1RRE5	Unknown
A0A1B0GTW7	Unknown
A0A2R8Y7D0	Unknown
A0A8I5KQE6	Unknown
A0AV02	2.A.30.1.7;
A0AV96	Unknown
A0AVF1	1.X.1.1.1;
A0AVI4	Unknown
A0AVK6	Unknown
A0AVT1	Unknown
A0FGR8	9.A.57.1.2;
A0FGR9	9.A.57.1.3;
A0JLT2	Unknown
A0JNW5	1.R.2.1.1;
A0JP26	Unknown
A0M8Q6	Unknown
A0MZ66	Unknown
A0PJK1	2.A.21.3.15;
A0PJY2	Unknown
A0PK00	Unknown
A0PK05	8.A.230.1.1;
A0PK11	9.A.46.1.2;
A1A4S6	Unknown
A1A4Y4	Unknown
A1A519	Unknown
A1A5B4	1.A.17.1.5;
A1A5C7	2.A.1.19.28;
A1E959	Unknown
A1KXE4	Unknown
A1KZ92	Unknown
A1L0T0	Unknown
A1L167	Unknown
A1L190	Unknown
A1L390	Unknown
A1L3X0	Unknown
A1L4H1	Unknown
A1L4K1	Unknown
A1X283	Unknown
A1XBS5	Unknown
A1Z1Q3	Unknown
A2A288	Unknown
A2A2Y4	Unknown
A2IDD5	Unknown
A2PYH4	Unknown
A2RRP1	Unknown
A2RTX5	Unknown
A2RU14	9.B.438.1.1;
A2RU30	Unknown
A2RU49	Unknown
A2RUB1	Unknown
A2RUB6	Unknown
A2RUC4	Unknown
A2RUH7	Unknown
A2VDJ0	Unknown
A2VEC9	9.B.87.1.18;
A3KMH1	Unknown
A3KN83	Unknown
A4D0S4	Unknown
A4D126	Unknown
A4D161	Unknown
A4D1B5	Unknown
A4D1E9	Unknown
A4D1P6	Unknown
A4D1S5	Unknown
A4D1T9	Unknown
A4D256	Unknown
A4D2B0	Unknown
A4D2B8	Unknown
A4GXA9	Unknown
A4UGR9	Unknown
A5A3E0	Unknown
A5D8T8	Unknown
A5D8V6	Unknown
A5D8V7	Unknown
A5D8W1	Unknown
A5LHX3	Unknown
A5PKW4	Unknown
A5PLL7	Unknown
A5X5Y0	Unknown
A5YKK6	Unknown
A5YM72	Unknown
A6BM72	Unknown
A6H8Y1	Unknown
A6H8Z2	Unknown
A6NC98	Unknown
A6NCS4	Unknown
A6ND01	9.B.92.1.2;
A6ND36	Unknown
A6NDB9	Unknown
A6NDE4	Unknown
A6NDG6	Unknown
A6NDV4	1.N.2.1.7;
A6NED2	Unknown
A6NEM1	Unknown
A6NFA1	Unknown
A6NFQ2	Unknown
A6NFX1	2.A.2.3.16;
A6NFY7	Unknown
A6NGG8	Unknown
A6NGQ2	Unknown
A6NGU5	Unknown
A6NHL2	Unknown
A6NHQ2	Unknown
A6NHR9	Unknown
A6NHX0	Unknown
A6NI15	Unknown
A6NI61	1.N.2.1.1;
A6NI73	Unknown
A6NIH7	Unknown
A6NIM6	2.A.17.3.10;
A6NIX2	Unknown
A6NJ46	Unknown
A6NJ78	Unknown
A6NK06	Unknown
A6NK58	Unknown
A6NK89	Unknown
A6NKB5	9.A.80.1.1;
A6NKF2	Unknown
A6NMY6	Unknown
A6NMZ7	Unknown
A6NNB3	Unknown
A6NNM8	Unknown
A6NNN8	2.A.18.6.12;
A6NNY8	Unknown
A6NNZ2	Unknown
A6PVC2	Unknown
A6QL63	Unknown
A7E2V4	Unknown
A7E2Y1	Unknown
A7KAX9	Unknown
A7MCY6	Unknown
A7MD48	Unknown
A7XYQ1	Unknown
A8CG34	1.I.1.1.3;
A8K0Z3	9.A.3.1.2;
A8K2U0	Unknown
A8K4G0	Unknown
A8K7I4	1.A.13.1.6;
A8K830	Unknown
A8K8P3	Unknown
A8K8V0	Unknown
A8MPY1	Unknown
A8MQ03	Unknown
A8MQ27	Unknown
A8MT69	Unknown
A8MTA8	Unknown
A8MTJ3	Unknown
A8MTJ6	Unknown
A8MTQ0	Unknown
A8MTZ0	Unknown
A8MU46	Unknown
A8MUP2	Unknown
A8MV65	Unknown
A8MVW5	Unknown
A8MW92	Unknown
A8MW95	Unknown
A8MW99	Unknown
A8MXD5	Unknown
A8MXV4	Unknown
A8MYU2	Unknown
A8MZ59	Unknown
A8TX70	Unknown
A9QM74	Unknown
A9UHW6	Unknown
A9YTQ3	Unknown
B0I1T2	Unknown
B0L3A2	Unknown
B0YJ81	Unknown
B1AK53	Unknown
B2RPK0	Unknown
B2RTY4	Unknown
B2RUY7	Unknown
B2RUZ4	1.A.124.1.1;
B2RXF5	Unknown
B2RXH2	Unknown
B3KU38	Unknown
B6A8C7	Unknown
B7U540	Unknown
B7ZAQ6	Unknown
C0HME6	Unknown
C4AMC7	Unknown
C9JE40	Unknown
C9JLW8	Unknown
C9JR72	Unknown
C9JRZ8	Unknown
D3W0D1	Unknown
D6RGH6	Unknown
E0CX11	Unknown
F5H094	Unknown
G2XKQ0	Unknown
H0YL14	Unknown
H3BV60	Unknown
K7EJ46	Unknown
K9M1U5	Unknown
L0R8F8	Unknown
M0R2J8	Unknown
M5A8F1	Unknown
O00115	Unknown
O00116	Unknown
O00124	Unknown
O00139	Unknown
O00141	Unknown
O00142	Unknown
O00144	Unknown
O00148	3.A.22.1.2;
O00151	Unknown
O00154	Unknown
O00155	Unknown
O00159	1.I.1.1.3;
O00160	Unknown
O00161	1.F.1.1.1;
O00165	Unknown
O00167	Unknown
O00168	1.A.27.1.8;
O00170	Unknown
O00175	Unknown
O00178	Unknown
O00180	Unknown
O00182	Unknown
O00186	Unknown
O00187	Unknown
O00189	9.B.278.1.5;
O00192	Unknown
O00194	Unknown
O00198	Unknown
O00203	Unknown
O00204	Unknown
O00206	8.A.43.1.9;
O00212	Unknown
O00213	Unknown
O00214	Unknown
O00217	Unknown
O00219	Unknown
O00220	Unknown
O00221	Unknown
O00222	Unknown
O00230	Unknown
O00231	Unknown
O00232	Unknown
O00233	Unknown
O00237	Unknown
O00238	Unknown
O00241	8.A.23.1.34;
O00244	9.B.462.1.5;
O00253	Unknown
O00254	Unknown
O00255	Unknown
O00257	Unknown
O00258	3.A.19.1.1;
O00264	9.B.433.1.5;
O00267	Unknown
O00268	Unknown
O00270	Unknown
O00273	Unknown
O00287	Unknown
O00291	1.N.7.1.1;
O00292	Unknown
O00294	Unknown
O00299	1.A.12.1.2;
O00300	Unknown
O00303	Unknown
O00305	8.A.22.1.4;
O00308	Unknown
O00311	Unknown
O00321	Unknown
O00322	8.A.40.7.1;
O00327	Unknown
O00329	Unknown
O00330	Unknown
O00337	2.A.41.2.13;2.A.41.2.3;
O00338	Unknown
O00339	Unknown
O00341	2.A.23.2.5;
O00358	Unknown
O00370	Unknown
O00391	Unknown
O00399	Unknown
O00400	2.A.1.25.1;
O00401	Unknown
O00408	Unknown
O00409	Unknown
O00410	1.I.1.1.3;
O00411	Unknown
O00418	Unknown
O00421	Unknown
O00422	3.A.18.1.1;
O00423	Unknown
O00425	Unknown
O00429	1.N.6.1.2;
O00442	Unknown
O00443	Unknown
O00444	Unknown
O00445	Unknown
O00451	Unknown
O00453	Unknown
O00459	Unknown
O00461	Unknown
O00462	Unknown
O00463	Unknown
O00468	8.A.74.1.3;
O00469	Unknown
O00470	Unknown
O00471	1.F.2.1.2;
O00472	Unknown
O00476	2.A.1.14.28;
O00478	Unknown
O00481	Unknown
O00482	9.B.208.1.4;
O00483	Unknown
O00487	Unknown
O00488	Unknown
O00499	Unknown
O00501	1.H.1.1.16;
O00505	1.I.1.1.3;
O00506	Unknown
O00507	Unknown
O00512	Unknown
O00519	Unknown
O00522	Unknown
O00526	8.A.90.1.1;
O00533	Unknown
O00541	Unknown
O00548	Unknown
O00555	1.A.1.11.27;
O00559	Unknown
O00560	8.A.24.2.1;
O00562	9.A.78.1.1;
O00566	Unknown
O00567	Unknown
O00571	1.I.1.1.3;
O00574	Unknown
O00584	Unknown
O00585	Unknown
O00587	Unknown
O00590	9.A.14.13.35;
O00591	Unknown
O00592	8.A.187.1.1;
O00602	Unknown
O00622	Unknown
O00623	3.A.20.1.1;
O00624	2.A.1.14.29;
O00625	Unknown
O00626	Unknown
O00628	3.A.20.1.1;
O00629	1.I.1.1.3;
O00631	1.A.50.2.1;
O00635	Unknown
O00712	Unknown
O00716	Unknown
O00743	Unknown
O00744	Unknown
O00746	Unknown
O00748	Unknown
O00750	Unknown
O00754	Unknown
O00755	Unknown
O00757	Unknown
O00762	Unknown
O00763	Unknown
O00764	Unknown
O00767	Unknown
O14490	Unknown
O14492	Unknown
O14493	1.H.1.1.6;
O14494	Unknown
O14495	Unknown
O14497	Unknown
O14503	Unknown
O14508	Unknown
O14511	Unknown
O14512	Unknown
O14513	Unknown
O14514	Unknown
O14519	Unknown
O14520	1.A.8.9.6;
O14521	3.D.10.1.7;
O14522	Unknown
O14523	8.A.78.1.1;
O14524	9.B.368.1.1;
O14525	9.B.87.2.1;
O14526	Unknown
O14529	Unknown
O14530	Unknown
O14531	Unknown
O14543	Unknown
O14544	Unknown
O14548	Unknown
O14556	Unknown
O14558	Unknown
O14559	3.A.34.1.1;
O14561	Unknown
O14569	Unknown
O14576	Unknown
O14578	Unknown
O14579	Unknown
O14593	Unknown
O14594	Unknown
O14595	Unknown
O14607	Unknown
O14610	8.A.92.1.1;
O14613	Unknown
O14617	Unknown
O14618	Unknown
O14625	Unknown
O14627	Unknown
O14628	Unknown
O14633	Unknown
O14638	Unknown
O14639	Unknown
O14640	Unknown
O14641	Unknown
O14645	Unknown
O14646	Unknown
O14647	Unknown
O14649	1.A.1.9.2;
O14653	Unknown
O14654	Unknown
O14656	Unknown
O14657	Unknown
O14662	Unknown
O14669	Unknown
O14672	8.A.77.1.4;
O14678	3.A.1.203.9;
O14681	2.A.121.3.1;
O14682	Unknown
O14684	Unknown
O14686	Unknown
O14713	8.A.54.1.8;
O14717	Unknown
O14727	8.A.92.1.11;
O14730	Unknown
O14732	Unknown
O14733	Unknown
O14734	Unknown
O14735	Unknown
O14737	Unknown
O14744	Unknown
O14745	8.A.24.1.1;
O14746	Unknown
O14756	Unknown
O14757	Unknown
O14763	Unknown
O14764	Unknown
O14770	Unknown
O14771	Unknown
O14772	Unknown
O14773	Unknown
O14775	Unknown
O14776	Unknown
O14777	Unknown
O14782	Unknown
O14786	8.A.47.1.5;
O14787	1.I.1.1.3;
O14788	Unknown
O14791	1.C.127.1.1;
O14792	Unknown
O14793	Unknown
O14795	Unknown
O14796	Unknown
O14798	Unknown
O14802	Unknown
O14804	Unknown
O14807	Unknown
O14810	Unknown
O14813	Unknown
O14815	Unknown
O14817	Unknown
O14818	Unknown
O14827	Unknown
O14828	8.A.103.1.3;
O14829	Unknown
O14830	Unknown
O14832	Unknown
O14836	Unknown
O14842	9.A.14.13.30;
O14843	9.A.14.13.48;
O14862	Unknown
O14863	2.A.4.3.7;
O14867	Unknown
O14874	Unknown
O14879	Unknown
O14880	Unknown
O14893	Unknown
O14894	8.A.75.1.5;
O14896	Unknown
O14901	Unknown
O14904	Unknown
O14905	Unknown
O14907	Unknown
O14908	Unknown
O14910	Unknown
O14917	Unknown
O14920	Unknown
O14924	Unknown
O14925	Unknown
O14926	Unknown
O14929	Unknown
O14931	Unknown
O14933	Unknown
O14936	Unknown
O14939	Unknown
O14944	Unknown
O14948	Unknown
O14949	Unknown
O14950	Unknown
O14957	Unknown
O14958	8.A.88.1.5;
O14960	Unknown
O14964	Unknown
O14965	Unknown
O14966	Unknown
O14967	Unknown
O14972	Unknown
O14974	Unknown
O14975	4.C.1.1.5;
O14976	Unknown
O14977	Unknown
O14978	Unknown
O14979	Unknown
O14980	1.I.1.1.3;
O14981	Unknown
O14983	Unknown
O14986	Unknown
O14994	Unknown
O15013	Unknown
O15014	Unknown
O15015	Unknown
O15018	Unknown
O15020	Unknown
O15021	Unknown
O15027	Unknown
O15031	Unknown
O15033	Unknown
O15040	Unknown
O15041	Unknown
O15042	Unknown
O15047	Unknown
O15049	Unknown
O15054	Unknown
O15055	Unknown
O15056	Unknown
O15060	Unknown
O15061	Unknown
O15062	Unknown
O15066	Unknown
O15067	Unknown
O15068	Unknown
O15072	Unknown
O15075	Unknown
O15078	Unknown
O15079	Unknown
O15083	Unknown
O15084	Unknown
O15085	Unknown
O15091	Unknown
O15105	Unknown
O15111	Unknown
O15116	Unknown
O15117	Unknown
O15118	2.A.6.6.1;
O15119	Unknown
O15120	Unknown
O15121	Unknown
O15123	Unknown
O15126	8.A.103.1.1;
O15127	8.A.103.1.2;
O15130	Unknown
O15131	1.I.1.1.3;
O15143	Unknown
O15144	Unknown
O15145	Unknown
O15146	8.A.23.1.29;
O15151	Unknown
O15155	Unknown
O15156	Unknown
O15160	Unknown
O15162	9.A.36.1.1;
O15164	Unknown
O15165	Unknown
O15169	Unknown
O15173	9.B.433.1.1;
O15178	Unknown
O15182	Unknown
O15194	Unknown
O15195	Unknown
O15197	Unknown
O15198	Unknown
O15204	Unknown
O15205	Unknown
O15209	Unknown
O15211	Unknown
O15212	Unknown
O15213	Unknown
O15217	Unknown
O15218	Unknown
O15226	Unknown
O15228	Unknown
O15229	Unknown
O15230	Unknown
O15231	Unknown
O15232	Unknown
O15234	3.A.18.1.1;
O15239	Unknown
O15240	Unknown
O15243	Unknown
O15244	2.A.1.19.30;
O15245	2.A.1.19.29;
O15247	1.A.12.1.5;
O15254	Unknown
O15258	9.B.82.1.2;
O15259	Unknown
O15260	9.B.214.1.2;
O15263	1.C.85.1.2;
O15264	Unknown
O15265	Unknown
O15266	Unknown
O15269	Unknown
O15270	Unknown
O15273	Unknown
O15287	Unknown
O15294	Unknown
O15296	Unknown
O15297	Unknown
O15303	Unknown
O15304	Unknown
O15305	Unknown
O15315	Unknown
O15318	Unknown
O15327	Unknown
O15342	Unknown
O15344	Unknown
O15347	Unknown
O15350	Unknown
O15353	Unknown
O15354	9.A.14.13.20;
O15355	Unknown
O15357	Unknown
O15360	Unknown
O15370	Unknown
O15371	Unknown
O15372	Unknown
O15374	2.A.1.13.7;
O15379	Unknown
O15381	Unknown
O15382	Unknown
O15389	Unknown
O15391	Unknown
O15392	Unknown
O15393	8.A.131.1.6;
O15394	Unknown
O15397	1.I.1.1.3;
O15399	Unknown
O15400	Unknown
O15405	Unknown
O15409	Unknown
O15417	Unknown
O15427	2.A.1.13.6;
O15431	1.A.56.1.2;
O15432	1.A.56.1.9;
O15438	3.A.1.208.9;
O15439	3.A.1.208.7;
O15440	3.A.1.208.15;
O15444	Unknown
O15446	Unknown
O15455	8.A.43.1.35;
O15457	Unknown
O15460	Unknown
O15466	Unknown
O15467	Unknown
O15479	Unknown
O15481	Unknown
O15484	Unknown
O15488	Unknown
O15492	Unknown
O15496	Unknown
O15498	1.F.1.3.1;
O15499	Unknown
O15503	9.B.418.1.2;
O15504	1.I.1.1.3;
O15511	Unknown
O15514	Unknown
O15516	Unknown
O15519	Unknown
O15520	Unknown
O15522	Unknown
O15523	Unknown
O15524	Unknown
O15525	Unknown
O15527	Unknown
O15528	Unknown
O15529	Unknown
O15530	Unknown
O15533	8.A.196.1.1;9.A.75.1.2;
O15534	Unknown
O15535	Unknown
O15537	8.A.154.1.1;
O15540	Unknown
O15541	Unknown
O15547	Unknown
O15550	Unknown
O15551	1.H.1.1.15;
O15552	9.A.14.13.47;
O15553	Unknown
O15554	1.A.1.16.2;
O42043	Unknown
O43143	Unknown
O43147	Unknown
O43148	Unknown
O43149	Unknown
O43150	Unknown
O43151	Unknown
O43155	Unknown
O43156	Unknown
O43157	Unknown
O43159	Unknown
O43164	Unknown
O43166	Unknown
O43167	Unknown
O43169	Unknown
O43172	Unknown
O43173	Unknown
O43174	Unknown
O43175	Unknown
O43181	Unknown
O43182	Unknown
O43184	8.A.77.1.5;
O43186	Unknown
O43187	Unknown
O43189	Unknown
O43193	Unknown
O43194	9.A.14.1.15;
O43196	Unknown
O43236	Unknown
O43237	Unknown
O43240	Unknown
O43242	Unknown
O43248	Unknown
O43251	Unknown
O43252	Unknown
O43255	8.A.133.1.2;
O43257	Unknown
O43264	Unknown
O43272	Unknown
O43278	8.B.13.1.5;
O43280	Unknown
O43281	Unknown
O43283	Unknown
O43286	Unknown
O43290	Unknown
O43291	8.B.13.2.3;
O43292	Unknown
O43293	Unknown
O43294	Unknown
O43295	Unknown
O43296	Unknown
O43298	Unknown
O43299	Unknown
O43300	Unknown
O43303	Unknown
O43306	Unknown
O43307	Unknown
O43309	Unknown
O43310	1.I.1.1.3;
O43312	Unknown
O43313	Unknown
O43314	Unknown
O43315	1.A.8.9.14;
O43316	Unknown
O43318	Unknown
O43320	Unknown
O43323	Unknown
O43324	Unknown
O43353	Unknown
O43364	Unknown
O43365	Unknown
O43374	Unknown
O43379	Unknown
O43390	Unknown
O43395	Unknown
O43396	Unknown
O43399	Unknown
O43402	3.A.27.1.1;
O43405	8.A.54.1.3;
O43422	Unknown
O43424	Unknown
O43426	Unknown
O43427	Unknown
O43432	Unknown
O43435	Unknown
O43439	Unknown
O43447	Unknown
O43448	Unknown
O43451	Unknown
O43462	Unknown
O43463	Unknown
O43464	8.A.217.1.1;
O43474	Unknown
O43482	Unknown
O43488	Unknown
O43490	9.B.411.1.1;
O43491	Unknown
O43493	Unknown
O43497	1.A.1.11.37;
O43502	Unknown
O43504	Unknown
O43505	Unknown
O43506	Unknown
O43508	Unknown
O43511	2.A.53.2.17;
O43513	Unknown
O43516	Unknown
O43520	3.A.3.8.11;
O43521	8.A.69.1.1;
O43524	Unknown
O43525	1.A.1.15.3;
O43526	1.A.1.15.2;
O43529	Unknown
O43541	Unknown
O43542	Unknown
O43543	Unknown
O43548	Unknown
O43556	Unknown
O43557	Unknown
O43559	Unknown
O43561	Unknown
O43566	Unknown
O43567	Unknown
O43570	Unknown
O43572	Unknown
O43581	Unknown
O43583	Unknown
O43586	Unknown
O43592	1.I.1.1.3;
O43593	Unknown
O43597	Unknown
O43598	Unknown
O43602	Unknown
O43603	Unknown
O43609	Unknown
O43610	Unknown
O43612	Unknown
O43613	Unknown
O43614	Unknown
O43615	Unknown
O43617	Unknown
O43623	Unknown
O43633	Unknown
O43639	Unknown
O43653	Unknown
O43660	Unknown
O43663	Unknown
O43665	Unknown
O43670	Unknown
O43674	Unknown
O43676	Unknown
O43678	Unknown
O43679	Unknown
O43680	Unknown
O43681	3.A.19.1.1;
O43683	Unknown
O43684	Unknown
O43687	Unknown
O43688	Unknown
O43699	Unknown
O43704	Unknown
O43707	Unknown
O43708	Unknown
O43709	Unknown
O43711	Unknown
O43715	3.A.9.1.1;
O43716	Unknown
O43719	Unknown
O43731	Unknown
O43734	Unknown
O43739	Unknown
O43741	Unknown
O43745	Unknown
O43747	9.B.278.1.1;
O43749	Unknown
O43752	1.F.1.1.5;
O43759	Unknown
O43760	Unknown
O43761	Unknown
O43763	Unknown
O43765	Unknown
O43766	Unknown
O43768	Unknown
O43772	2.A.29.8.3;
O43776	Unknown
O43781	Unknown
O43790	Unknown
O43791	Unknown
O43795	Unknown
O43805	Unknown
O43808	2.A.29.20.1;
O43809	Unknown
O43813	Unknown
O43815	Unknown
O43818	Unknown
O43819	Unknown
O43820	Unknown
O43822	Unknown
O43823	Unknown
O43825	Unknown
O43826	2.A.1.4.5;
O43827	Unknown
O43829	Unknown
O43837	Unknown
O43847	Unknown
O43852	Unknown
O43854	Unknown
O43861	Unknown
O43865	Unknown
O43866	Unknown
O43868	2.A.41.2.4;
O43889	Unknown
O43895	Unknown
O43896	Unknown
O43897	Unknown
O43900	Unknown
O43903	Unknown
O43909	Unknown
O43913	Unknown
O43914	8.A.128.1.1;
O43915	8.A.245.1.4;
O43916	Unknown
O43918	Unknown
O43920	Unknown
O43921	Unknown
O43924	Unknown
O43927	Unknown
O43929	Unknown
O43933	3.A.20.1.1;
O60216	Unknown
O60218	Unknown
O60220	Unknown
O60229	Unknown
O60231	Unknown
O60232	Unknown
O60235	Unknown
O60237	Unknown
O60238	1.A.20.1.2;
O60239	Unknown
O60240	Unknown
O60241	9.A.14.6.6;
O60242	9.A.14.6.7;
O60243	Unknown
O60244	Unknown
O60248	Unknown
O60256	Unknown
O60258	Unknown
O60259	Unknown
O60260	8.A.52.2.1;
O60264	Unknown
O60266	Unknown
O60269	Unknown
O60271	Unknown
O60281	Unknown
O60282	Unknown
O60284	Unknown
O60285	Unknown
O60291	Unknown
O60292	Unknown
O60293	Unknown
O60294	Unknown
O60296	Unknown
O60303	Unknown
O60304	Unknown
O60306	Unknown
O60307	Unknown
O60308	Unknown
O60312	3.A.3.8.26;
O60313	1.N.6.1.2;
O60315	Unknown
O60318	1.I.1.1.3;
O60331	Unknown
O60333	Unknown
O60336	Unknown
O60337	8.A.159.1.11;
O60341	Unknown
O60343	8.A.87.1.1;
O60346	Unknown
O60353	Unknown
O60356	Unknown
O60359	8.A.16.2.2;
O60381	Unknown
O60383	Unknown
O60391	Unknown
O60393	Unknown
O60423	Unknown
O60427	Unknown
O60437	Unknown
O60443	1.C.123.1.5;
O60447	Unknown
O60449	Unknown
O60462	8.A.47.1.6;
O60469	Unknown
O60476	Unknown
O60477	1.C.39.17.1;
O60478	9.B.123.1.1;
O60479	Unknown
O60481	Unknown
O60486	Unknown
O60487	Unknown
O60488	4.C.1.1.21;
O60493	3.A.34.1.1;9.A.3.1.1;
O60494	9.B.87.1.34;
O60496	Unknown
O60499	Unknown
O60500	8.A.23.1.33;
O60502	Unknown
O60503	Unknown
O60504	Unknown
O60506	Unknown
O60507	Unknown
O60508	Unknown
O60512	Unknown
O60513	Unknown
O60516	Unknown
O60519	Unknown
O60524	Unknown
O60543	Unknown
O60547	Unknown
O60548	Unknown
O60551	Unknown
O60563	Unknown
O60565	Unknown
O60566	Unknown
O60568	Unknown
O60573	Unknown
O60583	Unknown
O60602	Unknown
O60603	8.A.43.1.16;
O60609	Unknown
O60610	Unknown
O60613	Unknown
O60635	Unknown
O60636	Unknown
O60641	Unknown
O60645	1.F.2.1.2;
O60656	Unknown
O60658	Unknown
O60662	Unknown
O60663	Unknown
O60664	Unknown
O60667	Unknown
O60669	2.A.1.13.5;
O60671	Unknown
O60673	Unknown
O60674	Unknown
O60675	Unknown
O60678	Unknown
O60682	Unknown
O60683	3.A.20.1.1;
O60684	1.I.1.1.3;
O60687	Unknown
O60701	Unknown
O60704	Unknown
O60706	3.A.1.208.23;
O60711	Unknown
O60716	8.A.160.1.1;
O60721	2.A.19.4.9;
O60725	Unknown
O60729	Unknown
O60733	Unknown
O60741	1.A.1.5.32;
O60749	3.A.34.1.1;
O60755	Unknown
O60759	Unknown
O60760	Unknown
O60762	Unknown
O60763	Unknown
O60779	2.A.48.1.2;
O60783	Unknown
O60784	9.B.278.1.6;
O60806	Unknown
O60812	Unknown
O60814	Unknown
O60825	Unknown
O60826	9.A.3.1.2;
O60828	Unknown
O60829	Unknown
O60830	Unknown
O60831	Unknown
O60832	Unknown
O60840	1.A.1.11.11;
O60841	Unknown
O60844	Unknown
O60858	Unknown
O60861	Unknown
O60869	Unknown
O60870	Unknown
O60879	Unknown
O60880	Unknown
O60882	Unknown
O60883	Unknown
O60884	Unknown
O60885	Unknown
O60888	Unknown
O60890	Unknown
O60894	8.A.127.1.1;
O60895	8.A.127.1.2;
O60896	8.A.127.1.3;
O60902	Unknown
O60906	Unknown
O60907	Unknown
O60909	Unknown
O60911	Unknown
O60921	Unknown
O60925	Unknown
O60927	Unknown
O60928	1.A.2.1.8;
O60930	Unknown
O60931	2.A.43.1.1;
O60934	Unknown
O60936	Unknown
O60938	Unknown
O60939	8.A.17.2.1;
O60941	Unknown
O60942	Unknown
O75015	8.A.23.2.7;
O75019	Unknown
O75022	Unknown
O75023	Unknown
O75027	3.A.1.210.4;
O75030	Unknown
O75031	Unknown
O75037	Unknown
O75038	Unknown
O75044	Unknown
O75051	Unknown
O75052	Unknown
O75054	Unknown
O75056	Unknown
O75061	Unknown
O75063	Unknown
O75069	Unknown
O75072	Unknown
O75074	Unknown
O75077	Unknown
O75078	8.A.77.1.1;
O75081	Unknown
O75083	Unknown
O75084	Unknown
O75093	9.B.87.1.40;
O75094	9.B.87.1.41;
O75096	9.B.87.1.24;
O75106	Unknown
O75110	3.A.3.8.16;
O75112	Unknown
O75113	Unknown
O75116	Unknown
O75121	Unknown
O75122	Unknown
O75127	Unknown
O75128	Unknown
O75129	Unknown
O75131	8.A.210.1.2;
O75132	Unknown
O75140	Unknown
O75143	9.A.15.2.1;
O75144	Unknown
O75145	Unknown
O75146	Unknown
O75147	Unknown
O75150	Unknown
O75151	Unknown
O75152	Unknown
O75154	Unknown
O75155	Unknown
O75159	Unknown
O75161	Unknown
O75164	Unknown
O75165	Unknown
O75167	Unknown
O75170	Unknown
O75173	8.A.77.1.7;
O75175	Unknown
O75177	Unknown
O75179	Unknown
O75182	Unknown
O75185	3.A.3.2.9;
O75190	Unknown
O75191	Unknown
O75192	1.A.101.1.2;
O75197	Unknown
O75204	9.B.419.1.1;
O75208	Unknown
O75223	Unknown
O75251	Unknown
O75293	Unknown
O75298	Unknown
O75306	Unknown
O75309	Unknown
O75311	1.A.9.3.1;
O75312	Unknown
O75317	Unknown
O75319	Unknown
O75323	Unknown
O75324	Unknown
O75326	Unknown
O75330	Unknown
O75334	Unknown
O75339	Unknown
O75340	3.A.5.9.1;
O75342	Unknown
O75343	Unknown
O75344	Unknown
O75347	Unknown
O75348	3.A.2.2.4;
O75351	Unknown
O75354	Unknown
O75355	Unknown
O75356	Unknown
O75360	Unknown
O75362	Unknown
O75364	Unknown
O75365	Unknown
O75366	Unknown
O75367	Unknown
O75368	Unknown
O75369	8.A.66.1.5;
O75376	Unknown
O75379	Unknown
O75380	Unknown
O75381	3.A.20.1.1;
O75382	8.A.133.1.13;
O75385	Unknown
O75386	8.A.250.1.1;
O75387	2.A.1.44.1;
O75390	Unknown
O75396	Unknown
O75398	Unknown
O75400	Unknown
O75409	Unknown
O75410	Unknown
O75414	Unknown
O75417	Unknown
O75419	Unknown
O75420	Unknown
O75425	Unknown
O75426	Unknown
O75427	Unknown
O75431	Unknown
O75436	9.A.3.1.1;
O75438	Unknown
O75439	Unknown
O75443	9.B.87.1.35;
O75444	Unknown
O75445	Unknown
O75446	Unknown
O75448	Unknown
O75449	Unknown
O75452	Unknown
O75460	8.A.104.1.9;
O75461	Unknown
O75462	Unknown
O75469	9.B.208.1.3;
O75473	Unknown
O75475	Unknown
O75477	1.P.1.1.1;8.A.195.1.1;
O75478	Unknown
O75486	Unknown
O75487	Unknown
O75489	Unknown
O75494	Unknown
O75496	Unknown
O75503	Unknown
O75506	Unknown
O75508	Unknown
O75509	Unknown
O75521	Unknown
O75525	Unknown
O75528	Unknown
O75529	Unknown
O75530	Unknown
O75531	Unknown
O75533	Unknown
O75534	Unknown
O75553	Unknown
O75554	Unknown
O75556	Unknown
O75558	Unknown
O75563	Unknown
O75564	Unknown
O75569	Unknown
O75570	Unknown
O75575	Unknown
O75578	Unknown
O75581	Unknown
O75582	Unknown
O75586	Unknown
O75592	Unknown
O75593	Unknown
O75594	Unknown
O75600	Unknown
O75602	Unknown
O75603	Unknown
O75604	Unknown
O75607	Unknown
O75608	Unknown
O75610	Unknown
O75616	Unknown
O75618	Unknown
O75626	Unknown
O75628	Unknown
O75629	Unknown
O75631	8.A.90.2.1;
O75636	Unknown
O75638	Unknown
O75643	Unknown
O75648	Unknown
O75663	Unknown
O75665	Unknown
O75674	Unknown
O75676	Unknown
O75677	Unknown
O75679	Unknown
O75683	Unknown
O75688	Unknown
O75689	Unknown
O75691	Unknown
O75694	1.I.1.1.3;
O75695	Unknown
O75712	1.A.24.1.10;
O75716	Unknown
O75717	Unknown
O75718	Unknown
O75746	2.A.29.14.1;
O75747	Unknown
O75751	2.A.1.19.24;
O75752	Unknown
O75762	1.A.4.6.3;
O75771	Unknown
O75781	Unknown
O75783	Unknown
O75787	8.A.80.1.1;
O75791	Unknown
O75792	Unknown
O75794	Unknown
O75795	Unknown
O75800	Unknown
O75807	Unknown
O75808	Unknown
O75815	Unknown
O75817	Unknown
O75818	Unknown
O75821	Unknown
O75822	Unknown
O75828	Unknown
O75829	Unknown
O75832	Unknown
O75838	8.A.82.1.10;
O75840	Unknown
O75841	8.A.40.7.2;
O75843	Unknown
O75844	9.B.1.1.1;
O75845	Unknown
O75864	Unknown
O75865	Unknown
O75871	Unknown
O75874	Unknown
O75879	Unknown
O75880	Unknown
O75881	Unknown
O75882	Unknown
O75884	Unknown
O75886	Unknown
O75888	Unknown
O75891	Unknown
O75896	Unknown
O75897	Unknown
O75899	9.A.14.15.1;
O75900	8.B.14.2.2;
O75907	2.A.50.4.1;
O75908	2.A.50.4.11;
O75909	Unknown
O75911	Unknown
O75912	Unknown
O75914	Unknown
O75915	9.A.49.1.3;
O75916	Unknown
O75920	Unknown
O75923	1.F.1.2.1;
O75925	Unknown
O75928	Unknown
O75934	Unknown
O75935	Unknown
O75936	Unknown
O75937	Unknown
O75940	Unknown
O75943	Unknown
O75947	3.A.2.1.15;
O75951	Unknown
O75952	Unknown
O75955	8.A.21.3.1;
O75956	Unknown
O75962	Unknown
O75964	3.A.2.1.15;
O75969	Unknown
O75970	Unknown
O75971	Unknown
O75976	Unknown
O75995	Unknown
O76003	Unknown
O76011	Unknown
O76013	Unknown
O76014	Unknown
O76015	Unknown
O76021	Unknown
O76024	8.A.57.1.1;
O76027	Unknown
O76031	Unknown
O76036	Unknown
O76039	Unknown
O76041	Unknown
O76050	Unknown
O76054	Unknown
O76061	Unknown
O76062	Unknown
O76064	Unknown
O76070	1.C.77.1.3;
O76071	Unknown
O76074	Unknown
O76075	Unknown
O76076	Unknown
O76080	Unknown
O76081	Unknown
O76082	2.A.1.19.3;
O76083	Unknown
O76090	1.A.46.1.1;
O76093	Unknown
O76094	3.A.5.9.1;
O76095	Unknown
O76096	Unknown
O77932	Unknown
O94759	1.A.4.5.5;
O94760	Unknown
O94761	Unknown
O94762	Unknown
O94763	Unknown
O94766	Unknown
O94768	Unknown
O94769	Unknown
O94776	Unknown
O94777	Unknown
O94778	1.A.8.10.15;
O94779	Unknown
O94782	Unknown
O94788	Unknown
O94804	Unknown
O94805	Unknown
O94806	Unknown
O94808	Unknown
O94810	Unknown
O94811	Unknown
O94812	Unknown
O94813	9.B.87.1.32;
O94817	9.A.15.2.1;
O94818	Unknown
O94822	Unknown
O94823	Unknown
O94826	Unknown
O94827	Unknown
O94829	1.I.1.1.3;
O94830	Unknown
O94832	Unknown
O94842	Unknown
O94844	Unknown
O94850	Unknown
O94851	Unknown
O94855	Unknown
O94856	Unknown
O94864	Unknown
O94868	Unknown
O94874	Unknown
O94875	Unknown
O94876	8.A.109.1.6;
O94880	Unknown
O94885	Unknown
O94886	1.A.17.5.21;
O94887	Unknown
O94888	Unknown
O94889	Unknown
O94892	Unknown
O94898	Unknown
O94900	Unknown
O94901	1.I.1.1.3;
O94905	1.P.1.1.1;8.A.195.1.1;
O94906	Unknown
O94907	Unknown
O94910	Unknown
O94911	3.A.1.211.6;
O94913	Unknown
O94915	Unknown
O94916	Unknown
O94919	Unknown
O94921	Unknown
O94923	Unknown
O94925	Unknown
O94927	Unknown
O94929	Unknown
O94933	Unknown
O94941	Unknown
O94953	Unknown
O94955	Unknown
O94956	2.A.60.1.20;
O94964	Unknown
O94966	Unknown
O94967	8.A.92.1.16;
O94972	Unknown
O94973	9.B.278.1.4;
O94979	3.A.5.9.1;
O94983	Unknown
O94985	Unknown
O94986	Unknown
O94989	Unknown
O94991	Unknown
O94992	Unknown
O94993	Unknown
O95045	Unknown
O95047	Unknown
O95049	8.A.24.1.13;
O95050	Unknown
O95057	Unknown
O95059	Unknown
O95067	1.I.1.1.3;
O95069	Unknown
O95070	Unknown
O95071	Unknown
O95072	Unknown
O95073	Unknown
O95096	Unknown
O95104	Unknown
O95125	Unknown
O95136	Unknown
O95139	Unknown
O95140	1.N.6.1.2;1.R.1.1.1;
O95147	Unknown
O95149	Unknown
O95150	Unknown
O95153	8.A.34.3.1;
O95154	Unknown
O95155	Unknown
O95159	Unknown
O95163	Unknown
O95166	1.A.9.5.2;
O95167	Unknown
O95168	Unknown
O95169	Unknown
O95171	Unknown
O95180	1.A.1.11.5;
O95182	Unknown
O95183	Unknown
O95185	Unknown
O95190	Unknown
O95196	Unknown
O95197	Unknown
O95198	8.A.160.1.4;
O95199	Unknown
O95201	Unknown
O95202	2.A.97.1.1;
O95206	Unknown
O95208	Unknown
O95210	9.B.207.1.1;
O95214	Unknown
O95218	Unknown
O95219	3.A.34.1.1;
O95229	Unknown
O95231	Unknown
O95232	Unknown
O95235	Unknown
O95236	Unknown
O95237	Unknown
O95238	Unknown
O95239	Unknown
O95243	Unknown
O95248	Unknown
O95249	8.A.216.1.1;
O95251	Unknown
O95255	3.A.1.208.10;
O95256	Unknown
O95257	Unknown
O95258	2.A.29.24.1;
O95259	1.A.1.20.10;1.I.1.1.3;
O95260	Unknown
O95263	Unknown
O95264	1.A.9.2.5;
O95267	Unknown
O95271	1.I.1.1.3;
O95273	Unknown
O95274	Unknown
O95278	Unknown
O95279	1.A.1.8.2;
O95292	1.R.1.1.1;9.B.17.1.1;
O95294	Unknown
O95295	1.F.1.1.1;
O95297	Unknown
O95298	Unknown
O95299	Unknown
O95302	Unknown
O95319	Unknown
O95340	Unknown
O95342	3.A.1.201.2;
O95343	Unknown
O95347	Unknown
O95352	9.A.15.2.1;
O95359	Unknown
O95361	Unknown
O95363	Unknown
O95365	Unknown
O95372	Unknown
O95373	1.I.1.1.3;
O95376	Unknown
O95377	Unknown
O95379	Unknown
O95382	Unknown
O95388	Unknown
O95389	Unknown
O95390	Unknown
O95391	Unknown
O95393	Unknown
O95394	Unknown
O95395	Unknown
O95396	Unknown
O95398	Unknown
O95399	Unknown
O95400	Unknown
O95402	Unknown
O95405	Unknown
O95406	8.A.61.1.2;
O95407	Unknown
O95409	Unknown
O95415	Unknown
O95416	Unknown
O95425	Unknown
O95427	Unknown
O95428	Unknown
O95429	Unknown
O95433	8.A.163.1.1;
O95436	2.A.58.1.4;
O95445	Unknown
O95447	Unknown
O95450	Unknown
O95452	Unknown
O95453	Unknown
O95455	Unknown
O95456	Unknown
O95460	Unknown
O95461	Unknown
O95466	Unknown
O95467	Unknown
O95470	Unknown
O95471	1.H.1.1.2;
O95475	Unknown
O95476	Unknown
O95477	3.A.1.211.14;
O95479	Unknown
O95484	1.H.1.1.19;
O95486	Unknown
O95487	Unknown
O95490	9.A.14.6.9;
O95497	Unknown
O95498	Unknown
O95500	Unknown
O95503	Unknown
O95528	2.A.1.1.59;
O95544	Unknown
O95551	Unknown
O95562	Unknown
O95563	2.A.105.1.2;
O95568	Unknown
O95571	Unknown
O95573	Unknown
O95600	Unknown
O95602	Unknown
O95613	Unknown
O95619	Unknown
O95622	Unknown
O95628	Unknown
O95630	Unknown
O95631	Unknown
O95633	Unknown
O95639	Unknown
O95644	Unknown
O95670	Unknown
O95671	Unknown
O95672	Unknown
O95674	Unknown
O95677	Unknown
O95678	Unknown
O95684	Unknown
O95696	Unknown
O95704	Unknown
O95707	Unknown
O95711	Unknown
O95714	Unknown
O95715	Unknown
O95716	Unknown
O95718	Unknown
O95721	Unknown
O95727	Unknown
O95741	Unknown
O95747	Unknown
O95749	Unknown
O95750	Unknown
O95751	Unknown
O95754	Unknown
O95755	Unknown
O95758	Unknown
O95760	Unknown
O95772	8.A.120.2.3;
O95777	Unknown
O95782	9.B.278.1.4;
O95785	Unknown
O95786	Unknown
O95789	Unknown
O95793	Unknown
O95801	Unknown
O95803	Unknown
O95807	9.B.199.1.1;
O95810	Unknown
O95813	Unknown
O95816	Unknown
O95817	Unknown
O95819	Unknown
O95822	Unknown
O95825	Unknown
O95831	9.B.469.1.1;
O95832	1.H.1.1.14;
O95833	1.A.12.1.7;
O95834	Unknown
O95835	Unknown
O95837	Unknown
O95843	Unknown
O95847	2.A.29.24.3;
O95848	Unknown
O95858	8.A.40.1.17;
O95859	8.A.40.1.20;
O95861	Unknown
O95863	Unknown
O95864	Unknown
O95865	Unknown
O95866	Unknown
O95867	Unknown
O95868	Unknown
O95870	Unknown
O95872	Unknown
O95876	Unknown
O95881	Unknown
O95886	Unknown
O95897	Unknown
O95900	Unknown
O95905	Unknown
O95907	2.A.1.13.9;
O95922	Unknown
O95925	Unknown
O95926	Unknown
O95931	Unknown
O95932	Unknown
O95935	Unknown
O95936	Unknown
O95944	Unknown
O95947	Unknown
O95948	Unknown
O95954	Unknown
O95965	9.B.87.1.25;
O95967	Unknown
O95968	Unknown
O95970	Unknown
O95971	Unknown
O95972	Unknown
O95977	Unknown
O95980	Unknown
O95983	Unknown
O95985	Unknown
O95988	Unknown
O95989	Unknown
O95990	Unknown
O95992	Unknown
O95994	Unknown
O95995	Unknown
O95996	Unknown
O95997	Unknown
O95998	Unknown
O95999	Unknown
O96000	Unknown
O96004	Unknown
O96005	8.A.125.1.1;
O96006	Unknown
O96007	Unknown
O96008	1.B.8.2.5;
O96009	Unknown
O96011	Unknown
O96013	Unknown
O96014	Unknown
O96015	Unknown
O96017	Unknown
O96018	Unknown
O96019	Unknown
O96020	Unknown
O96024	Unknown
O96028	Unknown
O96033	Unknown
O97980	Unknown
P00156	Unknown
P00167	Unknown
P00325	Unknown
P00326	Unknown
P00338	Unknown
P00352	Unknown
P00367	Unknown
P00374	Unknown
P00387	Unknown
P00390	Unknown
P00395	3.D.4.11.1;
P00403	3.D.4.11.1;
P00414	3.D.4.11.1;
P00439	Unknown
P00441	Unknown
P00450	8.A.105.1.2;
P00451	Unknown
P00480	Unknown
P00488	Unknown
P00491	Unknown
P00492	Unknown
P00505	9.A.70.1.1;
P00519	Unknown
P00533	8.A.23.1.46;
P00540	Unknown
P00558	Unknown
P00568	Unknown
P00709	Unknown
P00734	Unknown
P00736	Unknown
P00738	8.A.131.1.15;
P00739	Unknown
P00740	Unknown
P00742	Unknown
P00746	Unknown
P00747	Unknown
P00748	Unknown
P00749	Unknown
P00750	Unknown
P00751	Unknown
P00797	Unknown
P00813	Unknown
P00846	3.A.2.1.15;
P00915	Unknown
P00918	Unknown
P00966	Unknown
P00973	Unknown
P00995	Unknown
P01008	Unknown
P01009	Unknown
P01011	Unknown
P01019	Unknown
P01023	Unknown
P01024	Unknown
P01031	Unknown
P01033	Unknown
P01034	Unknown
P01036	Unknown
P01037	Unknown
P01040	Unknown
P01042	Unknown
P01100	Unknown
P01106	Unknown
P01111	Unknown
P01112	Unknown
P01116	Unknown
P01127	Unknown
P01130	9.B.87.1.42;
P01133	Unknown
P01135	Unknown
P01137	Unknown
P01138	Unknown
P01148	Unknown
P01160	1.C.46.2.3;
P01178	Unknown
P01185	Unknown
P01189	Unknown
P01210	1.C.89.1.2;
P01213	1.C.89.1.1;
P01215	Unknown
P01222	Unknown
P01225	Unknown
P01229	Unknown
P01236	Unknown
P01241	Unknown
P01242	Unknown
P01258	Unknown
P01266	Unknown
P01270	Unknown
P01275	Unknown
P01282	Unknown
P01286	Unknown
P01298	Unknown
P01303	Unknown
P01308	Unknown
P01344	Unknown
P01350	Unknown
P01374	Unknown
P01375	Unknown
P01563	Unknown
P01567	Unknown
P01568	Unknown
P01570	Unknown
P01571	Unknown
P01574	Unknown
P01579	Unknown
P01583	1.A.109.1.1;
P01584	1.A.109.1.2;
P01588	Unknown
P01589	Unknown
P01591	Unknown
P01593	Unknown
P01594	Unknown
P01597	Unknown
P01602	Unknown
P01615	Unknown
P01619	Unknown
P01699	Unknown
P01700	Unknown
P01701	Unknown
P01704	Unknown
P01705	Unknown
P01706	Unknown
P01709	Unknown
P01721	Unknown
P01730	8.A.23.2.1;
P01732	Unknown
P01742	Unknown
P01764	Unknown
P01768	Unknown
P01772	Unknown
P01780	Unknown
P01814	Unknown
P01817	Unknown
P01825	Unknown
P01833	8.A.218.1.7;
P01834	Unknown
P01848	Unknown
P01850	Unknown
P01854	Unknown
P01857	Unknown
P01859	Unknown
P01860	Unknown
P01861	Unknown
P01871	Unknown
P01876	Unknown
P01877	Unknown
P01880	Unknown
P01889	9.A.75.1.3;
P01893	Unknown
P01903	Unknown
P01906	Unknown
P01909	9.A.75.1.1;
P01911	Unknown
P01920	9.A.75.1.1;
P02008	Unknown
P02042	Unknown
P02100	Unknown
P02144	1.A.107.1.3;
P02452	Unknown
P02458	Unknown
P02461	Unknown
P02462	Unknown
P02489	8.A.172.1.2;
P02511	8.A.172.1.1;
P02533	Unknown
P02538	Unknown
P02545	9.B.392.4.6;
P02549	Unknown
P02585	Unknown
P02647	Unknown
P02649	9.B.445.2.1;
P02652	9.B.445.1.1;
P02654	Unknown
P02655	Unknown
P02656	Unknown
P02671	Unknown
P02675	Unknown
P02679	Unknown
P02686	Unknown
P02689	Unknown
P02708	1.A.9.1.1;
P02724	8.A.168.1.1;
P02730	2.A.31.1.1;
P02741	Unknown
P02743	1.C.92.1.2;
P02745	Unknown
P02746	Unknown
P02747	Unknown
P02748	Unknown
P02749	Unknown
P02750	Unknown
P02751	Unknown
P02753	8.A.180.1.1;
P02760	Unknown
P02763	Unknown
P02765	Unknown
P02766	Unknown
P02768	Unknown
P02771	Unknown
P02774	Unknown
P02775	Unknown
P02776	Unknown
P02778	Unknown
P02786	2.B.93.1.1;9.B.229.1.1;
P02787	Unknown
P02788	Unknown
P02790	Unknown
P02792	Unknown
P02794	Unknown
P02795	Unknown
P02808	1.C.79.1.2;
P02810	Unknown
P02812	Unknown
P02814	Unknown
P02818	Unknown
P03372	Unknown
P03886	Unknown
P03891	Unknown
P03897	Unknown
P03901	Unknown
P03905	Unknown
P03915	Unknown
P03923	Unknown
P03928	3.A.2.1.15;
P03950	Unknown
P03951	Unknown
P03952	Unknown
P03956	Unknown
P03971	Unknown
P03973	Unknown
P03999	Unknown
P04000	9.A.14.1.1;
P04001	Unknown
P04003	Unknown
P04004	8.B.14.2.5;
P04035	2.A.6.6.5;
P04040	Unknown
P04049	Unknown
P04053	Unknown
P04054	Unknown
P04062	Unknown
P04066	Unknown
P04070	Unknown
P04075	Unknown
P04080	1.C.91.1.1;
P04083	1.A.31.1.3;
P04085	Unknown
P04090	Unknown
P04114	Unknown
P04118	Unknown
P04141	Unknown
P04150	Unknown
P04155	Unknown
P04156	1.C.48.1.2;
P04179	Unknown
P04180	Unknown
P04181	Unknown
P04183	Unknown
P04196	Unknown
P04198	Unknown
P04201	Unknown
P04216	Unknown
P04217	Unknown
P04233	9.A.75.1.1;
P04234	Unknown
P04259	Unknown
P04264	Unknown
P04271	8.A.81.1.4;
P04275	Unknown
P04278	Unknown
P04279	Unknown
P04280	Unknown
P04350	Unknown
P04406	Unknown
P04424	Unknown
P04439	9.A.75.1.2;9.A.75.1.3;
P04440	Unknown
P04553	Unknown
P04554	Unknown
P04626	8.A.23.1.39;
P04628	Unknown
P04629	Unknown
P04632	Unknown
P04637	1.C.110.1.1;
P04731	Unknown
P04732	Unknown
P04733	Unknown
P04746	Unknown
P04792	Unknown
P04798	Unknown
P04818	Unknown
P04839	5.B.1.1.1;
P04843	9.B.142.3.17;
P04844	9.B.142.3.17;
P04899	Unknown
P04908	Unknown
P04920	2.A.31.1.2;
P04921	Unknown
P05000	Unknown
P05014	Unknown
P05019	Unknown
P05023	3.A.3.1.1;
P05026	3.A.3.1.1;
P05060	1.A.139.1.1;
P05062	Unknown
P05067	1.C.50.1.2;
P05089	Unknown
P05090	Unknown
P05091	Unknown
P05093	Unknown
P05106	Unknown
P05107	Unknown
P05108	Unknown
P05109	Unknown
P05111	Unknown
P05112	Unknown
P05113	Unknown
P05114	Unknown
P05120	Unknown
P05121	Unknown
P05129	Unknown
P05141	2.A.29.1.1;
P05154	Unknown
P05155	Unknown
P05156	Unknown
P05160	Unknown
P05161	Unknown
P05162	Unknown
P05164	Unknown
P05165	Unknown
P05166	Unknown
P05177	Unknown
P05181	Unknown
P05186	Unknown
P05187	Unknown
P05198	Unknown
P05204	Unknown
P05230	Unknown
P05231	Unknown
P05305	Unknown
P05362	8.A.23.4.1;
P05386	Unknown
P05387	Unknown
P05388	Unknown
P05408	Unknown
P05412	Unknown
P05413	Unknown
P05423	Unknown
P05451	1.C.111.1.17;
P05452	Unknown
P05455	Unknown
P05496	3.A.2.1.15;
P05538	Unknown
P05543	Unknown
P05546	Unknown
P05549	Unknown
P05556	9.B.87.1.8;
P05771	8.A.104.1.4;
P05783	Unknown
P05787	Unknown
P05813	Unknown
P05814	Unknown
P05937	Unknown
P05976	Unknown
P05981	8.A.131.1.12;
P05997	Unknown
P06028	Unknown
P06126	Unknown
P06127	Unknown
P06132	Unknown
P06133	Unknown
P06213	Unknown
P06239	Unknown
P06241	Unknown
P06276	Unknown
P06280	Unknown
P06307	Unknown
P06312	Unknown
P06340	Unknown
P06396	Unknown
P06400	Unknown
P06401	9.B.208.1.5;
P06454	Unknown
P06493	1.I.1.1.3;
P06576	3.A.2.1.15;
P06681	Unknown
P06702	Unknown
P06703	Unknown
P06727	Unknown
P06729	Unknown
P06730	Unknown
P06731	Unknown
P06732	Unknown
P06733	Unknown
P06734	Unknown
P06737	Unknown
P06744	Unknown
P06746	Unknown
P06748	Unknown
P06753	Unknown
P06756	8.A.54.1.4;
P06850	Unknown
P06858	Unknown
P06865	Unknown
P06870	Unknown
P06881	1.C.49.1.2;
P06899	Unknown
P07093	Unknown
P07098	Unknown
P07099	Unknown
P07101	Unknown
P07108	Unknown
P07148	Unknown
P07195	Unknown
P07196	Unknown
P07197	Unknown
P07199	Unknown
P07202	Unknown
P07203	Unknown
P07204	Unknown
P07205	Unknown
P07225	Unknown
P07237	Unknown
P07288	Unknown
P07305	Unknown
P07306	Unknown
P07307	Unknown
P07315	Unknown
P07320	Unknown
P07327	Unknown
P07332	Unknown
P07333	8.A.23.1.41;
P07339	Unknown
P07355	1.A.31.1.4;
P07357	1.C.39.3.1;
P07358	Unknown
P07359	Unknown
P07360	Unknown
P07384	8.A.82.1.12;
P07437	Unknown
P07438	Unknown
P07451	Unknown
P07476	Unknown
P07477	Unknown
P07478	Unknown
P07492	Unknown
P07498	Unknown
P07510	1.A.9.1.1;
P07550	9.A.14.3.5;
P07585	Unknown
P07602	1.C.35.2.1;
P07686	Unknown
P07711	Unknown
P07737	Unknown
P07738	Unknown
P07741	Unknown
P07766	8.A.128.1.10;
P07814	Unknown
P07858	Unknown
P07864	Unknown
P07900	Unknown
P07902	Unknown
P07910	Unknown
P07911	Unknown
P07919	Unknown
P07942	Unknown
P07947	Unknown
P07948	Unknown
P07949	8.A.23.1.44;
P07951	Unknown
P07954	Unknown
P07988	Unknown
P07992	Unknown
P07996	Unknown
P07998	Unknown
P08034	1.A.24.1.3;
P08047	Unknown
P08048	Unknown
P08069	Unknown
P08100	9.A.14.1.2;
P08118	Unknown
P08123	Unknown
P08133	1.A.31.1.2;
P08134	Unknown
P08138	9.B.87.4.1;
P08151	Unknown
P08172	Unknown
P08173	Unknown
P08174	Unknown
P08183	3.A.1.201.1;
P08185	Unknown
P08195	2.A.3.8.18;8.A.9.2.2;
P08217	Unknown
P08218	Unknown
P08235	Unknown
P08236	Unknown
P08237	Unknown
P08238	8.A.163.1.1;
P08240	Unknown
P08243	Unknown
P08246	Unknown
P08247	9.B.130.1.4;
P08253	Unknown
P08254	Unknown
P08263	Unknown
P08294	Unknown
P08311	Unknown
P08319	Unknown
P08397	Unknown
P08473	Unknown
P08476	Unknown
P08493	Unknown
P08514	Unknown
P08519	Unknown
P08559	Unknown
P08567	Unknown
P08571	8.A.43.1.17;
P08572	Unknown
P08574	Unknown
P08575	8.A.128.1.11;
P08579	Unknown
P08581	8.A.23.1.45;
P08582	Unknown
P08588	9.A.14.3.11;
P08590	Unknown
P08603	Unknown
P08620	Unknown
P08621	Unknown
P08631	Unknown
P08637	8.A.23.2.6;
P08648	8.A.54.1.8;
P08651	Unknown
P08670	9.B.392.4.5;
P08684	Unknown
P08686	Unknown
P08697	Unknown
P08700	Unknown
P08708	Unknown
P08709	Unknown
P08727	Unknown
P08729	Unknown
P08754	Unknown
P08758	1.A.31.1.7;
P08779	Unknown
P08833	Unknown
P08842	Unknown
P08861	Unknown
P08865	Unknown
P08887	Unknown
P08908	9.A.14.3.14;
P08910	Unknown
P08912	Unknown
P08913	9.A.14.3.16;
P08922	Unknown
P08949	Unknown
P08962	8.A.40.1.19;
P08F94	Unknown
P09012	Unknown
P09016	Unknown
P09017	Unknown
P09038	1.A.108.1.1;
P09067	Unknown
P09086	Unknown
P09104	Unknown
P09110	Unknown
P09132	3.A.5.9.1;
P09172	Unknown
P09210	Unknown
P09211	Unknown
P09228	Unknown
P09234	Unknown
P09237	Unknown
P09238	Unknown
P09326	8.A.23.1.36;
P09327	Unknown
P09341	Unknown
P09382	Unknown
P09417	Unknown
P09429	Unknown
P09430	Unknown
P09455	Unknown
P09466	Unknown
P09467	Unknown
P09471	Unknown
P09486	8.A.74.1.6;
P09488	Unknown
P09493	Unknown
P09496	8.A.137.1.1;
P09497	8.A.137.1.2;
P09525	Unknown
P09529	Unknown
P09543	Unknown
P09544	Unknown
P09564	Unknown
P09601	8.A.252.1.1;
P09603	Unknown
P09619	8.A.23.1.37;
P09622	Unknown
P09629	Unknown
P09651	Unknown
P09661	Unknown
P09668	Unknown
P09669	Unknown
P09681	Unknown
P09683	Unknown
P09693	Unknown
P09758	8.A.237.1.1;
P09769	Unknown
P09848	Unknown
P09871	Unknown
P09874	Unknown
P09884	Unknown
P09912	Unknown
P09913	Unknown
P09914	Unknown
P09917	Unknown
P09919	Unknown
P09923	Unknown
P09936	Unknown
P09958	1.A.9.1.24;
P09960	Unknown
P09972	Unknown
P0C024	Unknown
P0C0E4	Unknown
P0C0L4	Unknown
P0C0L5	Unknown
P0C0S5	Unknown
P0C0S8	Unknown
P0C1S8	Unknown
P0C1Z6	Unknown
P0C264	Unknown
P0C2W1	Unknown
P0C5Y9	Unknown
P0C5Z0	Unknown
P0C6T2	9.B.142.3.17;
P0C7P0	Unknown
P0C7P3	Unknown
P0C7T5	Unknown
P0C7U0	Unknown
P0C7W6	Unknown
P0C7X2	Unknown
P0C869	Unknown
P0C870	Unknown
P0CAP1	Unknown
P0CAP2	Unknown
P0CB47	Unknown
P0CG04	Unknown
P0CG08	Unknown
P0CG20	Unknown
P0CG30	Unknown
P0CG37	Unknown
P0CG47	Unknown
P0CG48	Unknown
P0CW18	Unknown
P0DI81	Unknown
P0DI82	Unknown
P0DI83	Unknown
P0DJD3	Unknown
P0DJD4	Unknown
P0DJD7	Unknown
P0DJD8	Unknown
P0DJD9	Unknown
P0DJI8	Unknown
P0DJI9	Unknown
P0DJJ0	Unknown
P0DMC3	Unknown
P0DME0	Unknown
P0DML2	Unknown
P0DML3	Unknown
P0DMM9	Unknown
P0DMN0	Unknown
P0DMS8	Unknown
P0DMS9	Unknown
P0DMV8	Unknown
P0DMV9	Unknown
P0DMW2	Unknown
P0DN84	1.A.50.4.1;1.A.50.4.6;
P0DN86	Unknown
P0DOY2	Unknown
P0DOY3	Unknown
P0DP23	Unknown
P0DP24	Unknown
P0DP25	Unknown
P0DP57	Unknown
P0DP58	Unknown
P0DP91	Unknown
P0DPB3	Unknown
P0DPB6	Unknown
P0DPD6	Unknown
P0DPD7	Unknown
P0DPD8	Unknown
P0DPH7	Unknown
P0DPH8	Unknown
P0DPK2	Unknown
P0DPK3	Unknown
P0DPK4	Unknown
P0DPK5	Unknown
P0DPQ6	Unknown
P0DTE4	Unknown
P0DTE5	Unknown
P0DTE7	Unknown
P0DTE8	Unknown
P0DTU3	Unknown
P0DTU4	Unknown
P0DUB6	Unknown
P10070	Unknown
P10071	Unknown
P10073	Unknown
P10074	Unknown
P10082	Unknown
P10092	Unknown
P10109	Unknown
P10114	Unknown
P10124	Unknown
P10144	Unknown
P10145	Unknown
P10147	Unknown
P10153	Unknown
P10155	Unknown
P10163	Unknown
P10176	3.D.4.11.1;
P10242	Unknown
P10243	Unknown
P10244	Unknown
P10253	Unknown
P10265	Unknown
P10275	Unknown
P10276	Unknown
P10301	Unknown
P10321	9.A.75.1.3;
P10323	Unknown
P10398	Unknown
P10412	Unknown
P10415	1.A.21.1.10;
P10451	Unknown
P10515	Unknown
P10523	Unknown
P10586	Unknown
P10588	Unknown
P10589	Unknown
P10599	Unknown
P10600	Unknown
P10606	3.D.4.11.1;
P10619	Unknown
P10620	Unknown
P10632	Unknown
P10635	Unknown
P10636	Unknown
P10643	Unknown
P10644	Unknown
P10645	Unknown
P10646	Unknown
P10696	Unknown
P10720	Unknown
P10721	Unknown
P10745	Unknown
P10746	Unknown
P10747	Unknown
P10767	Unknown
P10768	Unknown
P10809	Unknown
P10826	Unknown
P10827	Unknown
P10828	Unknown
P10909	Unknown
P10911	Unknown
P10912	Unknown
P10914	Unknown
P10916	Unknown
P10966	Unknown
P10997	Unknown
P11021	1.A.33.1.5;
P11047	Unknown
P11049	Unknown
P11055	Unknown
P11086	Unknown
P11117	Unknown
P11137	Unknown
P11142	Unknown
P11150	Unknown
P11161	Unknown
P11166	2.A.1.1.28;
P11168	2.A.1.1.29;
P11169	2.A.1.1.91;
P11171	8.A.25.1.2;
P11172	Unknown
P11177	Unknown
P11182	Unknown
P11215	Unknown
P11216	Unknown
P11217	Unknown
P11226	Unknown
P11229	Unknown
P11230	1.A.9.1.1;
P11233	Unknown
P11234	Unknown
P11245	Unknown
P11274	Unknown
P11277	Unknown
P11279	9.A.16.1.1;
P11308	Unknown
P11309	Unknown
P11310	Unknown
P11362	8.A.23.1.7;
P11387	Unknown
P11388	Unknown
P11413	Unknown
P11441	Unknown
P11464	Unknown
P11473	9.B.208.1.1;
P11474	Unknown
P11487	Unknown
P11488	Unknown
P11498	Unknown
P11509	Unknown
P11511	Unknown
P11532	8.A.66.1.2;
P11586	Unknown
P11597	1.C.40.1.8;
P11678	Unknown
P11684	Unknown
P11686	Unknown
P11712	Unknown
P11717	9.B.247.1.2;
P11766	Unknown
P11801	Unknown
P11802	Unknown
P11831	Unknown
P11836	1.A.37.1.1;
P11908	Unknown
P11912	Unknown
P11926	Unknown
P11940	Unknown
P12004	Unknown
P12018	Unknown
P12034	Unknown
P12035	Unknown
P12036	Unknown
P12074	Unknown
P12081	Unknown
P12104	Unknown
P12107	Unknown
P12109	Unknown
P12110	Unknown
P12111	Unknown
P12235	2.A.29.1.2;
P12236	2.A.29.1.10;
P12259	Unknown
P12268	Unknown
P12270	1.I.1.1.3;
P12271	Unknown
P12272	Unknown
P12273	Unknown
P12277	Unknown
P12314	Unknown
P12318	Unknown
P12319	Unknown
P12429	Unknown
P12524	Unknown
P12532	Unknown
P12544	Unknown
P12643	Unknown
P12644	Unknown
P12645	Unknown
P12694	Unknown
P12724	Unknown
P12755	Unknown
P12757	Unknown
P12814	Unknown
P12821	Unknown
P12829	Unknown
P12830	8.A.204.1.1;
P12838	Unknown
P12882	Unknown
P12883	Unknown
P12931	8.A.23.1.12;
P12955	Unknown
P12956	Unknown
P12980	Unknown
P13010	Unknown
P13051	Unknown
P13056	Unknown
P13073	3.D.4.11.1;
P13164	8.A.58.1.1;
P13196	Unknown
P13224	Unknown
P13232	Unknown
P13236	Unknown
P13284	Unknown
P13349	Unknown
P13378	Unknown
P13385	Unknown
P13473	9.A.16.1.2;
P13489	Unknown
P13497	Unknown
P13498	5.B.1.1.1;
P13500	Unknown
P13501	Unknown
P13521	Unknown
P13533	Unknown
P13535	Unknown
P13569	3.A.1.202.1;
P13584	Unknown
P13591	8.A.23.1.49;
P13598	Unknown
P13611	Unknown
P13612	Unknown
P13631	Unknown
P13637	3.A.3.1.1;
P13639	Unknown
P13640	Unknown
P13645	Unknown
P13646	Unknown
P13647	Unknown
P13667	Unknown
P13671	1.C.39.3.3;
P13674	Unknown
P13682	Unknown
P13686	Unknown
P13688	Unknown
P13693	Unknown
P13716	Unknown
P13725	Unknown
P13726	8.A.132.2.1;
P13727	Unknown
P13747	9.A.75.1.3;
P13762	Unknown
P13765	Unknown
P13796	Unknown
P13797	Unknown
P13798	Unknown
P13804	Unknown
P13805	Unknown
P13807	Unknown
P13861	Unknown
P13866	2.A.21.3.1;
P13928	Unknown
P13929	Unknown
P13942	Unknown
P13945	Unknown
P13984	Unknown
P13987	Unknown
P13994	Unknown
P13995	Unknown
P14060	Unknown
P14061	Unknown
P14091	Unknown
P14136	Unknown
P14138	Unknown
P14151	Unknown
P14174	Unknown
P14207	Unknown
P14209	Unknown
P14210	Unknown
P14222	1.C.39.2.8;
P14314	Unknown
P14316	Unknown
P14317	Unknown
P14324	Unknown
P14373	Unknown
P14384	Unknown
P14406	3.D.4.11.1;
P14410	Unknown
P14415	Unknown
P14416	9.A.14.3.10;
P14543	Unknown
P14550	Unknown
P14555	Unknown
P14598	Unknown
P14616	Unknown
P14618	Unknown
P14625	Unknown
P14635	1.I.1.1.3;
P14649	Unknown
P14651	Unknown
P14652	Unknown
P14653	Unknown
P14672	2.A.1.1.80;
P14678	Unknown
P14679	9.B.423.1.1;
P14735	Unknown
P14770	Unknown
P14778	8.A.23.1.11;
P14780	Unknown
P14784	8.A.152.1.1;
P14854	Unknown
P14859	Unknown
P14866	Unknown
P14867	1.A.9.5.4;
P14868	Unknown
P14902	Unknown
P14920	Unknown
P14921	Unknown
P14923	Unknown
P14927	Unknown
P15018	Unknown
P15036	Unknown
P15056	8.A.23.1.48;
P15085	Unknown
P15086	Unknown
P15090	Unknown
P15104	Unknown
P15121	Unknown
P15144	Unknown
P15151	Unknown
P15153	Unknown
P15169	Unknown
P15170	Unknown
P15172	Unknown
P15173	Unknown
P15248	Unknown
P15259	Unknown
P15260	Unknown
P15289	Unknown
P15291	Unknown
P15309	Unknown
P15311	Unknown
P15313	3.A.2.2.4;
P15328	9.B.92.1.1;
P15336	Unknown
P15374	Unknown
P15382	Unknown
P15391	Unknown
P15407	Unknown
P15408	Unknown
P15428	Unknown
P15498	Unknown
P15502	Unknown
P15509	Unknown
P15514	Unknown
P15515	1.C.79.1.3;
P15516	1.C.79.1.1;
P15529	Unknown
P15531	Unknown
P15538	Unknown
P15559	Unknown
P15586	Unknown
P15622	Unknown
P15692	8.A.245.1.1;
P15735	Unknown
P15812	Unknown
P15813	Unknown
P15814	Unknown
P15822	Unknown
P15848	Unknown
P15863	Unknown
P15880	Unknown
P15882	Unknown
P15884	Unknown
P15907	Unknown
P15918	Unknown
P15923	Unknown
P15924	8.A.66.1.9;
P15927	Unknown
P15941	Unknown
P15954	3.D.4.11.1;
P15976	Unknown
P16035	Unknown
P16050	Unknown
P16066	8.A.85.1.6;
P16070	9.B.87.1.31;
P16083	Unknown
P16104	Unknown
P16109	Unknown
P16112	Unknown
P16118	Unknown
P16144	Unknown
P16150	Unknown
P16152	Unknown
P16157	8.A.28.1.2;
P16219	Unknown
P16220	Unknown
P16233	Unknown
P16234	8.A.23.1.66;
P16278	Unknown
P16284	Unknown
P16298	Unknown
P16333	Unknown
P16383	Unknown
P16389	1.A.1.2.10;
P16401	Unknown
P16402	Unknown
P16403	Unknown
P16410	Unknown
P16422	Unknown
P16435	Unknown
P16442	Unknown
P16444	Unknown
P16452	Unknown
P16455	Unknown
P16471	8.A.152.2.8;
P16473	9.A.14.1.21;
P16499	Unknown
P16519	Unknown
P16520	Unknown
P16581	Unknown
P16591	Unknown
P16615	3.A.3.2.7;
P16619	Unknown
P16662	Unknown
P16671	9.B.39.1.4;
P16860	Unknown
P16870	Unknown
P16871	8.A.152.1.11;
P16885	Unknown
P16930	Unknown
P16949	Unknown
P16989	Unknown
P17010	Unknown
P17014	Unknown
P17020	Unknown
P17021	Unknown
P17022	Unknown
P17023	Unknown
P17024	Unknown
P17027	Unknown
P17028	Unknown
P17036	Unknown
P17040	Unknown
P17041	Unknown
P17050	Unknown
P17066	Unknown
P17081	Unknown
P17096	Unknown
P17152	Unknown
P17174	Unknown
P17181	8.A.132.1.1;
P17213	1.C.40.1.1;
P17252	Unknown
P17275	Unknown
P17301	Unknown
P17302	1.A.24.1.16;
P17342	Unknown
P17405	Unknown
P17480	Unknown
P17481	Unknown
P17482	Unknown
P17483	Unknown
P17509	Unknown
P17516	Unknown
P17535	Unknown
P17540	Unknown
P17542	Unknown
P17544	Unknown
P17568	Unknown
P17600	Unknown
P17612	Unknown
P17643	9.B.423.1.2;
P17655	Unknown
P17658	1.A.1.2.29;
P17661	Unknown
P17676	Unknown
P17677	1.A.71.2.1;
P17693	Unknown
P17706	8.A.128.1.13;
P17707	Unknown
P17735	Unknown
P17752	Unknown
P17787	1.A.9.1.6;
P17812	Unknown
P17813	Unknown
P17844	Unknown
P17858	Unknown
P17861	Unknown
P17900	Unknown
P17927	Unknown
P17931	9.B.9.1.14;
P17936	Unknown
P17947	Unknown
P17948	Unknown
P17980	Unknown
P17987	Unknown
P18031	Unknown
P18054	Unknown
P18065	Unknown
P18074	Unknown
P18075	Unknown
P18077	Unknown
P18084	Unknown
P18085	Unknown
P18089	Unknown
P18124	Unknown
P18146	Unknown
P18206	Unknown
P18283	Unknown
P18405	Unknown
P18428	1.C.40.1.2;
P18433	Unknown
P18440	Unknown
P18505	Unknown
P18507	1.A.9.5.4;
P18509	Unknown
P18510	Unknown
P18545	Unknown
P18564	Unknown
P18577	1.A.11.4.3;
P18583	3.A.18.1.1;
P18615	Unknown
P18621	Unknown
P18627	Unknown
P18669	Unknown
P18754	Unknown
P18825	Unknown
P18827	9.A.35.1.2;
P18846	Unknown
P18847	Unknown
P18848	Unknown
P18850	Unknown
P18858	Unknown
P18859	3.A.2.1.15;
P18887	Unknown
P19012	Unknown
P19013	Unknown
P19021	Unknown
P19022	Unknown
P19075	Unknown
P19086	Unknown
P19087	Unknown
P19099	Unknown
P19105	Unknown
P19113	Unknown
P19174	Unknown
P19224	Unknown
P19235	8.A.152.1.12;
P19237	Unknown
P19256	Unknown
P19320	Unknown
P19338	Unknown
P19367	Unknown
P19387	Unknown
P19388	Unknown
P19397	8.A.40.1.18;
P19404	Unknown
P19419	Unknown
P19429	Unknown
P19438	Unknown
P19440	Unknown
P19447	Unknown
P19474	Unknown
P19484	Unknown
P19525	Unknown
P19526	Unknown
P19532	Unknown
P19544	Unknown
P19622	Unknown
P19623	Unknown
P19634	2.A.36.1.13;
P19652	Unknown
P19784	Unknown
P19793	Unknown
P19801	Unknown
P19823	Unknown
P19827	Unknown
P19835	Unknown
P19838	Unknown
P19875	Unknown
P19876	Unknown
P19878	Unknown
P19883	Unknown
P19957	Unknown
P19971	Unknown
P20020	3.A.3.2.25;
P20023	Unknown
P20036	Unknown
P20042	Unknown
P20061	Unknown
P20062	Unknown
P20073	Unknown
P20132	Unknown
P20138	Unknown
P20142	8.A.32.1.4;
P20151	Unknown
P20155	Unknown
P20160	Unknown
P20226	Unknown
P20231	Unknown
P20248	Unknown
P20264	Unknown
P20265	Unknown
P20273	Unknown
P20290	Unknown
P20292	Unknown
P20309	Unknown
P20333	Unknown
P20336	Unknown
P20337	Unknown
P20338	Unknown
P20339	Unknown
P20340	Unknown
P20366	Unknown
P20393	Unknown
P20396	Unknown
P20472	Unknown
P20585	Unknown
P20591	Unknown
P20592	1.I.1.1.3;
P20594	8.A.85.1.2;
P20618	Unknown
P20645	9.B.247.1.1;
P20648	3.A.3.1.2;
P20671	Unknown
P20674	3.D.4.11.1;
P20700	Unknown
P20701	8.A.54.1.6;
P20702	Unknown
P20711	Unknown
P20718	Unknown
P20719	Unknown
P20742	Unknown
P20749	Unknown
P20774	Unknown
P20783	Unknown
P20794	Unknown
P20800	Unknown
P20807	Unknown
P20809	Unknown
P20810	Unknown
P20813	Unknown
P20815	Unknown
P20823	Unknown
P20827	Unknown
P20839	Unknown
P20848	Unknown
P20849	Unknown
P20851	Unknown
P20853	Unknown
P20908	Unknown
P20916	Unknown
P20929	Unknown
P20930	Unknown
P20933	Unknown
P20936	Unknown
P20941	Unknown
P20963	8.A.128.7.1;
P21108	Unknown
P21127	Unknown
P21128	Unknown
P21145	1.A.64.2.2;
P21217	Unknown
P21246	Unknown
P21266	Unknown
P21281	3.A.2.2.4;
P21283	3.A.2.2.4;
P21291	Unknown
P21333	8.A.66.1.4;
P21359	Unknown
P21397	Unknown
P21399	Unknown
P21439	3.A.1.201.3;
P21452	Unknown
P21453	9.A.14.2.1;
P21462	Unknown
P21549	Unknown
P21554	9.A.14.2.2;
P21579	1.F.1.1.1;
P21580	Unknown
P21583	Unknown
P21589	Unknown
P21673	Unknown
P21675	Unknown
P21695	Unknown
P21709	Unknown
P21728	Unknown
P21730	9.A.14.13.26;
P21731	Unknown
P21741	Unknown
P21754	Unknown
P21757	Unknown
P21781	Unknown
P21796	Unknown
P21802	Unknown
P21810	Unknown
P21815	Unknown
P21817	1.A.3.1.2;
P21854	Unknown
P21860	8.A.23.1.39;
P21912	3.D.10.1.7;
P21917	Unknown
P21918	Unknown
P21926	8.A.40.1.9;
P21941	Unknown
P21953	Unknown
P21964	Unknown
P21980	Unknown
P22001	1.A.1.2.4;
P22003	Unknown
P22004	Unknown
P22033	Unknown
P22059	Unknown
P22061	Unknown
P22079	Unknown
P22083	Unknown
P22087	Unknown
P22102	Unknown
P22105	Unknown
P22223	Unknown
P22234	Unknown
P22301	Unknown
P22303	Unknown
P22304	Unknown
P22307	Unknown
P22309	Unknown
P22310	Unknown
P22314	Unknown
P22352	Unknown
P22362	Unknown
P22392	Unknown
P22413	Unknown
P22415	Unknown
P22455	8.A.23.1.9;
P22459	1.A.1.2.31;
P22460	1.A.1.2.4;
P22466	Unknown
P22492	Unknown
P22528	Unknown
P22557	Unknown
P22570	Unknown
P22607	Unknown
P22612	Unknown
P22626	Unknown
P22670	Unknown
P22674	Unknown
P22680	Unknown
P22681	Unknown
P22692	Unknown
P22694	Unknown
P22695	Unknown
P22732	2.A.1.1.13;
P22735	Unknown
P22736	Unknown
P22748	Unknown
P22749	1.C.35.3.2;
P22760	Unknown
P22792	Unknown
P22794	Unknown
P22830	Unknown
P22888	Unknown
P22891	Unknown
P22894	Unknown
P22897	Unknown
P22914	Unknown
P23025	Unknown
P23083	Unknown
P23109	Unknown
P23141	Unknown
P23142	Unknown
P23193	Unknown
P23219	Unknown
P23229	8.A.54.1.2;
P23246	Unknown
P23258	Unknown
P23276	Unknown
P23280	Unknown
P23284	Unknown
P23297	8.A.81.1.1;
P23327	Unknown
P23352	Unknown
P23368	Unknown
P23378	Unknown
P23381	Unknown
P23396	Unknown
P23409	Unknown
P23415	1.A.9.3.1;
P23416	1.A.9.3.1;
P23434	Unknown
P23435	Unknown
P23443	Unknown
P23458	Unknown
P23467	Unknown
P23468	Unknown
P23469	Unknown
P23470	Unknown
P23471	Unknown
P23490	Unknown
P23497	Unknown
P23508	Unknown
P23510	Unknown
P23511	Unknown
P23515	Unknown
P23526	Unknown
P23527	Unknown
P23528	Unknown
P23560	Unknown
P23582	1.C.46.1.1;
P23588	Unknown
P23610	Unknown
P23634	3.A.3.2.1;
P23677	Unknown
P23743	Unknown
P23759	Unknown
P23760	Unknown
P23763	1.F.1.1.1;
P23769	Unknown
P23771	Unknown
P23786	Unknown
P23919	Unknown
P23921	Unknown
P23942	8.A.40.1.3;
P23945	9.A.14.1.5;
P23946	Unknown
P23975	2.A.22.1.2;
P24001	Unknown
P24043	Unknown
P24046	1.A.9.5.5;
P24071	Unknown
P24158	Unknown
P24278	Unknown
P24298	Unknown
P24310	3.D.4.11.1;
P24311	Unknown
P24347	Unknown
P24385	1.I.1.1.3;
P24386	Unknown
P24387	Unknown
P24390	9.B.191.1.5;
P24394	8.A.152.1.9;
P24462	Unknown
P24468	Unknown
P24522	Unknown
P24530	Unknown
P24534	Unknown
P24539	3.A.2.1.15;
P24557	Unknown
P24588	8.A.28.1.6;
P24592	Unknown
P24593	Unknown
P24666	Unknown
P24723	Unknown
P24752	Unknown
P24821	Unknown
P24844	Unknown
P24855	Unknown
P24863	Unknown
P24864	Unknown
P24903	Unknown
P24928	Unknown
P24941	Unknown
P25021	Unknown
P25024	Unknown
P25025	Unknown
P25054	Unknown
P25063	Unknown
P25067	Unknown
P25089	Unknown
P25090	9.A.14.13.44;
P25092	8.A.85.1.1;
P25098	Unknown
P25100	Unknown
P25101	Unknown
P25103	Unknown
P25105	9.A.14.13.3;
P25106	Unknown
P25116	9.A.14.13.37;
P25189	8.A.17.2.4;
P25205	Unknown
P25208	Unknown
P25311	Unknown
P25325	Unknown
P25391	Unknown
P25398	Unknown
P25440	Unknown
P25445	Unknown
P25490	Unknown
P25685	Unknown
P25686	Unknown
P25705	3.A.2.1.15;
P25713	Unknown
P25774	Unknown
P25786	Unknown
P25787	Unknown
P25788	Unknown
P25789	Unknown
P25791	Unknown
P25800	Unknown
P25815	Unknown
P25874	2.A.29.3.2;
P25929	Unknown
P25940	Unknown
P25942	Unknown
P25963	Unknown
P26006	Unknown
P26010	Unknown
P26012	Unknown
P26022	Unknown
P26038	Unknown
P26045	Unknown
P26196	Unknown
P26232	Unknown
P26358	Unknown
P26367	Unknown
P26368	Unknown
P26371	Unknown
P26373	Unknown
P26374	Unknown
P26378	Unknown
P26436	Unknown
P26439	Unknown
P26440	Unknown
P26441	Unknown
P26447	Unknown
P26572	Unknown
P26583	Unknown
P26599	Unknown
P26639	Unknown
P26640	Unknown
P26641	Unknown
P26651	Unknown
P26678	1.A.50.1.1;
P26715	Unknown
P26717	Unknown
P26718	1.C.111.1.13;
P26842	Unknown
P26885	Unknown
P26927	Unknown
P26951	Unknown
P26992	8.A.152.2.1;
P26998	Unknown
P27037	Unknown
P27105	8.A.21.1.1;
P27144	Unknown
P27169	1.A.6.2.6;
P27216	Unknown
P27338	Unknown
P27348	8.A.98.1.9;
P27352	Unknown
P27361	Unknown
P27448	Unknown
P27449	Unknown
P27469	Unknown
P27482	Unknown
P27487	8.A.51.1.5;
P27539	Unknown
P27540	Unknown
P27544	Unknown
P27635	Unknown
P27658	Unknown
P27694	Unknown
P27695	Unknown
P27701	Unknown
P27707	Unknown
P27708	Unknown
P27797	8.A.165.1.2;
P27815	Unknown
P27816	Unknown
P27824	8.A.165.1.1;
P27918	Unknown
P27930	Unknown
P27986	Unknown
P27987	Unknown
P28039	Unknown
P28062	Unknown
P28065	Unknown
P28066	Unknown
P28067	Unknown
P28068	Unknown
P28069	Unknown
P28070	Unknown
P28072	Unknown
P28074	Unknown
P28161	Unknown
P28221	Unknown
P28222	9.A.14.3.6;
P28223	9.A.14.3.17;
P28288	3.A.1.203.1;
P28289	Unknown
P28290	Unknown
P28300	Unknown
P28324	Unknown
P28325	Unknown
P28328	3.A.20.1.1;
P28329	Unknown
P28330	Unknown
P28331	Unknown
P28332	Unknown
P28335	Unknown
P28336	Unknown
P28340	Unknown
P28347	Unknown
P28356	Unknown
P28358	Unknown
P28360	Unknown
P28370	Unknown
P28472	1.A.9.5.4;
P28476	Unknown
P28482	Unknown
P28562	Unknown
P28566	Unknown
P28676	Unknown
P28698	Unknown
P28702	Unknown
P28715	Unknown
P28749	Unknown
P28799	Unknown
P28827	Unknown
P28838	Unknown
P28845	Unknown
P28906	Unknown
P28907	Unknown
P28908	Unknown
P29016	Unknown
P29017	Unknown
P29033	1.A.24.1.3;
P29034	Unknown
P29074	Unknown
P29083	Unknown
P29084	Unknown
P29120	Unknown
P29122	Unknown
P29144	Unknown
P29218	Unknown
P29274	9.A.14.3.8;
P29275	Unknown
P29279	8.A.87.1.47;
P29317	Unknown
P29320	Unknown
P29322	Unknown
P29323	Unknown
P29350	Unknown
P29353	Unknown
P29371	Unknown
P29372	Unknown
P29373	Unknown
P29374	Unknown
P29375	Unknown
P29376	Unknown
P29400	Unknown
P29401	Unknown
P29459	Unknown
P29460	Unknown
P29466	Unknown
P29474	Unknown
P29475	8.A.24.2.4;
P29508	Unknown
P29536	Unknown
P29558	Unknown
P29590	Unknown
P29597	Unknown
P29622	Unknown
P29692	Unknown
P29728	Unknown
P29803	Unknown
P29965	Unknown
P29966	Unknown
P29972	1.A.8.8.1;
P29973	1.A.1.5.3;
P29992	8.A.92.1.5;
P30038	Unknown
P30039	Unknown
P30040	Unknown
P30041	8.A.147.1.3;
P30043	Unknown
P30044	Unknown
P30046	Unknown
P30047	Unknown
P30048	Unknown
P30049	3.A.2.1.15;
P30050	Unknown
P30084	Unknown
P30085	Unknown
P30086	Unknown
P30101	8.A.88.2.7;
P30153	Unknown
P30154	Unknown
P30203	Unknown
P30260	Unknown
P30273	Unknown
P30279	Unknown
P30281	Unknown
P30291	Unknown
P30301	Unknown
P30304	Unknown
P30305	Unknown
P30307	Unknown
P30405	1.A.129.1.1;
P30411	9.A.14.13.27;
P30414	Unknown
P30419	Unknown
P30511	Unknown
P30518	9.A.14.10.3;
P30519	Unknown
P30520	Unknown
P30530	Unknown
P30531	2.A.22.3.2;
P30532	Unknown
P30533	Unknown
P30536	9.A.24.1.1;
P30542	9.A.14.3.4;
P30550	Unknown
P30556	9.A.14.13.1;
P30559	9.A.14.10.4;
P30566	Unknown
P30613	Unknown
P30622	Unknown
P30626	Unknown
P30679	Unknown
P30711	Unknown
P30740	Unknown
P30793	Unknown
P30825	2.A.3.3.9;
P30837	Unknown
P30838	Unknown
P30872	9.A.14.13.36;
P30874	Unknown
P30876	Unknown
P30926	Unknown
P30939	Unknown
P30968	9.A.14.10.1;
P30988	9.A.14.4.1;
P30989	9.A.14.1.14;
P30990	Unknown
P31025	Unknown
P31040	3.D.10.1.7;
P31146	Unknown
P31150	Unknown
P31151	Unknown
P31152	Unknown
P31153	Unknown
P31213	2.A.90.3.6;
P31249	Unknown
P31260	Unknown
P31268	Unknown
P31269	Unknown
P31270	Unknown
P31271	Unknown
P31273	Unknown
P31274	Unknown
P31276	Unknown
P31314	Unknown
P31321	Unknown
P31323	Unknown
P31327	Unknown
P31350	Unknown
P31358	Unknown
P31371	Unknown
P31391	Unknown
P31415	8.A.88.1.1;
P31431	9.A.35.1.1;
P31483	Unknown
P31512	Unknown
P31513	Unknown
P31629	Unknown
P31639	2.A.1.7.26;2.A.21.3.16;
P31641	2.A.22.3.3;
P31644	1.A.9.5.15;
P31645	2.A.22.1.1;
P31689	Unknown
P31749	8.A.104.1.10;
P31751	Unknown
P31785	Unknown
P31930	Unknown
P31937	Unknown
P31939	Unknown
P31941	Unknown
P31942	Unknown
P31943	Unknown
P31944	Unknown
P31946	Unknown
P31947	Unknown
P31948	Unknown
P31949	Unknown
P31994	Unknown
P31995	Unknown
P31997	Unknown
P32004	8.A.23.1.62;
P32019	Unknown
P32119	Unknown
P32121	8.A.136.1.2;
P32189	Unknown
P32238	Unknown
P32239	Unknown
P32241	9.A.14.4.9;
P32242	Unknown
P32243	Unknown
P32245	9.A.14.2.3;
P32246	Unknown
P32247	Unknown
P32248	Unknown
P32249	9.A.14.13.40;
P32297	Unknown
P32298	Unknown
P32302	Unknown
P32320	Unknown
P32321	Unknown
P32322	Unknown
P32418	2.A.19.3.4;
P32455	Unknown
P32456	Unknown
P32519	Unknown
P32745	9.A.14.13.23;
P32754	Unknown
P32780	Unknown
P32856	Unknown
P32881	Unknown
P32926	8.A.204.1.7;
P32927	Unknown
P32929	Unknown
P32942	Unknown
P32969	Unknown
P32970	Unknown
P32971	Unknown
P33032	Unknown
P33076	Unknown
P33121	Unknown
P33151	Unknown
P33176	1.P.1.1.1;
P33240	Unknown
P33241	Unknown
P33260	Unknown
P33261	Unknown
P33316	Unknown
P33402	Unknown
P33527	3.A.1.208.8;
P33681	Unknown
P33763	Unknown
P33764	Unknown
P33778	Unknown
P33897	3.A.1.203.3;
P33908	Unknown
P33947	Unknown
P33981	Unknown
P33991	Unknown
P33992	Unknown
P33993	Unknown
P34059	Unknown
P34096	Unknown
P34130	Unknown
P34741	Unknown
P34810	Unknown
P34896	Unknown
P34897	Unknown
P34903	1.A.9.5.7;
P34910	Unknown
P34913	Unknown
P34925	Unknown
P34931	Unknown
P34932	Unknown
P34947	Unknown
P34949	Unknown
P34969	Unknown
P34972	9.A.14.2.6;
P34981	9.A.14.1.4;
P34982	Unknown
P34995	9.A.14.9.1;
P34998	9.A.14.4.3;
P35030	Unknown
P35052	Unknown
P35070	Unknown
P35080	Unknown
P35125	Unknown
P35212	1.A.24.1.6;
P35218	Unknown
P35219	Unknown
P35221	Unknown
P35222	Unknown
P35225	Unknown
P35226	Unknown
P35227	Unknown
P35228	Unknown
P35232	8.A.21.2.8;
P35236	Unknown
P35237	Unknown
P35240	Unknown
P35241	Unknown
P35243	8.A.82.2.7;
P35244	Unknown
P35247	Unknown
P35249	Unknown
P35250	Unknown
P35251	Unknown
P35268	Unknown
P35269	Unknown
P35270	Unknown
P35318	Unknown
P35321	Unknown
P35326	Unknown
P35346	Unknown
P35348	Unknown
P35354	Unknown
P35367	Unknown
P35368	Unknown
P35372	9.A.14.13.18;
P35398	Unknown
P35408	Unknown
P35414	9.A.14.13.10;
P35442	Unknown
P35443	Unknown
P35452	Unknown
P35453	Unknown
P35462	9.A.14.3.9;
P35475	Unknown
P35498	1.A.1.10.7;
P35499	1.A.1.10.4;
P35503	Unknown
P35504	Unknown
P35520	Unknown
P35523	2.A.49.2.1;
P35527	Unknown
P35548	Unknown
P35555	Unknown
P35556	Unknown
P35557	Unknown
P35558	Unknown
P35568	Unknown
P35573	Unknown
P35575	Unknown
P35579	Unknown
P35580	Unknown
P35590	Unknown
P35606	Unknown
P35609	8.A.66.1.3;
P35610	Unknown
P35611	Unknown
P35612	Unknown
P35613	8.A.23.1.1;
P35625	Unknown
P35626	Unknown
P35637	Unknown
P35638	Unknown
P35658	1.I.1.1.3;
P35659	Unknown
P35663	Unknown
P35670	3.A.3.5.3;
P35680	Unknown
P35711	Unknown
P35712	Unknown
P35713	Unknown
P35716	Unknown
P35749	Unknown
P35754	Unknown
P35789	Unknown
P35790	Unknown
P35813	Unknown
P35858	Unknown
P35869	Unknown
P35900	Unknown
P35908	Unknown
P35913	Unknown
P35914	Unknown
P35916	8.A.23.1.43;
P35968	Unknown
P35998	Unknown
P36021	2.A.1.13.10;
P36222	Unknown
P36268	Unknown
P36269	Unknown
P36382	1.A.24.1.15;
P36383	1.A.24.2.4;
P36402	Unknown
P36404	Unknown
P36405	Unknown
P36406	Unknown
P36507	Unknown
P36508	Unknown
P36542	3.A.2.1.15;
P36543	3.A.2.2.4;
P36544	1.A.9.1.7;
P36551	Unknown
P36575	Unknown
P36578	Unknown
P36639	Unknown
P36776	Unknown
P36871	Unknown
P36873	Unknown
P36888	Unknown
P36894	Unknown
P36896	Unknown
P36897	Unknown
P36941	Unknown
P36952	Unknown
P36954	Unknown
P36955	Unknown
P36956	Unknown
P36957	Unknown
P36959	Unknown
P36969	Unknown
P36980	Unknown
P37023	Unknown
P37058	Unknown
P37059	Unknown
P37088	1.A.6.1.1;
P37108	3.A.5.9.1;
P37173	Unknown
P37198	1.I.1.1.3;
P37231	Unknown
P37235	Unknown
P37268	Unknown
P37275	Unknown
P37287	Unknown
P37288	Unknown
P37802	Unknown
P37837	Unknown
P37840	1.C.77.1.1;
P38117	Unknown
P38159	Unknown
P38398	Unknown
P38405	Unknown
P38432	Unknown
P38435	Unknown
P38484	Unknown
P38567	Unknown
P38570	Unknown
P38571	Unknown
P38606	3.A.2.2.4;
P38646	Unknown
P38919	3.A.18.1.1;
P38935	Unknown
P38936	Unknown
P39019	Unknown
P39023	Unknown
P39059	Unknown
P39060	Unknown
P39086	Unknown
P39210	1.A.126.1.1;
P39656	9.B.142.3.17;
P39687	Unknown
P39748	Unknown
P39877	Unknown
P39880	Unknown
P39900	Unknown
P39905	Unknown
P40121	Unknown
P40123	Unknown
P40126	9.B.423.1.3;
P40145	8.A.85.1.9;
P40189	Unknown
P40197	Unknown
P40198	Unknown
P40199	Unknown
P40200	Unknown
P40205	Unknown
P40222	Unknown
P40225	Unknown
P40227	Unknown
P40238	Unknown
P40259	Unknown
P40261	Unknown
P40305	Unknown
P40306	Unknown
P40337	Unknown
P40394	Unknown
P40424	Unknown
P40425	Unknown
P40426	Unknown
P40429	Unknown
P40616	Unknown
P40617	Unknown
P40692	Unknown
P40763	Unknown
P40818	Unknown
P40855	9.A.17.1.2;
P40879	2.A.53.2.18;
P40925	Unknown
P40926	Unknown
P40933	Unknown
P40937	Unknown
P40938	Unknown
P40939	Unknown
P40967	Unknown
P41002	Unknown
P41091	Unknown
P41134	Unknown
P41143	Unknown
P41145	9.A.14.13.32;
P41146	Unknown
P41159	Unknown
P41161	Unknown
P41162	Unknown
P41180	9.A.14.7.2;
P41181	1.A.8.8.8;
P41182	Unknown
P41208	Unknown
P41212	Unknown
P41214	Unknown
P41217	Unknown
P41218	Unknown
P41219	Unknown
P41220	Unknown
P41221	Unknown
P41222	1.C.3.5.1;
P41223	Unknown
P41225	Unknown
P41226	Unknown
P41227	Unknown
P41229	Unknown
P41231	9.A.14.13.16;
P41235	Unknown
P41236	Unknown
P41238	Unknown
P41240	Unknown
P41247	Unknown
P41250	Unknown
P41252	Unknown
P41271	Unknown
P41273	Unknown
P41279	Unknown
P41439	Unknown
P41440	2.A.48.1.1;
P41567	Unknown
P41586	9.A.14.4.8;
P41587	Unknown
P41594	9.A.14.7.8;
P41595	9.A.14.3.7;
P41597	Unknown
P41732	8.A.40.1.2;
P41743	Unknown
P41968	Unknown
P41970	Unknown
P42025	Unknown
P42081	Unknown
P42126	Unknown
P42127	Unknown
P42166	Unknown
P42167	Unknown
P42224	Unknown
P42226	Unknown
P42229	Unknown
P42261	1.A.10.1.23;
P42262	1.A.10.1.13;
P42263	1.A.10.1.4;
P42285	Unknown
P42330	Unknown
P42331	Unknown
P42336	Unknown
P42338	Unknown
P42345	Unknown
P42356	Unknown
P42357	Unknown
P42566	Unknown
P42568	Unknown
P42574	8.A.217.1.1;
P42575	Unknown
P42658	8.A.51.1.1;
P42677	Unknown
P42679	Unknown
P42680	Unknown
P42681	Unknown
P42684	Unknown
P42685	Unknown
P42694	Unknown
P42695	Unknown
P42701	Unknown
P42702	Unknown
P42704	Unknown
P42765	Unknown
P42766	Unknown
P42768	Unknown
P42771	Unknown
P42772	Unknown
P42773	Unknown
P42785	Unknown
P42830	Unknown
P42857	Unknown
P42858	8.A.222.1.1;
P42892	Unknown
P42898	Unknown
P43003	2.A.23.2.6;
P43004	2.A.23.2.7;
P43005	2.A.23.2.3;
P43007	2.A.23.3.1;
P43026	Unknown
P43034	Unknown
P43080	Unknown
P43088	Unknown
P43115	9.A.14.9.2;
P43116	Unknown
P43119	Unknown
P43121	8.A.23.1.64;
P43146	Unknown
P43155	4.C.2.1.1;
P43166	Unknown
P43220	9.A.14.4.6;
P43234	Unknown
P43235	Unknown
P43243	Unknown
P43246	Unknown
P43250	Unknown
P43251	Unknown
P43268	Unknown
P43304	Unknown
P43307	3.A.5.9.1;
P43308	8.A.191.1.1;
P43320	Unknown
P43351	Unknown
P43353	Unknown
P43354	Unknown
P43355	Unknown
P43356	Unknown
P43357	Unknown
P43358	Unknown
P43360	Unknown
P43361	Unknown
P43364	Unknown
P43365	Unknown
P43378	Unknown
P43403	Unknown
P43405	Unknown
P43487	Unknown
P43489	Unknown
P43490	Unknown
P43626	Unknown
P43628	Unknown
P43629	Unknown
P43630	Unknown
P43631	Unknown
P43632	Unknown
P43652	Unknown
P43657	Unknown
P43681	1.A.9.1.6;
P43686	Unknown
P43694	Unknown
P43699	Unknown
P43897	Unknown
P45378	Unknown
P45379	Unknown
P45381	Unknown
P45452	Unknown
P45844	3.A.1.204.12;
P45877	Unknown
P45880	1.B.8.1.12;
P45954	Unknown
P45973	Unknown
P45974	Unknown
P45983	Unknown
P45984	Unknown
P45985	Unknown
P46013	Unknown
P46019	Unknown
P46020	Unknown
P46059	2.A.17.4.9;
P46060	1.I.1.1.3;
P46063	Unknown
P46087	Unknown
P46089	9.A.14.2.7;
P46091	Unknown
P46092	Unknown
P46093	9.A.14.13.45;
P46094	Unknown
P46095	Unknown
P46098	1.A.9.2.1;
P46100	Unknown
P46108	Unknown
P46109	Unknown
P46199	Unknown
P46379	Unknown
P46439	Unknown
P46459	1.F.1.1.1;
P46527	Unknown
P46531	9.B.87.1.12;
P46597	Unknown
P46663	Unknown
P46695	Unknown
P46721	2.A.60.1.14;
P46734	Unknown
P46736	Unknown
P46776	Unknown
P46777	Unknown
P46778	Unknown
P46779	Unknown
P46781	Unknown
P46782	Unknown
P46783	Unknown
P46821	Unknown
P46926	Unknown
P46934	8.A.30.1.2;
P46937	Unknown
P46939	Unknown
P46940	Unknown
P46952	Unknown
P46976	Unknown
P46977	9.B.142.3.17;9.B.142.3.4;
P47211	Unknown
P47224	Unknown
P47710	Unknown
P47712	Unknown
P47736	Unknown
P47755	Unknown
P47756	Unknown
P47775	Unknown
P47804	Unknown
P47813	Unknown
P47869	1.A.9.5.2;
P47870	1.A.9.5.2;
P47871	9.A.14.4.13;
P47872	9.A.14.4.10;
P47895	Unknown
P47897	Unknown
P47898	Unknown
P47900	9.A.14.13.22;
P47901	9.A.14.10.2;
P47902	Unknown
P47914	Unknown
P47928	Unknown
P47929	Unknown
P47974	Unknown
P47985	Unknown
P47989	Unknown
P47992	Unknown
P48023	8.A.177.1.1;
P48029	2.A.22.3.11;
P48039	9.A.14.1.3;
P48047	3.A.2.1.15;
P48048	1.A.2.1.1;
P48050	1.A.2.1.18;
P48051	1.A.2.1.10;
P48052	Unknown
P48058	Unknown
P48059	Unknown
P48061	Unknown
P48065	2.A.22.3.1;
P48066	2.A.22.3.9;
P48067	2.A.22.2.12;
P48145	Unknown
P48146	9.A.14.13.13;
P48147	Unknown
P48163	Unknown
P48165	1.A.24.1.5;
P48167	1.A.9.3.1;
P48169	1.A.9.5.17;
P48200	Unknown
P48201	3.A.2.1.15;
P48230	8.A.75.1.1;
P48304	Unknown
P48307	Unknown
P48357	Unknown
P48378	Unknown
P48380	Unknown
P48382	Unknown
P48426	Unknown
P48431	Unknown
P48436	Unknown
P48443	Unknown
P48444	Unknown
P48448	Unknown
P48449	Unknown
P48454	Unknown
P48506	Unknown
P48507	Unknown
P48509	8.A.40.1.15;
P48539	Unknown
P48544	1.A.2.1.3;
P48546	9.A.14.4.5;
P48547	1.A.1.2.24;
P48549	1.A.2.1.12;
P48551	Unknown
P48552	Unknown
P48553	Unknown
P48556	Unknown
P48594	Unknown
P48595	Unknown
P48634	Unknown
P48637	Unknown
P48643	Unknown
P48645	Unknown
P48651	Unknown
P48664	2.A.23.2.8;
P48668	Unknown
P48681	Unknown
P48723	Unknown
P48728	Unknown
P48729	Unknown
P48730	Unknown
P48735	Unknown
P48736	Unknown
P48739	Unknown
P48740	Unknown
P48742	Unknown
P48745	8.A.87.1.6;
P48751	2.A.31.1.3;
P48764	2.A.36.1.15;
P48775	Unknown
P48788	Unknown
P48960	9.A.14.6.2;
P48995	1.A.4.1.3;
P49005	Unknown
P49006	Unknown
P49019	9.A.14.13.43;
P49023	Unknown
P49069	3.A.19.1.1;
P49116	Unknown
P49137	Unknown
P49146	9.A.14.13.33;
P49184	Unknown
P49189	Unknown
P49190	Unknown
P49207	Unknown
P49221	Unknown
P49238	Unknown
P49247	Unknown
P49257	9.B.417.1.1;
P49279	2.A.55.2.3;
P49281	2.A.55.2.1;
P49286	Unknown
P49321	Unknown
P49326	Unknown
P49327	Unknown
P49335	Unknown
P49336	Unknown
P49354	Unknown
P49356	Unknown
P49366	Unknown
P49368	Unknown
P49407	8.A.136.1.1;
P49411	Unknown
P49418	Unknown
P49419	Unknown
P49427	Unknown
P49447	5.B.2.1.4;
P49448	Unknown
P49450	Unknown
P49454	Unknown
P49458	3.A.5.9.1;
P49459	Unknown
P49585	Unknown
P49588	Unknown
P49589	Unknown
P49590	Unknown
P49591	Unknown
P49593	Unknown
P49619	Unknown
P49638	Unknown
P49639	Unknown
P49640	Unknown
P49641	Unknown
P49642	Unknown
P49643	Unknown
P49662	Unknown
P49674	Unknown
P49675	Unknown
P49682	Unknown
P49683	Unknown
P49685	Unknown
P49703	Unknown
P49711	Unknown
P49715	Unknown
P49716	Unknown
P49720	Unknown
P49721	Unknown
P49736	Unknown
P49746	Unknown
P49747	Unknown
P49748	Unknown
P49753	Unknown
P49754	Unknown
P49755	9.B.188.1.4;
P49756	Unknown
P49757	Unknown
P49758	Unknown
P49759	Unknown
P49760	Unknown
P49761	Unknown
P49763	Unknown
P49765	8.A.245.1.2;
P49767	8.A.245.1.3;
P49768	1.A.54.1.1;
P49770	Unknown
P49771	Unknown
P49773	Unknown
P49788	Unknown
P49789	Unknown
P49790	1.I.1.1.3;
P49792	1.I.1.1.3;
P49795	Unknown
P49796	Unknown
P49798	Unknown
P49802	Unknown
P49810	1.A.54.1.2;
P49815	Unknown
P49821	Unknown
P49840	Unknown
P49841	Unknown
P49842	Unknown
P49848	Unknown
P49862	Unknown
P49863	Unknown
P49888	Unknown
P49895	Unknown
P49901	Unknown
P49902	Unknown
P49903	Unknown
P49908	9.B.87.1.45;
P49910	Unknown
P49913	1.C.33.1.10;
P49914	Unknown
P49915	Unknown
P49916	Unknown
P49917	Unknown
P49918	Unknown
P49959	Unknown
P49961	Unknown
P50052	9.A.14.13.41;
P50053	Unknown
P50135	Unknown
P50148	Unknown
P50150	Unknown
P50151	Unknown
P50213	Unknown
P50219	Unknown
P50221	Unknown
P50222	Unknown
P50225	Unknown
P50226	Unknown
P50238	Unknown
P50281	8.B.14.2.3;
P50336	Unknown
P50391	Unknown
P50395	Unknown
P50402	Unknown
P50406	Unknown
P50416	4.C.2.1.3;
P50440	Unknown
P50443	2.A.53.2.1;
P50452	Unknown
P50453	Unknown
P50454	Unknown
P50458	Unknown
P50461	Unknown
P50479	Unknown
P50502	Unknown
P50539	Unknown
P50542	Unknown
P50548	Unknown
P50549	Unknown
P50552	Unknown
P50553	Unknown
P50570	1.R.1.1.1;8.A.34.1.4;
P50579	Unknown
P50583	Unknown
P50591	8.A.177.1.9;
P50607	Unknown
P50613	Unknown
P50616	Unknown
P50747	Unknown
P50748	Unknown
P50749	Unknown
P50750	Unknown
P50851	Unknown
P50876	Unknown
P50895	Unknown
P50897	Unknown
P50914	Unknown
P50990	Unknown
P50991	3.A.33.1.1;
P50993	3.A.3.1.1;
P50995	3.A.5.9.1;
P51003	Unknown
P51114	Unknown
P51116	Unknown
P51124	Unknown
P51148	Unknown
P51149	8.A.248.1.2;9.A.3.1.1;
P51151	Unknown
P51153	Unknown
P51157	Unknown
P51159	Unknown
P51160	Unknown
P51161	Unknown
P51164	3.A.3.1.2;
P51168	1.A.6.1.1;
P51170	1.A.6.1.1;
P51172	1.A.6.1.1;
P51178	Unknown
P51397	Unknown
P51398	Unknown
P51449	Unknown
P51451	Unknown
P51452	Unknown
P51460	Unknown
P51511	Unknown
P51512	Unknown
P51513	Unknown
P51530	Unknown
P51531	Unknown
P51532	Unknown
P51553	Unknown
P51570	Unknown
P51571	Unknown
P51572	3.A.5.9.1;
P51575	Unknown
P51580	Unknown
P51582	Unknown
P51587	Unknown
P51589	Unknown
P51606	Unknown
P51608	Unknown
P51610	Unknown
P51617	Unknown
P51636	8.A.104.1.11;
P51648	Unknown
P51649	Unknown
P51654	Unknown
P51659	Unknown
P51665	Unknown
P51668	Unknown
P51671	Unknown
P51674	Unknown
P51677	Unknown
P51679	Unknown
P51681	Unknown
P51684	Unknown
P51685	Unknown
P51686	Unknown
P51687	Unknown
P51688	Unknown
P51690	Unknown
P51692	Unknown
P51693	Unknown
P51784	Unknown
P51787	1.A.1.15.6;
P51788	2.A.49.2.12;
P51790	Unknown
P51793	2.A.49.2.8;
P51795	2.A.49.2.16;
P51797	Unknown
P51798	2.A.49.3.3;
P51800	Unknown
P51801	2.A.49.2.15;
P51805	Unknown
P51808	Unknown
P51809	Unknown
P51810	9.A.14.20.1;
P51811	2.A.112.1.1;
P51812	Unknown
P51813	Unknown
P51814	Unknown
P51816	Unknown
P51817	Unknown
P51825	Unknown
P51826	Unknown
P51828	Unknown
P51841	Unknown
P51843	Unknown
P51854	Unknown
P51857	Unknown
P51858	Unknown
P51864	Unknown
P51878	Unknown
P51884	Unknown
P51888	Unknown
P51911	Unknown
P51946	Unknown
P51948	Unknown
P51955	Unknown
P51956	Unknown
P51957	Unknown
P51959	Unknown
P51965	Unknown
P51970	Unknown
P51991	Unknown
P51993	Unknown
P52179	Unknown
P52198	Unknown
P52209	Unknown
P52272	Unknown
P52292	1.I.1.1.3;
P52294	1.I.1.1.3;
P52298	9.A.60.1.1;
P52306	Unknown
P52333	Unknown
P52429	Unknown
P52434	Unknown
P52435	Unknown
P52564	Unknown
P52565	Unknown
P52566	Unknown
P52569	2.A.3.3.8;
P52594	Unknown
P52597	Unknown
P52630	Unknown
P52655	Unknown
P52657	Unknown
P52701	Unknown
P52732	Unknown
P52735	1.F.3.1.4;
P52736	Unknown
P52738	Unknown
P52739	Unknown
P52742	Unknown
P52744	Unknown
P52747	Unknown
P52756	Unknown
P52757	Unknown
P52758	Unknown
P52788	Unknown
P52789	Unknown
P52790	Unknown
P52797	Unknown
P52798	Unknown
P52799	Unknown
P52803	Unknown
P52815	Unknown
P52823	Unknown
P52824	Unknown
P52848	Unknown
P52849	Unknown
P52888	Unknown
P52895	Unknown
P52907	Unknown
P52926	Unknown
P52945	Unknown
P52948	1.I.1.1.3;
P52951	Unknown
P52952	Unknown
P52954	Unknown
P52961	Unknown
P53004	Unknown
P53007	2.A.29.7.2;
P53041	Unknown
P53350	Unknown
P53355	8.A.104.1.15;
P53365	Unknown
P53367	Unknown
P53370	Unknown
P53384	Unknown
P53396	Unknown
P53420	Unknown
P53539	Unknown
P53567	Unknown
P53582	Unknown
P53597	Unknown
P53602	Unknown
P53609	Unknown
P53611	Unknown
P53618	Unknown
P53621	Unknown
P53634	Unknown
P53667	Unknown
P53671	Unknown
P53672	Unknown
P53673	Unknown
P53674	Unknown
P53675	8.A.137.1.2;
P53677	Unknown
P53680	9.B.278.1.4;
P53701	Unknown
P53708	Unknown
P53778	Unknown
P53779	Unknown
P53794	2.A.21.3.14;
P53801	Unknown
P53803	Unknown
P53804	Unknown
P53805	Unknown
P53814	Unknown
P53816	Unknown
P53985	2.A.1.13.1;
P53990	Unknown
P53992	Unknown
P53999	Unknown
P54098	Unknown
P54105	1.A.47.1.1;
P54107	Unknown
P54108	Unknown
P54132	Unknown
P54136	Unknown
P54198	Unknown
P54219	2.A.1.2.12;
P54252	Unknown
P54253	Unknown
P54257	Unknown
P54259	Unknown
P54274	Unknown
P54277	Unknown
P54278	Unknown
P54284	8.A.22.1.3;
P54289	8.A.18.1.1;
P54296	Unknown
P54315	Unknown
P54317	Unknown
P54368	Unknown
P54577	Unknown
P54578	Unknown
P54619	Unknown
P54646	8.A.104.1.1;
P54652	Unknown
P54687	Unknown
P54707	3.A.3.1.13;
P54709	3.A.3.1.1;
P54710	1.A.27.2.1;
P54725	Unknown
P54727	Unknown
P54750	Unknown
P54753	Unknown
P54756	Unknown
P54760	8.A.23.1.15;
P54762	Unknown
P54764	Unknown
P54802	Unknown
P54803	Unknown
P54819	Unknown
P54821	Unknown
P54826	Unknown
P54829	Unknown
P54840	Unknown
P54845	Unknown
P54849	Unknown
P54851	Unknown
P54852	Unknown
P54855	Unknown
P54868	Unknown
P54886	Unknown
P54920	Unknown
P54922	Unknown
P55000	8.A.31.1.3;
P55001	Unknown
P55008	Unknown
P55010	Unknown
P55011	2.A.30.1.4;
P55017	2.A.30.1.12;
P55036	Unknown
P55039	Unknown
P55040	Unknown
P55042	Unknown
P55055	Unknown
P55056	Unknown
P55058	1.C.40.1.4;
P55060	1.I.1.1.3;
P55061	1.A.14.1.1;
P55064	1.A.8.8.9;
P55072	3.A.16.1.1;
P55073	Unknown
P55075	Unknown
P55081	Unknown
P55083	Unknown
P55084	Unknown
P55085	9.A.14.13.12;
P55087	1.A.8.8.5;
P55089	Unknown
P55107	Unknown
P55145	Unknown
P55157	Unknown
P55160	Unknown
P55196	Unknown
P55197	Unknown
P55198	Unknown
P55199	Unknown
P55201	Unknown
P55209	Unknown
P55210	8.A.217.1.1;
P55211	8.A.217.1.1;
P55212	Unknown
P55259	Unknown
P55263	Unknown
P55265	Unknown
P55268	Unknown
P55273	Unknown
P55283	Unknown
P55285	Unknown
P55286	Unknown
P55287	Unknown
P55289	Unknown
P55290	Unknown
P55291	Unknown
P55316	Unknown
P55317	Unknown
P55318	Unknown
P55327	Unknown
P55344	Unknown
P55345	Unknown
P55347	Unknown
P55735	1.I.1.1.3;
P55769	Unknown
P55771	Unknown
P55773	Unknown
P55774	Unknown
P55786	Unknown
P55789	Unknown
P55795	Unknown
P55809	Unknown
P55851	2.A.29.3.4;
P55854	Unknown
P55884	Unknown
P55895	Unknown
P55899	9.A.75.1.4;
P55916	2.A.29.3.5;
P55957	Unknown
P56134	3.A.2.1.15;
P56159	Unknown
P56177	Unknown
P56178	Unknown
P56179	Unknown
P56180	Unknown
P56181	Unknown
P56182	Unknown
P56192	Unknown
P56199	8.A.54.1.1;
P56202	Unknown
P56211	Unknown
P56270	Unknown
P56279	Unknown
P56282	Unknown
P56373	1.A.7.1.6;
P56377	Unknown
P56378	Unknown
P56381	Unknown
P56385	3.A.2.1.15;
P56470	Unknown
P56524	Unknown
P56537	Unknown
P56539	1.F.1.2.1;8.A.26.1.7;
P56545	Unknown
P56556	Unknown
P56557	9.B.199.1.2;
P56559	Unknown
P56589	9.A.17.1.2;
P56597	Unknown
P56645	Unknown
P56693	Unknown
P56696	1.A.1.15.4;
P56703	Unknown
P56704	Unknown
P56705	Unknown
P56706	Unknown
P56715	9.B.449.1.1;
P56730	Unknown
P56746	1.H.1.1.9;
P56747	Unknown
P56748	1.H.1.1.7;
P56750	1.H.1.1.13;
P56817	8.A.32.1.1;
P56851	Unknown
P56856	Unknown
P56880	Unknown
P56915	Unknown
P56937	Unknown
P56945	Unknown
P56962	8.A.91.1.11;
P56975	Unknown
P57052	Unknown
P57053	Unknown
P57054	Unknown
P57055	Unknown
P57057	2.A.1.4.7;
P57059	8.A.104.1.14;
P57071	Unknown
P57073	Unknown
P57075	Unknown
P57076	Unknown
P57078	Unknown
P57081	Unknown
P57082	Unknown
P57086	Unknown
P57087	Unknown
P57088	8.A.124.1.3;
P57103	2.A.19.3.3;
P57105	8.A.24.1.5;
P57678	Unknown
P57679	Unknown
P57682	Unknown
P57721	Unknown
P57727	8.A.131.1.1;
P57729	Unknown
P57730	Unknown
P57735	Unknown
P57737	Unknown
P57738	Unknown
P57739	Unknown
P57740	1.I.1.1.3;
P57764	1.C.123.1.1;
P57768	3.A.34.1.1;
P57771	Unknown
P57772	Unknown
P57789	Unknown
P57796	Unknown
P58004	Unknown
P58005	Unknown
P58012	Unknown
P58107	Unknown
P58215	Unknown
P58304	Unknown
P58335	Unknown
P58340	Unknown
P58397	Unknown
P58400	Unknown
P58401	Unknown
P58418	9.A.46.1.1;
P58499	Unknown
P58546	Unknown
P58743	2.A.53.2.19;
P58753	8.A.43.1.22;
P58876	Unknown
P59044	Unknown
P59046	Unknown
P59047	Unknown
P59103	Unknown
P59190	Unknown
P59510	Unknown
P59542	9.A.14.17.1;
P59665	1.C.19.1.1;
P59666	Unknown
P59768	Unknown
P59773	Unknown
P59780	Unknown
P59817	Unknown
P59827	Unknown
P59901	Unknown
P59910	Unknown
P59923	Unknown
P59942	Unknown
P59990	Unknown
P59991	Unknown
P59998	Unknown
P60002	Unknown
P60006	Unknown
P60008	Unknown
P60014	Unknown
P60022	1.C.85.1.1;
P60033	8.A.40.1.1;
P60059	3.A.5.9.1;
P60174	Unknown
P60201	9.B.38.1.4;
P60228	Unknown
P60321	Unknown
P60323	Unknown
P60328	Unknown
P60329	Unknown
P60368	Unknown
P60370	Unknown
P60371	Unknown
P60372	Unknown
P60409	Unknown
P60410	Unknown
P60411	Unknown
P60412	Unknown
P60468	1.A.156.1.1;3.A.5.9.1;
P60484	1.A.51.2.4;
P60507	Unknown
P60508	1.G.9.1.2;
P60510	Unknown
P60520	Unknown
P60568	Unknown
P60602	1.A.111.1.1;
P60604	Unknown
P60660	Unknown
P60709	Unknown
P60763	Unknown
P60842	Unknown
P60852	Unknown
P60866	Unknown
P60880	1.F.1.1.1;
P60891	Unknown
P60896	Unknown
P60900	Unknown
P60903	8.A.81.1.2;
P60953	Unknown
P60981	Unknown
P61006	Unknown
P61009	Unknown
P61011	3.A.5.9.1;
P61018	Unknown
P61019	Unknown
P61020	Unknown
P61024	Unknown
P61026	8.A.248.1.3;8.A.248.1.4;
P61073	9.A.14.13.17;
P61077	Unknown
P61081	Unknown
P61086	Unknown
P61088	Unknown
P61106	Unknown
P61158	Unknown
P61160	Unknown
P61163	Unknown
P61165	9.B.142.3.17;
P61201	Unknown
P61204	Unknown
P61218	Unknown
P61221	3.A.1.31.4;
P61224	Unknown
P61225	Unknown
P61244	Unknown
P61247	Unknown
P61254	Unknown
P61266	Unknown
P61278	Unknown
P61289	Unknown
P61296	Unknown
P61313	Unknown
P61326	3.A.18.1.1;
P61328	Unknown
P61353	Unknown
P61366	Unknown
P61371	Unknown
P61421	3.A.2.2.4;
P61457	Unknown
P61513	Unknown
P61586	8.A.92.1.19;
P61587	Unknown
P61599	Unknown
P61601	Unknown
P61604	Unknown
P61619	3.A.5.9.1;
P61626	Unknown
P61647	Unknown
P61758	Unknown
P61764	1.F.1.1.3;
P61769	9.A.75.1.2;
P61803	9.B.142.3.17;
P61812	Unknown
P61916	2.A.6.6.1;
P61923	Unknown
P61925	Unknown
P61927	Unknown
P61952	Unknown
P61956	Unknown
P61960	Unknown
P61962	Unknown
P61964	Unknown
P61966	9.B.278.1.1;
P61968	Unknown
P61970	Unknown
P61978	Unknown
P61981	8.A.98.1.11;
P62068	Unknown
P62070	Unknown
P62072	Unknown
P62079	Unknown
P62081	Unknown
P62136	Unknown
P62140	Unknown
P62166	Unknown
P62191	Unknown
P62195	Unknown
P62241	Unknown
P62244	Unknown
P62249	Unknown
P62253	Unknown
P62256	Unknown
P62258	8.A.98.1.10;
P62263	Unknown
P62266	Unknown
P62269	Unknown
P62273	Unknown
P62277	Unknown
P62280	Unknown
P62304	Unknown
P62306	Unknown
P62308	Unknown
P62310	Unknown
P62312	Unknown
P62314	Unknown
P62316	Unknown
P62318	Unknown
P62324	Unknown
P62328	Unknown
P62330	Unknown
P62333	Unknown
P62341	Unknown
P62380	Unknown
P62424	Unknown
P62487	Unknown
P62491	Unknown
P62495	Unknown
P62508	Unknown
P62633	Unknown
P62699	Unknown
P62701	Unknown
P62714	Unknown
P62736	Unknown
P62745	Unknown
P62750	Unknown
P62753	Unknown
P62760	Unknown
P62805	Unknown
P62807	Unknown
P62820	Unknown
P62826	9.A.60.1.1;
P62829	Unknown
P62834	Unknown
P62837	3.A.20.1.1;
P62841	Unknown
P62847	Unknown
P62851	Unknown
P62854	Unknown
P62857	Unknown
P62861	Unknown
P62873	8.A.92.1.1;
P62875	Unknown
P62877	Unknown
P62879	8.A.92.1.7;
P62888	Unknown
P62891	Unknown
P62899	Unknown
P62906	Unknown
P62910	Unknown
P62913	Unknown
P62917	Unknown
P62937	Unknown
P62942	8.A.11.1.2;
P62945	Unknown
P62952	Unknown
P62955	8.A.16.2.5;
P62979	Unknown
P62987	Unknown
P62993	Unknown
P62995	Unknown
P63000	Unknown
P63010	9.B.278.1.4;
P63027	1.F.1.1.1;
P63092	8.A.92.1.1;
P63096	Unknown
P63098	Unknown
P63104	8.A.98.1.2;
P63128	Unknown
P63146	Unknown
P63151	Unknown
P63162	Unknown
P63165	Unknown
P63167	Unknown
P63172	Unknown
P63173	Unknown
P63208	Unknown
P63211	Unknown
P63218	Unknown
P63220	Unknown
P63241	1.I.1.1.3;
P63244	8.A.92.1.4;
P63252	1.A.2.1.2;
P63261	Unknown
P63267	Unknown
P63272	Unknown
P63279	3.A.20.1.1;
P63316	Unknown
P67775	Unknown
P67809	Unknown
P67812	Unknown
P67870	Unknown
P67936	Unknown
P68032	Unknown
P68036	Unknown
P68104	Unknown
P68106	Unknown
P68133	Unknown
P68363	Unknown
P68366	Unknown
P68371	Unknown
P68400	Unknown
P68402	Unknown
P68431	Unknown
P68543	Unknown
P68871	1.A.107.1.2;
P69849	Unknown
P69891	Unknown
P69892	Unknown
P69905	1.A.107.1.1;
P78310	8.A.23.1.14;
P78312	Unknown
P78314	Unknown
P78316	Unknown
P78317	Unknown
P78318	Unknown
P78324	Unknown
P78325	Unknown
P78329	Unknown
P78330	Unknown
P78332	Unknown
P78333	Unknown
P78334	Unknown
P78337	Unknown
P78344	Unknown
P78345	Unknown
P78346	Unknown
P78347	Unknown
P78348	Unknown
P78352	8.A.24.1.3;
P78356	Unknown
P78357	Unknown
P78358	Unknown
P78362	Unknown
P78363	3.A.1.211.2;
P78364	Unknown
P78367	Unknown
P78368	Unknown
P78369	Unknown
P78371	Unknown
P78380	Unknown
P78381	2.A.7.12.6;
P78382	2.A.7.12.11;
P78383	2.A.7.11.1;
P78385	Unknown
P78386	Unknown
P78395	Unknown
P78396	Unknown
P78406	1.I.1.1.3;
P78410	Unknown
P78411	Unknown
P78412	Unknown
P78413	Unknown
P78415	Unknown
P78417	Unknown
P78423	Unknown
P78424	Unknown
P78426	Unknown
P78504	Unknown
P78508	1.A.2.1.16;
P78509	9.B.87.1.47;
P78524	Unknown
P78527	Unknown
P78536	8.A.77.1.2;
P78537	Unknown
P78539	Unknown
P78540	Unknown
P78543	Unknown
P78545	Unknown
P78549	Unknown
P78552	8.A.152.1.9;
P78556	Unknown
P78559	Unknown
P78560	Unknown
P78562	Unknown
P78563	Unknown
P79483	Unknown
P79522	Unknown
P80075	Unknown
P80098	Unknown
P80108	Unknown
P80162	Unknown
P80188	Unknown
P80192	Unknown
P80217	Unknown
P80294	Unknown
P80297	Unknown
P80303	Unknown
P80365	Unknown
P80370	Unknown
P80404	Unknown
P80511	Unknown
P80723	1.A.71.1.1;
P80748	Unknown
P81172	8.A.37.1.2;
P81274	Unknown
P81277	Unknown
P81408	Unknown
P81534	1.C.85.1.3;
P81605	1.C.108.1.1;
P82094	Unknown
P82251	2.A.3.8.19;
P82279	9.B.87.1.29;
P82650	Unknown
P82673	Unknown
P82914	Unknown
P82930	Unknown
P82932	Unknown
P82979	Unknown
P82987	Unknown
P83105	Unknown
P83110	Unknown
P83111	Unknown
P83369	Unknown
P83436	Unknown
P83731	Unknown
P83876	Unknown
P83881	Unknown
P83916	Unknown
P84022	Unknown
P84074	8.A.82.2.8;
P84077	Unknown
P84085	Unknown
P84090	Unknown
P84095	Unknown
P84098	Unknown
P84103	Unknown
P84243	Unknown
P84550	Unknown
P84996	Unknown
P85037	Unknown
P85298	Unknown
P85299	Unknown
P86397	Unknown
P86452	Unknown
P86479	Unknown
P86480	Unknown
P98066	Unknown
P98073	Unknown
P98077	Unknown
P98082	Unknown
P98088	Unknown
P98095	Unknown
P98153	Unknown
P98155	Unknown
P98160	Unknown
P98161	1.A.5.1.1;
P98164	9.B.87.1.14;
P98168	Unknown
P98170	Unknown
P98171	Unknown
P98172	Unknown
P98173	Unknown
P98174	Unknown
P98175	Unknown
P98177	Unknown
P98179	Unknown
P98182	Unknown
P98187	Unknown
P98194	3.A.3.2.5;
P98196	3.A.3.8.17;
P98198	Unknown
P99999	1.A.132.1.1;
Q00005	Unknown
Q00013	Unknown
Q00056	Unknown
Q00059	Unknown
Q00169	Unknown
Q00266	Unknown
Q00325	2.A.29.4.2;
Q00341	Unknown
Q00403	Unknown
Q00444	Unknown
Q00526	Unknown
Q00532	Unknown
Q00534	Unknown
Q00535	Unknown
Q00536	Unknown
Q00537	Unknown
Q00577	Unknown
Q00587	Unknown
Q00597	Unknown
Q00604	Unknown
Q00610	8.A.137.1.1;
Q00613	Unknown
Q00653	Unknown
Q00688	Unknown
Q00722	Unknown
Q00765	Unknown
Q00796	Unknown
Q00839	Unknown
Q00872	Unknown
Q00887	Unknown
Q00889	Unknown
Q00973	Unknown
Q00975	Unknown
Q00978	Unknown
Q00987	Unknown
Q00994	Unknown
Q00G26	Unknown
Q00LT1	Unknown
Q01064	Unknown
Q01081	Unknown
Q01082	8.A.66.1.10;
Q01085	Unknown
Q01094	Unknown
Q01101	Unknown
Q01105	Unknown
Q01113	Unknown
Q01118	Unknown
Q01130	Unknown
Q01151	Unknown
Q01167	Unknown
Q01196	Unknown
Q01201	Unknown
Q01344	Unknown
Q01362	1.A.37.3.2;
Q01415	Unknown
Q01432	Unknown
Q01433	Unknown
Q01449	Unknown
Q01453	1.H.1.2.2;
Q01459	Unknown
Q01469	8.A.33.1.1;
Q01484	8.A.28.1.1;
Q01518	Unknown
Q01523	Unknown
Q01524	1.C.19.1.7;
Q01534	Unknown
Q01538	Unknown
Q01543	Unknown
Q01546	Unknown
Q01581	Unknown
Q01628	8.A.58.1.3;
Q01629	8.A.58.1.2;
Q01638	Unknown
Q01650	2.A.3.8.25;
Q01658	Unknown
Q01664	Unknown
Q01668	1.A.1.11.31;
Q01718	9.A.14.2.4;
Q01726	Unknown
Q01740	Unknown
Q01780	Unknown
Q01804	Unknown
Q01813	Unknown
Q01814	3.A.3.2.40;
Q01826	Unknown
Q01831	Unknown
Q01844	Unknown
Q01850	Unknown
Q01851	Unknown
Q01860	Unknown
Q01892	Unknown
Q01954	Unknown
Q01955	Unknown
Q01959	2.A.22.1.3;
Q01968	9.A.1.3.1;
Q01970	Unknown
Q01973	8.A.23.1.60;
Q01974	Unknown
Q02040	Unknown
Q02078	Unknown
Q02080	Unknown
Q02083	Unknown
Q02086	Unknown
Q02094	1.A.11.4.3;
Q02108	Unknown
Q02127	Unknown
Q02153	Unknown
Q02156	Unknown
Q02161	1.A.11.4.3;
Q02218	Unknown
Q02221	3.D.4.11.1;
Q02223	Unknown
Q02224	Unknown
Q02241	Unknown
Q02246	8.A.23.1.3;
Q02252	Unknown
Q02297	Unknown
Q02318	Unknown
Q02363	Unknown
Q02383	Unknown
Q02388	Unknown
Q02410	8.A.24.2.2;
Q02413	Unknown
Q02446	Unknown
Q02447	Unknown
Q02487	8.A.204.1.5;
Q02505	Unknown
Q02535	Unknown
Q02539	Unknown
Q02543	Unknown
Q02548	Unknown
Q02556	Unknown
Q02575	Unknown
Q02577	Unknown
Q02641	Unknown
Q02643	9.A.14.4.7;
Q02742	Unknown
Q02747	Unknown
Q02750	Unknown
Q02763	Unknown
Q02779	Unknown
Q02790	Unknown
Q02809	Unknown
Q02817	Unknown
Q02818	Unknown
Q02833	Unknown
Q02846	8.A.85.1.3;
Q02878	Unknown
Q02880	Unknown
Q02928	Unknown
Q02930	Unknown
Q02952	Unknown
Q02962	Unknown
Q02978	2.A.29.2.13;
Q02985	Unknown
Q03001	Unknown
Q03013	Unknown
Q03014	Unknown
Q03052	Unknown
Q03060	Unknown
Q03111	Unknown
Q03112	Unknown
Q03113	Unknown
Q03135	8.A.26.1.1;
Q03154	Unknown
Q03164	Unknown
Q03167	Unknown
Q03181	Unknown
Q03188	Unknown
Q03252	Unknown
Q03393	Unknown
Q03395	Unknown
Q03403	Unknown
Q03405	Unknown
Q03426	Unknown
Q03431	9.A.14.4.11;
Q03468	Unknown
Q03518	3.A.1.209.1;
Q03519	3.A.1.209.1;
Q03591	Unknown
Q03692	Unknown
Q03701	Unknown
Q03721	Unknown
Q03923	Unknown
Q03933	Unknown
Q03989	Unknown
Q04118	Unknown
Q04206	Unknown
Q04323	Unknown
Q04446	Unknown
Q04609	9.B.229.1.8;
Q04637	Unknown
Q04656	3.A.3.5.6;
Q04671	2.A.45.2.1;
Q04695	Unknown
Q04721	Unknown
Q04724	Unknown
Q04725	Unknown
Q04726	Unknown
Q04727	Unknown
Q04741	Unknown
Q04743	Unknown
Q04756	Unknown
Q04759	Unknown
Q04760	Unknown
Q04771	Unknown
Q04828	Unknown
Q04837	Unknown
Q04844	1.A.9.1.1;
Q04864	Unknown
Q04900	Unknown
Q04912	Unknown
Q04917	Unknown
Q04941	1.A.64.5.2;
Q05066	Unknown
Q05084	Unknown
Q05086	Unknown
Q05193	Unknown
Q05195	Unknown
Q05209	Unknown
Q05215	Unknown
Q05315	Unknown
Q05329	Unknown
Q05397	Unknown
Q05469	Unknown
Q05481	Unknown
Q05513	Unknown
Q05516	Unknown
Q05519	Unknown
Q05586	1.A.10.1.20;
Q05639	Unknown
Q05655	Unknown
Q05682	Unknown
Q05707	Unknown
Q05823	Unknown
Q05901	Unknown
Q05923	Unknown
Q05925	Unknown
Q05932	Unknown
Q05940	2.A.1.2.29;
Q05996	Unknown
Q05BQ5	Unknown
Q05D32	Unknown
Q05D60	Unknown
Q06033	Unknown
Q06055	3.A.2.1.15;
Q06124	Unknown
Q06136	Unknown
Q06141	1.C.111.1.2;
Q06187	Unknown
Q06190	Unknown
Q06203	Unknown
Q06210	Unknown
Q06265	Unknown
Q06278	Unknown
Q06323	Unknown
Q06330	Unknown
Q06413	Unknown
Q06416	Unknown
Q06418	Unknown
Q06432	8.A.16.1.1;
Q06455	Unknown
Q06481	Unknown
Q06495	2.A.58.1.5;
Q06520	Unknown
Q06546	Unknown
Q06547	Unknown
Q06587	Unknown
Q06609	Unknown
Q06643	Unknown
Q06710	Unknown
Q06730	Unknown
Q06787	Unknown
Q06828	Unknown
Q06830	Unknown
Q06889	Unknown
Q06945	Unknown
Q07001	1.A.9.1.1;
Q07002	Unknown
Q07011	9.B.87.4.2;
Q07020	Unknown
Q07021	9.B.103.1.1;
Q07065	8.A.149.1.1;
Q07075	Unknown
Q07092	Unknown
Q07108	1.C.111.1.18;
Q07157	8.A.24.1.9;
Q07283	Unknown
Q07325	Unknown
Q07326	Unknown
Q07343	Unknown
Q07352	Unknown
Q07444	Unknown
Q07617	Unknown
Q07627	Unknown
Q07654	Unknown
Q07666	Unknown
Q07687	Unknown
Q07699	8.A.17.1.4;
Q07812	1.A.21.1.2;
Q07817	1.A.21.1.1;
Q07820	Unknown
Q07837	8.A.9.1.2;
Q07864	Unknown
Q07866	Unknown
Q07869	9.B.208.1.6;
Q07889	Unknown
Q07890	Unknown
Q07912	Unknown
Q07954	9.B.87.1.16;
Q07955	Unknown
Q07960	Unknown
Q07973	Unknown
Q08043	Unknown
Q08050	Unknown
Q08116	Unknown
Q08117	Unknown
Q08170	Unknown
Q08174	Unknown
Q08188	Unknown
Q08209	Unknown
Q08211	Unknown
Q08257	Unknown
Q08289	8.A.22.1.2;
Q08334	8.A.132.1.13;
Q08345	Unknown
Q08357	2.A.20.2.3;
Q08378	Unknown
Q08379	Unknown
Q08380	Unknown
Q08397	Unknown
Q08426	Unknown
Q08431	Unknown
Q08462	Unknown
Q08477	Unknown
Q08493	Unknown
Q08495	Unknown
Q08499	Unknown
Q08554	Unknown
Q08623	Unknown
Q08629	Unknown
Q08648	1.C.85.1.5;
Q08708	Unknown
Q08722	1.N.1.1.1;
Q08752	Unknown
Q08828	Unknown
Q08830	Unknown
Q08881	Unknown
Q08945	Unknown
Q08999	Unknown
Q08AD1	Unknown
Q08AE8	Unknown
Q08AG5	Unknown
Q08AG7	Unknown
Q08AH1	Unknown
Q08AH3	Unknown
Q08AM6	Unknown
Q08ET2	Unknown
Q08J23	Unknown
Q09013	Unknown
Q09019	Unknown
Q09028	Unknown
Q09161	9.A.60.1.1;
Q09327	Unknown
Q09328	Unknown
Q09428	3.A.1.208.4;
Q09470	1.A.1.2.12;8.B.31.1.1;
Q09472	Unknown
Q09666	Unknown
Q09FC8	Unknown
Q0D2H9	Unknown
Q0D2I5	Unknown
Q0D2K0	2.A.7.25.4;
Q0D2K3	Unknown
Q0GE19	2.A.28.3.1;
Q0IIM8	Unknown
Q0JRZ9	Unknown
Q0P5N6	Unknown
Q0PNE2	Unknown
Q0VAK6	Unknown
Q0VAM2	Unknown
Q0VAQ4	Unknown
Q0VD83	Unknown
Q0VD86	Unknown
Q0VDD7	Unknown
Q0VDD8	Unknown
Q0VDF9	Unknown
Q0VF96	Unknown
Q0VG06	Unknown
Q0VG99	Unknown
Q0VGL1	Unknown
Q0WX57	Unknown
Q0ZGT2	Unknown
Q0ZLH3	1.C.123.1.7;
Q10469	Unknown
Q10471	Unknown
Q10472	Unknown
Q10567	9.B.278.1.1;
Q10570	Unknown
Q10571	Unknown
Q10586	Unknown
Q10587	Unknown
Q10588	Unknown
Q10589	1.D.118.1.1;
Q10713	Unknown
Q10981	Unknown
Q11128	Unknown
Q11130	Unknown
Q11201	Unknown
Q11203	Unknown
Q11206	Unknown
Q12756	Unknown
Q12765	Unknown
Q12767	3.A.3.2.47;
Q12768	Unknown
Q12769	1.I.1.1.3;
Q12770	Unknown
Q12772	Unknown
Q12774	Unknown
Q12778	Unknown
Q12788	Unknown
Q12789	Unknown
Q12791	1.A.1.3.10;
Q12792	Unknown
Q12794	Unknown
Q12797	8.A.28.1.5;
Q12798	Unknown
Q12800	Unknown
Q12802	Unknown
Q12805	Unknown
Q12809	1.A.1.20.1;
Q12815	Unknown
Q12816	Unknown
Q12824	Unknown
Q12829	Unknown
Q12830	Unknown
Q12834	8.A.92.1.14;
Q12836	Unknown
Q12837	Unknown
Q12840	Unknown
Q12841	Unknown
Q12846	1.F.1.1.1;8.A.91.1.12;
Q12849	Unknown
Q12851	Unknown
Q12852	8.A.23.1.42;
Q12857	Unknown
Q12860	Unknown
Q12864	Unknown
Q12866	Unknown
Q12870	Unknown
Q12872	Unknown
Q12873	Unknown
Q12874	Unknown
Q12879	1.A.10.1.20;
Q12882	Unknown
Q12884	8.A.51.1.6;
Q12887	Unknown
Q12888	Unknown
Q12889	Unknown
Q12891	Unknown
Q12893	Unknown
Q12894	Unknown
Q12899	Unknown
Q12901	Unknown
Q12904	Unknown
Q12905	Unknown
Q12906	Unknown
Q12907	9.B.417.1.2;
Q12908	2.A.28.1.2;
Q12912	8.A.140.1.1;
Q12913	Unknown
Q12918	Unknown
Q12923	Unknown
Q12929	Unknown
Q12931	Unknown
Q12933	Unknown
Q12934	Unknown
Q12946	Unknown
Q12947	Unknown
Q12948	Unknown
Q12951	Unknown
Q12952	Unknown
Q12955	8.A.28.1.9;
Q12959	8.A.24.1.7;
Q12962	Unknown
Q12965	Unknown
Q12967	Unknown
Q12968	Unknown
Q12972	Unknown
Q12974	Unknown
Q12979	Unknown
Q12980	Unknown
Q12981	Unknown
Q12982	Unknown
Q12983	1.A.20.1.1;
Q12986	Unknown
Q12996	Unknown
Q13002	Unknown
Q13003	Unknown
Q13007	Unknown
Q13009	Unknown
Q13011	Unknown
Q13015	Unknown
Q13017	Unknown
Q13018	Unknown
Q13021	Unknown
Q13023	Unknown
Q13029	Unknown
Q13033	Unknown
Q13042	Unknown
Q13043	Unknown
Q13045	Unknown
Q13049	Unknown
Q13057	Unknown
Q13061	8.A.28.1.3;
Q13064	Unknown
Q13075	Unknown
Q13077	Unknown
Q13084	Unknown
Q13085	Unknown
Q13087	Unknown
Q13093	Unknown
Q13094	Unknown
Q13098	Unknown
Q13099	1.X.1.1.1;
Q13105	Unknown
Q13107	Unknown
Q13111	Unknown
Q13112	Unknown
Q13113	Unknown
Q13114	Unknown
Q13115	Unknown
Q13117	Unknown
Q13118	Unknown
Q13123	Unknown
Q13126	Unknown
Q13127	Unknown
Q13129	Unknown
Q13131	Unknown
Q13133	9.B.208.1.7;
Q13136	Unknown
Q13137	Unknown
Q13144	Unknown
Q13145	Unknown
Q13148	Unknown
Q13151	Unknown
Q13153	Unknown
Q13155	Unknown
Q13156	Unknown
Q13158	Unknown
Q13162	Unknown
Q13163	Unknown
Q13164	Unknown
Q13177	Unknown
Q13183	2.A.47.1.17;
Q13185	Unknown
Q13188	Unknown
Q13190	8.A.91.1.9;
Q13191	Unknown
Q13200	Unknown
Q13201	Unknown
Q13202	Unknown
Q13206	Unknown
Q13207	Unknown
Q13214	Unknown
Q13216	Unknown
Q13217	Unknown
Q13219	Unknown
Q13224	Unknown
Q13227	Unknown
Q13228	Unknown
Q13231	Unknown
Q13232	Unknown
Q13233	Unknown
Q13237	Unknown
Q13239	Unknown
Q13241	Unknown
Q13242	Unknown
Q13243	Unknown
Q13247	Unknown
Q13253	Unknown
Q13255	9.A.14.7.1;
Q13257	Unknown
Q13258	Unknown
Q13261	Unknown
Q13263	Unknown
Q13268	Unknown
Q13275	Unknown
Q13277	8.A.91.1.6;
Q13283	Unknown
Q13285	Unknown
Q13286	2.A.57.5.8;
Q13287	Unknown
Q13291	Unknown
Q13303	Unknown
Q13304	Unknown
Q13308	Unknown
Q13309	Unknown
Q13310	Unknown
Q13315	Unknown
Q13316	Unknown
Q13319	Unknown
Q13322	Unknown
Q13323	Unknown
Q13324	Unknown
Q13325	Unknown
Q13326	Unknown
Q13330	Unknown
Q13332	Unknown
Q13336	1.A.28.1.5;
Q13342	Unknown
Q13347	Unknown
Q13349	Unknown
Q13351	Unknown
Q13352	Unknown
Q13356	Unknown
Q13360	Unknown
Q13361	Unknown
Q13362	Unknown
Q13363	Unknown
Q13367	Unknown
Q13368	Unknown
Q13370	Unknown
Q13371	Unknown
Q13387	Unknown
Q13393	Unknown
Q13394	Unknown
Q13395	Unknown
Q13398	Unknown
Q13402	Unknown
Q13404	Unknown
Q13405	Unknown
Q13409	Unknown
Q13410	Unknown
Q13415	Unknown
Q13416	Unknown
Q13418	Unknown
Q13421	Unknown
Q13422	Unknown
Q13423	Unknown
Q13424	Unknown
Q13425	Unknown
Q13426	Unknown
Q13427	Unknown
Q13428	Unknown
Q13432	Unknown
Q13433	2.A.5.4.13;
Q13435	Unknown
Q13438	8.A.67.1.1;
Q13439	Unknown
Q13443	Unknown
Q13444	8.A.77.1.10;
Q13445	9.B.188.1.1;
Q13449	Unknown
Q13451	Unknown
Q13454	1.A.76.1.2;9.B.142.3.17;
Q13459	Unknown
Q13461	Unknown
Q13464	Unknown
Q13467	Unknown
Q13469	Unknown
Q13470	Unknown
Q13472	Unknown
Q13477	Unknown
Q13478	Unknown
Q13480	Unknown
Q13485	Unknown
Q13487	Unknown
Q13488	Unknown
Q13489	Unknown
Q13490	Unknown
Q13491	Unknown
Q13492	Unknown
Q13495	Unknown
Q13496	Unknown
Q13501	Unknown
Q13503	Unknown
Q13505	Unknown
Q13506	Unknown
Q13507	1.A.4.1.4;
Q13508	Unknown
Q13509	Unknown
Q13510	Unknown
Q13515	Unknown
Q13516	Unknown
Q13519	1.C.89.1.3;
Q13520	1.A.8.8.4;
Q13522	Unknown
Q13523	Unknown
Q13526	Unknown
Q13530	9.A.29.3.4;
Q13535	Unknown
Q13541	Unknown
Q13542	Unknown
Q13546	Unknown
Q13547	Unknown
Q13554	Unknown
Q13555	8.A.104.1.12;
Q13557	Unknown
Q13561	Unknown
Q13562	Unknown
Q13563	1.A.5.2.1;
Q13564	Unknown
Q13568	Unknown
Q13569	Unknown
Q13571	2.A.74.1.4;
Q13572	Unknown
Q13573	Unknown
Q13574	Unknown
Q13576	Unknown
Q13585	Unknown
Q13586	1.A.52.1.1;
Q13588	Unknown
Q13591	Unknown
Q13595	Unknown
Q13596	3.A.34.1.1;8.A.194.1.1;
Q13601	Unknown
Q13608	3.A.20.1.1;
Q13609	Unknown
Q13610	Unknown
Q13613	Unknown
Q13614	Unknown
Q13615	Unknown
Q13616	Unknown
Q13617	Unknown
Q13618	Unknown
Q13619	Unknown
Q13620	Unknown
Q13621	2.A.30.1.2;
Q13625	Unknown
Q13627	Unknown
Q13630	Unknown
Q13634	Unknown
Q13635	2.A.6.6.13;
Q13636	Unknown
Q13637	8.A.248.1.5;
Q13639	9.A.14.3.18;
Q13641	Unknown
Q13642	Unknown
Q13643	Unknown
Q13651	8.A.132.1.13;
Q13671	Unknown
Q13683	8.A.54.1.5;
Q13685	Unknown
Q13686	Unknown
Q13698	1.A.1.11.32;
Q13702	Unknown
Q13705	Unknown
Q13724	Unknown
Q13733	Unknown
Q13740	8.A.23.1.10;
Q13751	Unknown
Q13753	Unknown
Q13761	Unknown
Q13765	Unknown
Q13769	3.A.22.1.2;
Q13772	Unknown
Q13790	Unknown
Q13794	Unknown
Q13795	Unknown
Q13796	Unknown
Q13797	Unknown
Q13813	Unknown
Q13822	Unknown
Q13823	Unknown
Q13825	Unknown
Q13829	Unknown
Q13835	Unknown
Q13838	3.A.18.1.1;
Q13867	Unknown
Q13868	Unknown
Q13873	Unknown
Q13875	Unknown
Q13882	Unknown
Q13884	Unknown
Q13885	Unknown
Q13886	Unknown
Q13887	Unknown
Q13888	Unknown
Q13889	Unknown
Q13895	Unknown
Q13901	Unknown
Q13905	Unknown
Q13907	Unknown
Q13936	1.A.1.11.4;
Q13938	Unknown
Q13939	Unknown
Q13946	Unknown
Q13948	Unknown
Q13950	Unknown
Q13951	Unknown
Q13952	Unknown
Q13956	Unknown
Q13972	Unknown
Q13976	Unknown
Q14002	Unknown
Q14003	1.A.1.2.13;
Q14004	Unknown
Q14005	Unknown
Q14008	Unknown
Q14011	Unknown
Q14012	Unknown
Q14019	Unknown
Q14028	1.A.1.5.3;
Q14031	Unknown
Q14032	Unknown
Q14050	Unknown
Q14055	Unknown
Q14061	Unknown
Q14088	Unknown
Q14103	Unknown
Q14106	Unknown
Q14108	9.B.39.1.13;
Q14112	Unknown
Q14114	Unknown
Q14116	Unknown
Q14117	Unknown
Q14118	9.B.277.1.1;
Q14119	Unknown
Q14123	Unknown
Q14126	Unknown
Q14129	Unknown
Q14134	Unknown
Q14135	Unknown
Q14137	Unknown
Q14139	Unknown
Q14140	Unknown
Q14141	Unknown
Q14142	Unknown
Q14145	Unknown
Q14147	Unknown
Q14149	Unknown
Q14151	Unknown
Q14152	Unknown
Q14153	Unknown
Q14154	Unknown
Q14155	Unknown
Q14156	Unknown
Q14157	Unknown
Q14159	Unknown
Q14160	Unknown
Q14161	Unknown
Q14162	Unknown
Q14164	Unknown
Q14165	Unknown
Q14166	Unknown
Q14168	Unknown
Q14181	Unknown
Q14183	Unknown
Q14184	Unknown
Q14185	Unknown
Q14186	Unknown
Q14188	Unknown
Q14190	Unknown
Q14191	Unknown
Q14192	Unknown
Q14194	Unknown
Q14195	Unknown
Q14197	Unknown
Q14202	Unknown
Q14203	Unknown
Q14204	Unknown
Q14207	Unknown
Q14209	Unknown
Q14210	Unknown
Q14213	Unknown
Q14232	Unknown
Q14240	Unknown
Q14241	Unknown
Q14242	Unknown
Q14244	Unknown
Q14246	9.A.14.6.1;
Q14247	Unknown
Q14249	Unknown
Q14254	Unknown
Q14257	Unknown
Q14258	Unknown
Q14264	Unknown
Q14289	Unknown
Q14296	Unknown
Q14314	Unknown
Q14315	8.A.66.1.6;
Q14318	8.A.11.1.4;
Q14320	Unknown
Q14324	Unknown
Q14330	9.A.14.13.39;
Q14331	Unknown
Q14332	Unknown
Q14344	Unknown
Q14353	Unknown
Q14376	Unknown
Q14392	Unknown
Q14393	Unknown
Q14397	Unknown
Q14406	Unknown
Q14410	Unknown
Q14416	9.A.14.7.9;
Q14432	Unknown
Q14435	Unknown
Q14442	Unknown
Q14444	Unknown
Q14449	Unknown
Q14451	Unknown
Q14457	9.A.15.2.1;
Q14469	Unknown
Q14493	Unknown
Q14494	Unknown
Q14498	Unknown
Q14500	1.A.2.1.9;
Q14508	Unknown
Q14511	Unknown
Q14512	Unknown
Q14515	8.A.74.1.5;
Q14517	Unknown
Q14520	Unknown
Q14524	1.A.1.10.3;
Q14525	Unknown
Q14526	Unknown
Q14527	Unknown
Q14532	Unknown
Q14533	Unknown
Q14534	Unknown
Q14541	Unknown
Q14542	2.A.57.1.8;
Q14554	Unknown
Q14558	Unknown
Q14562	Unknown
Q14563	Unknown
Q14565	Unknown
Q14566	Unknown
Q14568	Unknown
Q14571	Unknown
Q14573	Unknown
Q14574	Unknown
Q14584	Unknown
Q14585	Unknown
Q14587	Unknown
Q14592	Unknown
Q14596	Unknown
Q14623	Unknown
Q14624	Unknown
Q14626	Unknown
Q14627	Unknown
Q14642	Unknown
Q14643	1.A.3.2.6;
Q14644	Unknown
Q14651	Unknown
Q14653	Unknown
Q14654	1.A.2.1.17;
Q14656	9.B.360.1.1;
Q14657	Unknown
Q14667	Unknown
Q14669	Unknown
Q14671	Unknown
Q14674	Unknown
Q14676	Unknown
Q14677	8.A.137.1.1;
Q14678	Unknown
Q14679	Unknown
Q14680	Unknown
Q14683	Unknown
Q14684	Unknown
Q14686	Unknown
Q14687	Unknown
Q14689	Unknown
Q14690	Unknown
Q14691	Unknown
Q14692	Unknown
Q14693	Unknown
Q14694	Unknown
Q14696	Unknown
Q14697	Unknown
Q14699	Unknown
Q14703	Unknown
Q14714	Unknown
Q14721	1.A.1.2.11;
Q14722	8.A.5.1.1;
Q14728	Unknown
Q14738	Unknown
Q14739	Unknown
Q14746	Unknown
Q14749	Unknown
Q14764	1.I.1.1.3;
Q14765	Unknown
Q14766	9.B.87.1.37;
Q14767	Unknown
Q14773	Unknown
Q14774	Unknown
Q14781	Unknown
Q14789	Unknown
Q14790	Unknown
Q147X3	Unknown
Q14802	1.A.27.1.5;
Q14807	Unknown
Q14814	Unknown
Q14831	Unknown
Q14832	Unknown
Q14833	Unknown
Q14839	Unknown
Q14847	Unknown
Q14849	8.A.120.2.1;
Q14863	Unknown
Q14865	Unknown
Q14872	Unknown
Q14894	Unknown
Q14896	Unknown
Q14914	Unknown
Q14916	2.A.1.14.27;
Q14919	Unknown
Q14929	Unknown
Q14934	Unknown
Q14938	Unknown
Q14940	2.A.36.1.16;
Q14943	Unknown
Q14953	Unknown
Q14954	Unknown
Q14956	Unknown
Q14957	1.A.10.1.3;
Q14964	Unknown
Q14966	Unknown
Q14973	2.A.28.1.9;
Q14974	1.I.1.1.3;
Q14978	Unknown
Q14980	Unknown
Q14982	Unknown
Q14990	Unknown
Q14993	Unknown
Q14994	Unknown
Q14995	Unknown
Q14997	Unknown
Q14999	Unknown
Q149M9	Unknown
Q149N8	Unknown
Q14BN4	Unknown
Q14C86	Unknown
Q14CB8	Unknown
Q14CM0	Unknown
Q14CN2	1.A.13.1.2;
Q14CN4	Unknown
Q14CS0	Unknown
Q14CW9	Unknown
Q14CX7	Unknown
Q14CZ0	Unknown
Q14CZ7	Unknown
Q14CZ8	8.A.23.1.5;
Q14D04	Unknown
Q14D33	Unknown
Q15003	Unknown
Q15004	Unknown
Q15005	Unknown
Q15006	3.A.27.1.1;
Q15007	Unknown
Q15008	Unknown
Q15011	Unknown
Q15012	Unknown
Q15013	Unknown
Q15014	Unknown
Q15018	Unknown
Q15019	Unknown
Q15020	Unknown
Q15021	Unknown
Q15022	Unknown
Q15024	Unknown
Q15025	Unknown
Q15027	Unknown
Q15029	Unknown
Q15031	Unknown
Q15034	Unknown
Q15036	3.A.34.1.1;9.A.3.1.2;
Q15038	Unknown
Q15040	Unknown
Q15041	Unknown
Q15042	Unknown
Q15043	2.A.5.4.5;
Q15046	Unknown
Q15047	Unknown
Q15049	9.B.129.1.1;
Q15050	Unknown
Q15051	Unknown
Q15052	Unknown
Q15054	Unknown
Q15056	Unknown
Q15057	Unknown
Q15058	Unknown
Q15059	Unknown
Q15061	Unknown
Q15063	Unknown
Q15067	Unknown
Q15070	2.A.9.1.2;
Q15072	Unknown
Q15075	Unknown
Q15077	Unknown
Q15078	Unknown
Q15080	Unknown
Q15084	Unknown
Q15102	Unknown
Q15109	8.A.23.1.19;
Q15111	Unknown
Q15113	Unknown
Q15116	8.A.17.4.1;
Q15118	Unknown
Q15119	Unknown
Q15120	Unknown
Q15121	Unknown
Q15124	Unknown
Q15125	Unknown
Q15126	Unknown
Q15131	Unknown
Q15139	Unknown
Q15147	Unknown
Q15149	Unknown
Q15154	3.A.33.1.1;
Q15155	Unknown
Q15165	Unknown
Q15166	Unknown
Q15170	Unknown
Q15172	Unknown
Q15173	Unknown
Q15185	Unknown
Q15208	Unknown
Q15223	Unknown
Q15233	Unknown
Q15256	Unknown
Q15257	Unknown
Q15262	Unknown
Q15269	Unknown
Q15274	Unknown
Q15276	Unknown
Q15283	Unknown
Q15286	Unknown
Q15287	3.A.18.1.1;
Q15291	Unknown
Q15293	Unknown
Q15303	8.A.23.1.17;
Q15306	Unknown
Q15311	9.A.1.1.1;
Q15319	Unknown
Q15323	Unknown
Q15326	Unknown
Q15327	Unknown
Q15329	Unknown
Q15334	Unknown
Q15345	Unknown
Q15349	Unknown
Q15361	Unknown
Q15363	9.B.188.1.2;
Q15365	Unknown
Q15366	Unknown
Q15369	Unknown
Q15370	Unknown
Q15375	Unknown
Q15382	Unknown
Q15386	Unknown
Q15388	Unknown
Q15389	Unknown
Q15392	Unknown
Q15393	Unknown
Q15397	Unknown
Q15398	Unknown
Q15399	8.A.43.1.25;
Q15406	Unknown
Q15413	Unknown
Q15415	Unknown
Q15417	Unknown
Q15418	Unknown
Q15424	Unknown
Q15427	Unknown
Q15428	Unknown
Q15431	Unknown
Q15435	Unknown
Q15436	Unknown
Q15437	Unknown
Q15438	Unknown
Q15459	Unknown
Q15464	Unknown
Q15465	Unknown
Q15466	Unknown
Q15468	Unknown
Q15475	Unknown
Q15477	Unknown
Q15485	Unknown
Q15493	Unknown
Q15506	Unknown
Q15517	Unknown
Q15526	Unknown
Q15528	Unknown
Q15532	Unknown
Q15542	Unknown
Q15543	Unknown
Q15544	Unknown
Q15545	Unknown
Q15546	1.C.113.2.1;
Q15554	Unknown
Q15555	Unknown
Q15560	Unknown
Q15561	Unknown
Q15562	Unknown
Q15569	Unknown
Q15572	Unknown
Q15573	Unknown
Q15582	Unknown
Q15583	Unknown
Q15596	Unknown
Q15599	8.A.24.1.2;
Q155Q3	Unknown
Q15628	Unknown
Q15629	9.B.311.2.1;
Q15631	Unknown
Q15633	Unknown
Q15637	Unknown
Q15642	Unknown
Q15643	Unknown
Q15645	Unknown
Q15646	Unknown
Q15648	Unknown
Q15649	Unknown
Q15650	Unknown
Q15652	Unknown
Q15653	Unknown
Q15654	Unknown
Q15661	Unknown
Q15669	Unknown
Q15672	Unknown
Q15678	Unknown
Q15691	Unknown
Q15696	Unknown
Q15697	Unknown
Q15699	Unknown
Q15700	Unknown
Q15714	Unknown
Q15717	Unknown
Q15722	9.A.14.13.5;
Q15723	Unknown
Q15726	Unknown
Q15735	Unknown
Q15738	Unknown
Q15742	Unknown
Q15743	9.A.14.13.49;
Q15744	Unknown
Q15746	Unknown
Q15750	Unknown
Q15751	Unknown
Q15758	2.A.23.3.3;
Q15759	Unknown
Q15761	Unknown
Q15762	Unknown
Q15768	Unknown
Q15771	Unknown
Q15772	Unknown
Q15776	Unknown
Q15777	Unknown
Q15782	Unknown
Q15784	Unknown
Q15785	Unknown
Q15788	Unknown
Q15796	Unknown
Q15797	Unknown
Q15800	Unknown
Q15811	Unknown
Q15813	Unknown
Q15814	Unknown
Q15818	1.C.92.1.3;
Q15819	Unknown
Q15822	Unknown
Q15825	Unknown
Q15828	Unknown
Q15831	Unknown
Q15833	Unknown
Q15834	Unknown
Q15835	Unknown
Q15836	1.F.1.1.5;
Q15842	1.A.2.1.13;
Q15843	Unknown
Q15848	8.A.94.1.1;
Q15849	1.A.28.1.6;
Q15853	Unknown
Q15858	1.A.1.10.5;
Q15878	Unknown
Q15884	Unknown
Q15904	8.A.107.1.1;
Q15906	Unknown
Q15907	Unknown
Q15910	Unknown
Q15911	Unknown
Q15915	Unknown
Q15916	Unknown
Q15928	Unknown
Q15942	Unknown
Q15973	Unknown
Q16082	Unknown
Q16099	1.A.10.1.9;
Q16134	Unknown
Q16143	1.C.77.1.2;
Q16181	Unknown
Q16186	Unknown
Q16204	Unknown
Q16206	Unknown
Q16222	Unknown
Q16236	Unknown
Q16254	Unknown
Q16270	Unknown
Q16280	Unknown
Q16281	1.A.1.5.12;
Q16288	Unknown
Q16322	Unknown
Q16342	Unknown
Q16348	2.A.17.4.8;
Q16352	Unknown
Q16363	Unknown
Q16384	Unknown
Q16385	Unknown
Q16394	Unknown
Q16401	Unknown
Q16445	Unknown
Q16478	1.A.10.1.28;
Q16512	Unknown
Q16513	Unknown
Q16514	Unknown
Q16515	Unknown
Q16518	Unknown
Q16520	Unknown
Q16526	Unknown
Q16527	Unknown
Q16531	Unknown
Q16533	Unknown
Q16534	Unknown
Q16537	Unknown
Q16539	Unknown
Q16540	Unknown
Q16543	8.A.163.1.1;
Q16548	Unknown
Q16549	Unknown
Q16552	Unknown
Q16553	Unknown
Q16555	8.A.228.1.1;
Q16558	8.A.14.1.2;
Q16560	Unknown
Q16563	Unknown
Q16566	Unknown
Q16568	Unknown
Q16570	9.A.14.13.34;
Q16572	2.A.1.2.28;
Q16576	Unknown
Q16581	Unknown
Q16584	Unknown
Q16585	Unknown
Q16586	Unknown
Q16587	Unknown
Q16594	Unknown
Q16595	9.B.21.1.1;
Q16600	Unknown
Q16602	9.A.14.4.12;
Q16610	Unknown
Q16611	1.A.21.1.3;
Q16612	Unknown
Q16613	Unknown
Q16617	Unknown
Q16619	Unknown
Q16620	8.A.23.1.38;
Q16621	Unknown
Q16623	1.F.1.1.1;8.A.91.1.4;
Q16625	9.B.41.1.1;
Q16627	Unknown
Q16629	Unknown
Q16630	Unknown
Q16633	Unknown
Q16635	Unknown
Q16637	Unknown
Q16643	Unknown
Q16644	Unknown
Q16647	Unknown
Q16649	Unknown
Q16650	Unknown
Q16651	Unknown
Q16653	Unknown
Q16654	Unknown
Q16655	Unknown
Q16656	Unknown
Q16658	Unknown
Q16659	Unknown
Q16661	Unknown
Q16663	Unknown
Q16665	Unknown
Q16666	Unknown
Q16667	Unknown
Q16670	Unknown
Q16671	Unknown
Q16674	Unknown
Q16676	Unknown
Q16678	Unknown
Q16690	Unknown
Q16695	Unknown
Q16696	Unknown
Q16698	Unknown
Q16706	Unknown
Q16718	Unknown
Q16719	Unknown
Q16720	3.A.3.2.50;
Q16739	4.D.1.4.1;
Q16740	Unknown
Q16760	Unknown
Q16762	Unknown
Q16763	Unknown
Q16769	Unknown
Q16772	Unknown
Q16773	Unknown
Q16774	Unknown
Q16775	Unknown
Q16777	Unknown
Q16778	Unknown
Q16787	Unknown
Q16790	8.A.164.1.1;
Q16795	Unknown
Q16798	Unknown
Q16799	8.A.102.1.9;
Q16816	Unknown
Q16819	Unknown
Q16820	8.A.77.2.1;
Q16821	Unknown
Q16822	Unknown
Q16825	Unknown
Q16827	Unknown
Q16828	Unknown
Q16829	Unknown
Q16831	Unknown
Q16832	Unknown
Q16836	Unknown
Q16842	Unknown
Q16849	Unknown
Q16850	Unknown
Q16851	Unknown
Q16853	Unknown
Q16854	Unknown
Q16864	3.A.2.2.4;
Q16873	Unknown
Q16875	Unknown
Q16877	Unknown
Q16878	Unknown
Q16880	Unknown
Q16881	Unknown
Q16890	Unknown
Q16891	9.B.216.1.4;
Q17R31	Unknown
Q17R60	Unknown
Q17R89	Unknown
Q17R98	Unknown
Q17RB8	Unknown
Q17RD7	Unknown
Q17RS7	Unknown
Q17RW2	Unknown
Q17RY0	Unknown
Q18PE1	Unknown
Q19AV6	Unknown
Q19T08	Unknown
Q1EHB4	2.A.21.5.6;
Q1HG43	Unknown
Q1HG44	Unknown
Q1L5Z9	Unknown
Q1MSJ5	Unknown
Q1MX18	Unknown
Q1RMZ1	Unknown
Q1W6H9	Unknown
Q24JP5	8.A.143.1.1;
Q27J81	Unknown
Q29980	Unknown
Q29983	Unknown
Q29RF7	Unknown
Q2HXU8	Unknown
Q2I0M4	8.A.43.1.14;
Q2I0M5	Unknown
Q2KHM9	Unknown
Q2KHN1	Unknown
Q2KHR2	Unknown
Q2KHT3	Unknown
Q2KHT4	8.A.16.5.1;
Q2LD37	8.A.6.1.3;
Q2M1K9	Unknown
Q2M1P5	Unknown
Q2M1Z3	Unknown
Q2M2E3	Unknown
Q2M2I5	Unknown
Q2M2I8	Unknown
Q2M2Z5	Unknown
Q2M385	1.C.39.14.1;
Q2M389	9.A.3.1.2;
Q2M3C6	Unknown
Q2M3C7	Unknown
Q2M3G0	3.A.1.201.13;3.A.1.201.50;
Q2M3M2	2.A.21.3.17;
Q2M3R5	2.A.7.28.8;
Q2M3T9	Unknown
Q2MKA7	Unknown
Q2MV58	Unknown
Q2NKJ3	Unknown
Q2NKQ1	Unknown
Q2NKX8	Unknown
Q2NL67	Unknown
Q2PPJ7	Unknown
Q2Q1W2	Unknown
Q2QGD7	Unknown
Q2T9J0	Unknown
Q2TAA5	Unknown
Q2TAC2	Unknown
Q2TAC6	Unknown
Q2TAK8	Unknown
Q2TAL6	Unknown
Q2TAL8	Unknown
Q2TAY7	Unknown
Q2TAZ0	9.A.15.2.1;
Q2TB18	Unknown
Q2TB90	Unknown
Q2TBA0	Unknown
Q2TBE0	Unknown
Q2UY09	Unknown
Q2V2M9	Unknown
Q2VIQ3	Unknown
Q2VPA4	Unknown
Q2VPK5	Unknown
Q2VWA4	Unknown
Q2WEN9	Unknown
Q2WGJ6	Unknown
Q2WGJ9	Unknown
Q2Y0W8	2.A.31.2.4;
Q2YD98	Unknown
Q30154	Unknown
Q30201	Unknown
Q30KQ6	Unknown
Q32M45	1.A.17.1.29;
Q32M88	Unknown
Q32MK0	Unknown
Q32MQ0	Unknown
Q32MZ4	Unknown
Q32NB8	Unknown
Q32NC0	Unknown
Q32P28	Unknown
Q32P41	Unknown
Q32P44	Unknown
Q330K2	Unknown
Q33E94	Unknown
Q38SD2	Unknown
Q3B7T1	Unknown
Q3B820	Unknown
Q3KNS1	Unknown
Q3KNS6	Unknown
Q3KNT9	Unknown
Q3KNV8	Unknown
Q3KNW5	2.A.28.1.4;
Q3KP22	Unknown
Q3KP44	Unknown
Q3KP66	Unknown
Q3KQU3	Unknown
Q3KQV3	Unknown
Q3KR16	Unknown
Q3KR37	9.B.198.2.5;
Q3KRA9	Unknown
Q3KRB8	Unknown
Q3L8U1	Unknown
Q3LHN2	Unknown
Q3LI59	Unknown
Q3LI64	Unknown
Q3LI66	Unknown
Q3LI67	Unknown
Q3LI70	Unknown
Q3LI72	Unknown
Q3LI76	Unknown
Q3LIE5	Unknown
Q3LXA3	Unknown
Q3MHD2	8.A.243.1.1;
Q3MII6	Unknown
Q3MIR4	8.A.27.1.6;
Q3MIT2	Unknown
Q3MJ16	Unknown
Q3MJ62	Unknown
Q3MUY2	Unknown
Q3SX64	Unknown
Q3SXM5	Unknown
Q3SXP7	Unknown
Q3SXY7	Unknown
Q3SXY8	Unknown
Q3SY00	Unknown
Q3SY46	Unknown
Q3SY56	Unknown
Q3SY69	Unknown
Q3SY84	Unknown
Q3SYB3	Unknown
Q3SYC2	Unknown
Q3SYF9	Unknown
Q3SYG4	3.A.33.1.1;
Q3T8J9	Unknown
Q3T906	Unknown
Q3V5L5	Unknown
Q3V6T2	Unknown
Q3YBM2	1.A.37.8.1;
Q3YBR2	Unknown
Q3YEC7	Unknown
Q3ZAQ7	Unknown
Q3ZCM7	Unknown
Q3ZCQ8	Unknown
Q401N2	1.A.9.2.4;
Q460N3	Unknown
Q460N5	Unknown
Q494R4	Unknown
Q494U1	Unknown
Q494V2	Unknown
Q495A1	Unknown
Q495C1	Unknown
Q495M3	2.A.18.8.6;
Q495M9	Unknown
Q495T6	Unknown
Q495W5	Unknown
Q496A3	Unknown
Q496F6	Unknown
Q496J9	2.A.1.22.6;
Q496M5	Unknown
Q49A17	Unknown
Q49A26	Unknown
Q49A88	Unknown
Q49AJ0	Unknown
Q49AM1	Unknown
Q49AN0	Unknown
Q49B96	8.A.239.1.1;
Q49MG5	Unknown
Q49MI3	Unknown
Q4AC94	Unknown
Q4ADV7	Unknown
Q4AE62	Unknown
Q4FZB7	Unknown
Q4G0J3	Unknown
Q4G0M1	Unknown
Q4G0N4	Unknown
Q4G0N8	2.A.36.7.5;
Q4G0P3	Unknown
Q4G0S4	Unknown
Q4G0U5	Unknown
Q4G0W2	Unknown
Q4G0X4	Unknown
Q4G0X9	Unknown
Q4G163	Unknown
Q4G176	Unknown
Q4J6C6	Unknown
Q4JDL3	Unknown
Q4KMG0	Unknown
Q4KMG9	Unknown
Q4KMP7	Unknown
Q4KMQ1	Unknown
Q4KMQ2	1.A.17.1.4;
Q4KWH8	Unknown
Q4L180	Unknown
Q4L235	Unknown
Q4LDE5	Unknown
Q4LDG9	Unknown
Q4LDR2	Unknown
Q4LE39	Unknown
Q4U2R8	2.A.1.19.31;
Q4V328	Unknown
Q4V9L6	9.B.413.1.1;
Q4VC05	Unknown
Q4VC12	Unknown
Q4VC44	Unknown
Q4VCS5	Unknown
Q4VNC1	3.A.3.10.20;
Q4VXU2	Unknown
Q4ZG55	Unknown
Q4ZHG4	Unknown
Q4ZJI4	2.A.36.2.3;
Q502W6	Unknown
Q504Q3	Unknown
Q504T8	Unknown
Q504Y0	2.A.5.4.14;
Q504Y2	Unknown
Q52LG2	Unknown
Q52LJ0	Unknown
Q52LW3	Unknown
Q53EL6	Unknown
Q53EL9	Unknown
Q53EP0	Unknown
Q53ET0	Unknown
Q53EU6	Unknown
Q53EV4	Unknown
Q53EZ4	Unknown
Q53F19	Unknown
Q53F39	Unknown
Q53FA7	Unknown
Q53FD0	Unknown
Q53FP2	8.A.179.1.1;
Q53FT3	Unknown
Q53FV1	Unknown
Q53FZ2	Unknown
Q53G59	Unknown
Q53GA4	Unknown
Q53GD3	2.A.92.1.7;
Q53GG5	Unknown
Q53GL0	Unknown
Q53GL7	Unknown
Q53GQ0	Unknown
Q53GS7	1.I.1.1.3;3.A.18.1.1;
Q53GS9	Unknown
Q53GT1	Unknown
Q53H12	Unknown
Q53H47	Unknown
Q53H54	Unknown
Q53H76	Unknown
Q53H80	Unknown
Q53H82	Unknown
Q53H96	Unknown
Q53HC0	Unknown
Q53HC5	Unknown
Q53HC9	Unknown
Q53HI1	Unknown
Q53HL2	Unknown
Q53HV7	Unknown
Q53QV2	Unknown
Q53QZ3	Unknown
Q53R12	8.A.75.1.4;
Q53R41	Unknown
Q53RT3	Unknown
Q53S33	Unknown
Q53T94	Unknown
Q53TN4	5.B.2.1.3;
Q53TQ3	Unknown
Q53TS8	Unknown
Q562E7	Unknown
Q562F6	Unknown
Q567U6	9.A.3.1.2;
Q569H4	Unknown
Q569K4	Unknown
Q56A73	Unknown
Q56NI9	Unknown
Q56P03	Unknown
Q56P42	Unknown
Q56UN5	Unknown
Q56VL3	Unknown
Q587J8	Unknown
Q58A45	Unknown
Q58DX5	Unknown
Q58EX2	Unknown
Q58EX7	Unknown
Q58F21	Unknown
Q58FF7	Unknown
Q58HT5	Unknown
Q58WW2	Unknown
Q59EK9	Unknown
Q59H18	Unknown
Q5BJD5	9.B.27.1.8;
Q5BJF2	8.A.93.1.1;
Q5BJF6	Unknown
Q5BJH2	9.B.202.1.1;
Q5BJH7	Unknown
Q5BKX5	Unknown
Q5BKX6	2.A.2.4.7;
Q5BKX8	Unknown
Q5BKZ1	Unknown
Q5BN46	Unknown
Q5BVD1	Unknown
Q5C9Z4	Unknown
Q5CZC0	Unknown
Q5D0E6	Unknown
Q5D1E8	Unknown
Q5D862	Unknown
Q5DID0	Unknown
Q5DX21	Unknown
Q5EB52	Unknown
Q5EBL4	Unknown
Q5EBL8	Unknown
Q5EBM0	Unknown
Q5EE01	Unknown
Q5EG05	Unknown
Q5F1R6	Unknown
Q5FBB7	Unknown
Q5FVE4	Unknown
Q5FWF4	Unknown
Q5FWF5	Unknown
Q5FYB1	Unknown
Q5GFL6	Unknown
Q5GLZ8	Unknown
Q5H8A4	Unknown
Q5H8C1	Unknown
Q5H9F3	Unknown
Q5H9I0	Unknown
Q5H9J7	Unknown
Q5H9L4	Unknown
Q5H9R7	Unknown
Q5H9S7	Unknown
Q5HYA8	9.B.77.1.1;
Q5HYI8	Unknown
Q5HYJ3	Unknown
Q5HYK3	Unknown
Q5HYK7	Unknown
Q5HYN5	Unknown
Q5HYW2	Unknown
Q5I7T1	Unknown
Q5IJ48	9.B.87.1.30;
Q5J8M3	3.A.27.1.1;
Q5J8X5	Unknown
Q5JPE7	8.A.146.1.1;
Q5JPH6	Unknown
Q5JPI9	Unknown
Q5JQC9	Unknown
Q5JR59	Unknown
Q5JR98	Unknown
Q5JRA6	9.B.113.1.2;
Q5JRX3	Unknown
Q5JS13	Unknown
Q5JSH3	Unknown
Q5JSL3	Unknown
Q5JSP0	Unknown
Q5JST6	Unknown
Q5JSZ5	Unknown
Q5JT25	Unknown
Q5JTC6	Unknown
Q5JTD0	Unknown
Q5JTJ3	Unknown
Q5JTV8	Unknown
Q5JTW2	Unknown
Q5JTY5	Unknown
Q5JTZ9	Unknown
Q5JU85	Unknown
Q5JUK2	Unknown
Q5JUK3	Unknown
Q5JVF3	Unknown
Q5JVL4	Unknown
Q5JVS0	Unknown
Q5JW98	1.A.84.1.5;
Q5JWF2	Unknown
Q5JX71	Unknown
Q5JXC2	Unknown
Q5JY77	Unknown
Q5JZY3	Unknown
Q5K4E3	Unknown
Q5K4L6	4.C.1.1.12;
Q5K651	Unknown
Q5KSL6	Unknown
Q5KU26	Unknown
Q5M775	Unknown
Q5M7Z0	Unknown
Q5M8T2	2.A.7.15.5;
Q5M9N0	Unknown
Q5MIZ7	Unknown
Q5MJ10	Unknown
Q5MJ70	Unknown
Q5MNZ6	Unknown
Q5MNZ9	Unknown
Q5MY95	Unknown
Q5NDL2	Unknown
Q5NUL3	9.A.14.13.29;
Q5PRF9	Unknown
Q5PSV4	Unknown
Q5QGS0	Unknown
Q5QGT7	Unknown
Q5QGZ9	1.C.111.1.16;
Q5QJE6	Unknown
Q5QJU3	Unknown
Q5QNW6	Unknown
Q5QP82	Unknown
Q5R372	Unknown
Q5R3F8	Unknown
Q5R3K3	1.A.84.1.6;
Q5RHP9	Unknown
Q5RI15	8.A.182.1.1;
Q5RKV6	Unknown
Q5RL73	Unknown
Q5S007	8.A.23.1.54;
Q5SGD2	Unknown
Q5SNT2	1.I.1.1.3;
Q5SQ64	Unknown
Q5SQI0	Unknown
Q5SQN1	Unknown
Q5SQQ9	Unknown
Q5SR56	2.A.1.2.30;
Q5SRE5	1.I.1.1.3;
Q5SRE7	Unknown
Q5SRR4	Unknown
Q5SSG8	Unknown
Q5SSJ5	Unknown
Q5ST30	Unknown
Q5SVS4	2.A.29.24.4;
Q5SW24	Unknown
Q5SW79	Unknown
Q5SW96	Unknown
Q5SWA1	Unknown
Q5SXH7	Unknown
Q5SXM2	Unknown
Q5SXM8	Unknown
Q5SY16	Unknown
Q5SYB0	Unknown
Q5SYC1	Unknown
Q5SZK8	Unknown
Q5SZL2	Unknown
Q5SZQ8	Unknown
Q5T011	Unknown
Q5T0F9	Unknown
Q5T0J7	Unknown
Q5T0N1	Unknown
Q5T0N5	Unknown
Q5T0T0	Unknown
Q5T0W9	Unknown
Q5T124	Unknown
Q5T160	Unknown
Q5T197	Unknown
Q5T1B0	Unknown
Q5T1C6	Unknown
Q5T1H1	Unknown
Q5T1M5	Unknown
Q5T1R4	Unknown
Q5T1V6	Unknown
Q5T200	Unknown
Q5T230	Unknown
Q5T280	Unknown
Q5T2D2	Unknown
Q5T2D3	Unknown
Q5T2R2	Unknown
Q5T2S8	Unknown
Q5T2T1	Unknown
Q5T2W1	Unknown
Q5T3F8	1.A.17.5.3;
Q5T3J3	Unknown
Q5T3U5	3.A.1.208.31;
Q5T440	Unknown
Q5T442	Unknown
Q5T447	Unknown
Q5T481	Unknown
Q5T4B2	Unknown
Q5T4D3	Unknown
Q5T4F4	1.R.1.1.1;
Q5T4F7	Unknown
Q5T4S7	Unknown
Q5T4T6	Unknown
Q5T4W7	Unknown
Q5T5A4	Unknown
Q5T5A8	Unknown
Q5T5B0	Unknown
Q5T5C0	Unknown
Q5T5P2	Unknown
Q5T5U3	Unknown
Q5T5X7	Unknown
Q5T5Y3	Unknown
Q5T601	Unknown
Q5T619	Unknown
Q5T655	Unknown
Q5T686	Unknown
Q5T6F0	Unknown
Q5T6F2	Unknown
Q5T6S3	Unknown
Q5T6V5	Unknown
Q5T6X5	9.A.14.7.3;
Q5T700	Unknown
Q5T749	Unknown
Q5T751	Unknown
Q5T752	Unknown
Q5T753	Unknown
Q5T754	Unknown
Q5T7B8	Unknown
Q5T7M4	Unknown
Q5T7N3	Unknown
Q5T7P2	Unknown
Q5T7P3	Unknown
Q5T7P8	Unknown
Q5T7V8	Unknown
Q5T7W0	Unknown
Q5T7W7	Unknown
Q5T848	9.A.14.15.5;
Q5T890	Unknown
Q5T8A7	Unknown
Q5T8D3	1.R.1.1.1;
Q5T8I9	Unknown
Q5T8P6	Unknown
Q5T9A4	Unknown
Q5T9C2	Unknown
Q5T9C9	Unknown
Q5T9G4	Unknown
Q5T9L3	8.A.56.1.2;
Q5TA31	Unknown
Q5TA45	Unknown
Q5TA50	Unknown
Q5TA76	Unknown
Q5TA77	Unknown
Q5TA78	Unknown
Q5TA79	Unknown
Q5TA81	Unknown
Q5TA82	Unknown
Q5TA89	Unknown
Q5TAB7	Unknown
Q5TAP6	Unknown
Q5TAQ9	Unknown
Q5TAT6	Unknown
Q5TAX3	Unknown
Q5TB30	Unknown
Q5TB80	Unknown
Q5TBA9	Unknown
Q5TBB1	Unknown
Q5TC82	Unknown
Q5TCH4	Unknown
Q5TCM9	Unknown
Q5TCQ9	Unknown
Q5TCS8	Unknown
Q5TCX8	Unknown
Q5TCY1	Unknown
Q5TCZ1	Unknown
Q5TD94	Unknown
Q5TD97	Unknown
Q5TDH0	Unknown
Q5TEJ8	Unknown
Q5TEU4	Unknown
Q5TGU0	9.A.24.1.17;
Q5TGY3	Unknown
Q5TGZ0	8.A.156.1.2;
Q5THJ4	Unknown
Q5THR3	Unknown
Q5TIA1	Unknown
Q5TID7	Unknown
Q5TKA1	Unknown
Q5TZA2	Unknown
Q5TZF3	Unknown
Q5U5Q3	Unknown
Q5U5X0	Unknown
Q5U5Z8	Unknown
Q5U651	Unknown
Q5UCC4	3.A.27.1.1;
Q5UE93	Unknown
Q5UIP0	Unknown
Q5VIR6	Unknown
Q5VSL9	Unknown
Q5VST6	Unknown
Q5VST9	Unknown
Q5VSY0	Unknown
Q5VT06	Unknown
Q5VT25	Unknown
Q5VT52	Unknown
Q5VT66	Unknown
Q5VT99	Unknown
Q5VTB9	Unknown
Q5VTD9	Unknown
Q5VTE6	Unknown
Q5VTH2	Unknown
Q5VTR2	Unknown
Q5VTT2	Unknown
Q5VTT5	Unknown
Q5VTY9	2.A.50.1.4;
Q5VU43	Unknown
Q5VU57	Unknown
Q5VUA4	Unknown
Q5VUB5	Unknown
Q5VUG0	Unknown
Q5VUM1	Unknown
Q5VV41	Unknown
Q5VV42	Unknown
Q5VV43	Unknown
Q5VV63	Unknown
Q5VV67	Unknown
Q5VVJ2	Unknown
Q5VVQ6	Unknown
Q5VVX9	Unknown
Q5VVY1	Unknown
Q5VW32	Unknown
Q5VW36	Unknown
Q5VW38	9.A.14.22.2;
Q5VWC8	Unknown
Q5VWG9	Unknown
Q5VWJ9	3.A.34.1.1;
Q5VWK5	Unknown
Q5VWN6	Unknown
Q5VWP2	Unknown
Q5VWP3	Unknown
Q5VWQ8	Unknown
Q5VWT5	Unknown
Q5VWX1	Unknown
Q5VWZ2	Unknown
Q5VX71	Unknown
Q5VXI9	Unknown
Q5VXU9	Unknown
Q5VY09	Unknown
Q5VY43	Unknown
Q5VY80	Unknown
Q5VYJ5	Unknown
Q5VYK3	Unknown
Q5VYS8	Unknown
Q5VYX0	Unknown
Q5VYY2	Unknown
Q5VZ89	Unknown
Q5VZE5	Unknown
Q5VZF2	Unknown
Q5VZK9	Unknown
Q5VZL5	Unknown
Q5VZM2	Unknown
Q5VZV1	Unknown
Q5VZY2	Unknown
Q5W041	Unknown
Q5W0B1	Unknown
Q5W0Q7	Unknown
Q5W0Z9	8.A.114.1.6;
Q5W111	Unknown
Q5W5X9	Unknown
Q5XG87	Unknown
Q5XKE5	Unknown
Q5XKL5	Unknown
Q5XKP0	Unknown
Q5XKR4	Unknown
Q5XLA6	Unknown
Q5XPI4	Unknown
Q5XUX0	Unknown
Q5XXA6	1.A.17.1.1;
Q5ZPR3	Unknown
Q60I27	Unknown
Q63HK5	Unknown
Q63HN8	Unknown
Q63HQ0	Unknown
Q63HQ2	Unknown
Q63HR2	Unknown
Q63ZY3	Unknown
Q63ZY6	Unknown
Q641Q2	9.A.3.1.2;
Q643R3	Unknown
Q64LD2	Unknown
Q658P3	5.B.6.1.1;
Q659A1	Unknown
Q659C4	Unknown
Q66GS9	Unknown
Q66K64	Unknown
Q66K74	Unknown
Q66K79	Unknown
Q66K80	Unknown
Q66K89	Unknown
Q66PJ3	Unknown
Q674R7	9.A.15.2.1;
Q674X7	Unknown
Q676U5	9.A.15.2.1;
Q67FW5	Unknown
Q684P5	Unknown
Q685J3	Unknown
Q687X5	5.B.6.1.3;
Q68CJ6	Unknown
Q68CJ9	Unknown
Q68CK6	Unknown
Q68CP4	9.B.169.4.1;
Q68CP9	Unknown
Q68CQ1	Unknown
Q68CQ4	Unknown
Q68CZ1	Unknown
Q68CZ2	Unknown
Q68CZ6	Unknown
Q68D06	Unknown
Q68D10	Unknown
Q68D85	Unknown
Q68D86	Unknown
Q68D91	Unknown
Q68DA7	Unknown
Q68DC2	Unknown
Q68DD2	Unknown
Q68DE3	Unknown
Q68DK2	Unknown
Q68DK7	Unknown
Q68DQ2	Unknown
Q68DV7	Unknown
Q68DX3	Unknown
Q68E01	Unknown
Q68EA5	Unknown
Q68EM7	Unknown
Q68EN5	Unknown
Q68G74	Unknown
Q68G75	Unknown
Q68J44	Unknown
Q69383	Unknown
Q69384	Unknown
Q693B1	Unknown
Q695T7	2.A.22.6.3;
Q69YG0	Unknown
Q69YH5	Unknown
Q69YI7	Unknown
Q69YN4	Unknown
Q69YQ0	Unknown
Q6A162	Unknown
Q6A163	Unknown
Q6AI14	2.A.36.1.18;
Q6AI39	Unknown
Q6AWC2	Unknown
Q6AZY7	Unknown
Q6AZZ1	Unknown
Q6B0I6	Unknown
Q6B8I1	Unknown
Q6BAA4	Unknown
Q6BCY4	Unknown
Q6BDI9	Unknown
Q6BDS2	1.R.2.1.2;
Q6DD88	1.N.5.1.7;
Q6DHV7	Unknown
Q6DJT9	Unknown
Q6DKI2	Unknown
Q6DKI7	Unknown
Q6DKJ4	Unknown
Q6DKK2	Unknown
Q6DN03	Unknown
Q6DN12	9.A.57.1.6;
Q6DN14	Unknown
Q6DN72	Unknown
Q6DN90	Unknown
Q6DRA6	Unknown
Q6DT37	Unknown
Q6E0U4	Unknown
Q6E213	Unknown
Q6ECI4	Unknown
Q6EEV6	Unknown
Q6EIG7	Unknown
Q6EMB2	Unknown
Q6EMK4	Unknown
Q6F5E8	Unknown
Q6FHJ7	Unknown
Q6FI13	Unknown
Q6FI81	Unknown
Q6FIF0	Unknown
Q6GMR7	Unknown
Q6GMV2	Unknown
Q6GPH4	Unknown
Q6GPH6	Unknown
Q6GQQ9	Unknown
Q6GTS8	Unknown
Q6GTX8	Unknown
Q6GYQ0	Unknown
Q6H3X3	Unknown
Q6H8Q1	Unknown
Q6HA08	Unknown
Q6I9Y2	3.A.22.1.2;
Q6IA17	Unknown
Q6IA69	Unknown
Q6IA86	Unknown
Q6IAA8	Unknown
Q6IB77	Unknown
Q6IBS0	Unknown
Q6IBW4	Unknown
Q6IC98	Unknown
Q6ICB0	Unknown
Q6ICB4	Unknown
Q6ICG8	Unknown
Q6ICL3	9.B.467.1.1;
Q6ICL7	2.A.7.9.11;
Q6IE81	Unknown
Q6IEG0	Unknown
Q6IMI6	Unknown
Q6IMN6	Unknown
Q6IN84	Unknown
Q6IN85	Unknown
Q6IPM2	Unknown
Q6IPU0	Unknown
Q6IQ16	Unknown
Q6IQ19	Unknown
Q6IQ20	Unknown
Q6IQ22	8.A.248.1.1;
Q6IQ23	Unknown
Q6IQ26	Unknown
Q6IQ49	Unknown
Q6IQ55	Unknown
Q6IS24	Unknown
Q6ISB3	Unknown
Q6ISU1	Unknown
Q6IWH7	1.A.17.1.27;
Q6J4K2	2.A.19.4.4;
Q6J9G0	Unknown
Q6JBY9	Unknown
Q6JEL2	Unknown
Q6JQN1	Unknown
Q6K0P9	Unknown
Q6KB66	Unknown
Q6KC79	Unknown
Q6KCM7	2.A.29.23.1;
Q6KF10	Unknown
Q6L8G4	Unknown
Q6L8G8	Unknown
Q6L8G9	Unknown
Q6L8H1	Unknown
Q6L8H2	Unknown
Q6L8H4	Unknown
Q6L8Q7	Unknown
Q6L9W6	Unknown
Q6MZM0	8.A.105.1.3;
Q6MZP7	Unknown
Q6MZQ0	Unknown
Q6N021	Unknown
Q6N022	Unknown
Q6N043	Unknown
Q6N069	Unknown
Q6N075	2.A.1.40.2;
Q6NS38	Unknown
Q6NSI4	Unknown
Q6NSJ0	Unknown
Q6NSJ5	1.A.25.3.1;
Q6NSW7	Unknown
Q6NT16	2.A.1.2.57;
Q6NT55	Unknown
Q6NT76	Unknown
Q6NTE8	Unknown
Q6NTF7	Unknown
Q6NTF9	9.B.104.4.4;
Q6NUI2	Unknown
Q6NUI6	Unknown
Q6NUJ2	Unknown
Q6NUJ5	Unknown
Q6NUK1	2.A.29.23.8;
Q6NUN0	Unknown
Q6NUN9	Unknown
Q6NUP7	Unknown
Q6NUQ1	Unknown
Q6NUQ4	8.A.209.1.1;
Q6NUS6	Unknown
Q6NUT2	Unknown
Q6NUT3	2.A.2.7.3;
Q6NVH7	Unknown
Q6NVU6	Unknown
Q6NVY1	Unknown
Q6NW34	Unknown
Q6NW40	Unknown
Q6NWY9	Unknown
Q6NX45	Unknown
Q6NXG1	Unknown
Q6NXR0	Unknown
Q6NXS1	Unknown
Q6NXT2	Unknown
Q6NXT4	2.A.4.4.4;
Q6NXT6	Unknown
Q6NYC1	Unknown
Q6NYC8	Unknown
Q6NZ36	Unknown
Q6NZ67	Unknown
Q6NZI2	Unknown
Q6NZY4	Unknown
Q6NZY7	Unknown
Q6P050	Unknown
Q6P087	Unknown
Q6P0N0	Unknown
Q6P0Q8	Unknown
Q6P158	Unknown
Q6P179	Unknown
Q6P1A2	Unknown
Q6P1J6	Unknown
Q6P1J9	Unknown
Q6P1K1	2.A.110.1.1;
Q6P1K2	Unknown
Q6P1L5	Unknown
Q6P1L6	Unknown
Q6P1M0	4.C.1.1.10;
Q6P1M3	Unknown
Q6P1N0	Unknown
Q6P1N9	Unknown
Q6P1Q0	2.A.97.1.7;
Q6P1Q9	Unknown
Q6P1R4	Unknown
Q6P1W5	Unknown
Q6P1X5	Unknown
Q6P2C8	Unknown
Q6P2D0	Unknown
Q6P2D8	Unknown
Q6P2E9	Unknown
Q6P2H3	Unknown
Q6P2H8	Unknown
Q6P2M8	Unknown
Q6P2P2	Unknown
Q6P2Q9	Unknown
Q6P3S1	Unknown
Q6P3W2	Unknown
Q6P3W7	Unknown
Q6P461	Unknown
Q6P4A8	Unknown
Q6P4F1	Unknown
Q6P4F2	Unknown
Q6P4F7	Unknown
Q6P4H8	Unknown
Q6P4I2	Unknown
Q6P4Q7	1.A.112.1.4;
Q6P4R8	Unknown
Q6P531	Unknown
Q6P587	Unknown
Q6P589	Unknown
Q6P597	Unknown
Q6P5Q4	Unknown
Q6P5S7	3.A.2.2.4;
Q6P5W5	2.A.5.4.1;
Q6P5X5	Unknown
Q6P5Z2	Unknown
Q6P6C2	Unknown
Q6P988	Unknown
Q6P9A2	Unknown
Q6P9B6	Unknown
Q6P9B9	Unknown
Q6P9F0	Unknown
Q6P9F5	Unknown
Q6P9F7	1.A.25.3.1;
Q6P9G9	Unknown
Q6P9H4	Unknown
Q6PCB0	Unknown
Q6PCB6	Unknown
Q6PCB7	4.C.1.1.9;
Q6PCB8	8.A.23.1.2;
Q6PCD5	Unknown
Q6PCE3	Unknown
Q6PCT2	Unknown
Q6PD62	Unknown
Q6PD74	8.A.203.1.1;
Q6PEW1	Unknown
Q6PEX3	Unknown
Q6PEY1	Unknown
Q6PEY2	Unknown
Q6PF05	Unknown
Q6PF06	Unknown
Q6PF18	Unknown
Q6PFW1	Unknown
Q6PGN9	Unknown
Q6PGP7	Unknown
Q6PGQ7	Unknown
Q6PH85	Unknown
Q6PHR2	Unknown
Q6PHW0	Unknown
Q6PI25	8.A.61.1.8;
Q6PI26	Unknown
Q6PI48	Unknown
Q6PI77	Unknown
Q6PI78	8.A.205.1.1;
Q6PI98	Unknown
Q6PID8	Unknown
Q6PIF2	Unknown
Q6PIF6	Unknown
Q6PIJ6	Unknown
Q6PIL6	8.A.82.2.2;
Q6PIU1	Unknown
Q6PIU2	Unknown
Q6PIV2	Unknown
Q6PIW4	Unknown
Q6PIY7	Unknown
Q6PIZ9	Unknown
Q6PJ21	Unknown
Q6PJ61	Unknown
Q6PJ69	Unknown
Q6PJF5	Unknown
Q6PJG6	Unknown
Q6PJG9	Unknown
Q6PJI9	Unknown
Q6PJP8	Unknown
Q6PJT7	Unknown
Q6PJW8	Unknown
Q6PKC3	Unknown
Q6PKG0	Unknown
Q6PKX4	Unknown
Q6PL18	Unknown
Q6PL24	Unknown
Q6PL45	Unknown
Q6PML9	2.A.4.6.1;
Q6PRD1	9.A.14.15.6;
Q6PRD7	Unknown
Q6PUV4	Unknown
Q6PXP3	2.A.1.1.37;
Q6Q0C0	Unknown
Q6Q0C1	2.A.29.8.10;
Q6Q4G3	Unknown
Q6Q759	Unknown
Q6Q788	Unknown
Q6QHC5	Unknown
Q6QHF9	Unknown
Q6QHK4	Unknown
Q6QN14	Unknown
Q6QNK2	Unknown
Q6QNY0	Unknown
Q6QNY1	Unknown
Q6R327	8.A.188.1.1;
Q6R6M4	Unknown
Q6RFH5	Unknown
Q6RFH8	Unknown
Q6RI45	Unknown
Q6RVD6	Unknown
Q6RW13	Unknown
Q6S5L8	Unknown
Q6S8J3	Unknown
Q6S9Z5	Unknown
Q6SA08	Unknown
Q6SJ93	Unknown
Q6SPF0	Unknown
Q6STE5	Unknown
Q6SZW1	Unknown
Q6T4R5	Unknown
Q6TCH4	Unknown
Q6TCH7	Unknown
Q6TFL4	Unknown
Q6TGC4	Unknown
Q6U736	Unknown
Q6U7Q0	Unknown
Q6U841	2.A.31.2.14;
Q6UB28	Unknown
Q6UB35	Unknown
Q6UB98	Unknown
Q6UB99	Unknown
Q6ULP2	Unknown
Q6UN15	Unknown
Q6UUV7	Unknown
Q6UUV9	Unknown
Q6UVJ0	Unknown
Q6UVK1	Unknown
Q6UVM3	1.A.1.3.6;
Q6UVW9	Unknown
Q6UVY6	Unknown
Q6UW15	Unknown
Q6UW56	9.B.87.5.1;
Q6UW60	Unknown
Q6UW63	Unknown
Q6UW68	9.A.55.1.1;
Q6UW78	Unknown
Q6UW88	Unknown
Q6UWB1	Unknown
Q6UWB4	Unknown
Q6UWE0	Unknown
Q6UWF3	Unknown
Q6UWI2	Unknown
Q6UWJ1	2.A.37.1.11;
Q6UWK7	Unknown
Q6UWL6	Unknown
Q6UWN5	Unknown
Q6UWP2	Unknown
Q6UWP7	Unknown
Q6UWR7	Unknown
Q6UWU4	Unknown
Q6UWV6	Unknown
Q6UWW8	Unknown
Q6UWY0	Unknown
Q6UWY2	Unknown
Q6UWZ7	Unknown
Q6UX01	Unknown
Q6UX04	Unknown
Q6UX06	Unknown
Q6UX15	Unknown
Q6UX27	Unknown
Q6UX34	Unknown
Q6UX39	Unknown
Q6UX40	Unknown
Q6UX41	Unknown
Q6UX46	Unknown
Q6UX53	Unknown
Q6UX65	8.A.113.1.9;
Q6UX71	Unknown
Q6UX98	Unknown
Q6UXB2	Unknown
Q6UXB4	Unknown
Q6UXB8	Unknown
Q6UXD5	Unknown
Q6UXF1	Unknown
Q6UXG2	Unknown
Q6UXG3	Unknown
Q6UXG8	Unknown
Q6UXH0	Unknown
Q6UXH1	Unknown
Q6UXH8	Unknown
Q6UXI9	Unknown
Q6UXK2	Unknown
Q6UXL0	Unknown
Q6UXM1	Unknown
Q6UXN8	Unknown
Q6UXN9	Unknown
Q6UXS9	Unknown
Q6UXT8	Unknown
Q6UXV0	Unknown
Q6UXV4	Unknown
Q6UXX9	Unknown
Q6UXY1	Unknown
Q6UXZ0	Unknown
Q6UXZ3	Unknown
Q6UXZ4	Unknown
Q6UY09	Unknown
Q6UY14	Unknown
Q6V0I7	Unknown
Q6V0L0	Unknown
Q6V1P9	Unknown
Q6V1X1	Unknown
Q6VAB6	Unknown
Q6VB84	Unknown
Q6VEQ5	Unknown
Q6VMQ6	Unknown
Q6VN20	Unknown
Q6VVB1	Unknown
Q6VVX0	Unknown
Q6VY07	Unknown
Q6W0C5	Unknown
Q6W2J9	Unknown
Q6W4X9	Unknown
Q6W5P4	9.A.14.10.5;
Q6WCQ1	Unknown
Q6WKZ4	Unknown
Q6WN34	Unknown
Q6WRI0	Unknown
Q6X4U4	Unknown
Q6X4W1	Unknown
Q6XD76	Unknown
Q6XE24	Unknown
Q6XPS3	Unknown
Q6XQN6	Unknown
Q6XR72	2.A.4.2.5;
Q6XUX3	Unknown
Q6XYQ8	Unknown
Q6XZB0	Unknown
Q6XZF7	Unknown
Q6Y1H2	Unknown
Q6Y288	Unknown
Q6Y7W6	Unknown
Q6YBV0	2.A.18.8.5;
Q6YHK3	Unknown
Q6YHU6	Unknown
Q6YN16	Unknown
Q6YP21	Unknown
Q6ZMB0	Unknown
Q6ZMC9	Unknown
Q6ZMG9	Unknown
Q6ZMH5	2.A.5.4.10;
Q6ZMI0	Unknown
Q6ZMI3	Unknown
Q6ZMJ2	Unknown
Q6ZMJ4	Unknown
Q6ZMM2	Unknown
Q6ZMN7	Unknown
Q6ZMP0	Unknown
Q6ZMQ8	8.A.23.1.35;
Q6ZMR5	8.A.131.1.7;
Q6ZMS7	Unknown
Q6ZMT1	Unknown
Q6ZMT4	Unknown
Q6ZMU5	1.F.1.2.1;1.F.1.2.3;
Q6ZMY3	Unknown
Q6ZMZ0	Unknown
Q6ZMZ3	Unknown
Q6ZN04	Unknown
Q6ZN16	Unknown
Q6ZN17	Unknown
Q6ZN18	Unknown
Q6ZN30	Unknown
Q6ZN44	Unknown
Q6ZN54	Unknown
Q6ZN55	Unknown
Q6ZN57	Unknown
Q6ZN66	Unknown
Q6ZNA4	Unknown
Q6ZNB7	Unknown
Q6ZNC8	Unknown
Q6ZNE5	9.A.15.2.1;
Q6ZNE9	Unknown
Q6ZNG0	Unknown
Q6ZNH5	Unknown
Q6ZNJ1	Unknown
Q6ZNK6	Unknown
Q6ZNL6	Unknown
Q6ZNX1	Unknown
Q6ZP29	2.A.43.2.1;
Q6ZP80	Unknown
Q6ZP82	Unknown
Q6ZPD8	Unknown
Q6ZPD9	Unknown
Q6ZQN7	2.A.60.1.11;
Q6ZQR2	Unknown
Q6ZQW0	Unknown
Q6ZQX7	Unknown
Q6ZQY3	Unknown
Q6ZR08	Unknown
Q6ZR37	Unknown
Q6ZRF8	Unknown
Q6ZRI0	Unknown
Q6ZRI6	Unknown
Q6ZRI8	Unknown
Q6ZRP7	Unknown
Q6ZRQ5	Unknown
Q6ZRS2	Unknown
Q6ZRV2	Unknown
Q6ZRY4	Unknown
Q6ZS10	Unknown
Q6ZS17	Unknown
Q6ZSA7	8.A.43.1.8;
Q6ZSB9	Unknown
Q6ZSG1	Unknown
Q6ZSJ9	8.A.83.1.1;
Q6ZSM3	2.A.1.13.14;
Q6ZSS7	2.A.1.65.13;
Q6ZSY5	Unknown
Q6ZSZ5	Unknown
Q6ZSZ6	Unknown
Q6ZT12	Unknown
Q6ZT21	Unknown
Q6ZT62	Unknown
Q6ZT89	2.A.29.8.8;
Q6ZT98	Unknown
Q6ZTN6	Unknown
Q6ZTQ3	Unknown
Q6ZTQ4	Unknown
Q6ZTR5	Unknown
Q6ZTW0	Unknown
Q6ZU15	Unknown
Q6ZU35	Unknown
Q6ZU52	Unknown
Q6ZU64	Unknown
Q6ZU80	Unknown
Q6ZUI0	Unknown
Q6ZUJ8	Unknown
Q6ZUM4	Unknown
Q6ZUT1	Unknown
Q6ZUT3	8.A.25.1.5;
Q6ZUX7	Unknown
Q6ZV29	Unknown
Q6ZV65	Unknown
Q6ZV73	Unknown
Q6ZVD7	Unknown
Q6ZVD8	Unknown
Q6ZVE7	Unknown
Q6ZVK8	Unknown
Q6ZVM7	Unknown
Q6ZVN8	Unknown
Q6ZVT0	Unknown
Q6ZW31	Unknown
Q6ZW49	Unknown
Q6ZW61	Unknown
Q6ZW76	Unknown
Q6ZWH5	Unknown
Q6ZWJ1	Unknown
Q6ZWK4	Unknown
Q6ZWL3	Unknown
Q6ZWT7	Unknown
Q6ZXV5	8.A.95.1.1;
Q6ZYL4	Unknown
Q701N4	Unknown
Q702N8	Unknown
Q709C8	Unknown
Q709F0	Unknown
Q70CQ1	Unknown
Q70CQ2	Unknown
Q70CQ3	Unknown
Q70CQ4	Unknown
Q70E73	Unknown
Q70EK8	Unknown
Q70EK9	Unknown
Q70EL1	Unknown
Q70EL2	Unknown
Q70EL3	Unknown
Q70EL4	Unknown
Q70HW3	2.A.29.18.3;
Q70IA6	Unknown
Q70IA8	Unknown
Q70J99	Unknown
Q70JA7	Unknown
Q70SY1	Unknown
Q70UQ0	Unknown
Q70YC4	Unknown
Q70YC5	Unknown
Q70Z35	Unknown
Q70Z44	1.A.9.2.3;
Q70Z53	Unknown
Q711Q0	Unknown
Q712K3	Unknown
Q719H9	1.A.1.2.33;
Q71DI3	Unknown
Q71F23	Unknown
Q71F56	Unknown
Q71H61	Unknown
Q71RC2	Unknown
Q71RG4	Unknown
Q71RS6	2.A.19.4.6;
Q71SY5	Unknown
Q71U36	8.A.173.1.1;
Q71UI9	Unknown
Q75N03	Unknown
Q75N90	Unknown
Q75QN2	Unknown
Q75T13	Unknown
Q75V66	1.A.17.1.21;
Q75WM6	Unknown
Q765P7	Unknown
Q76EJ3	2.A.7.15.1;
Q76FK4	Unknown
Q76I76	Unknown
Q76L83	Unknown
Q76LX8	Unknown
Q76MJ5	Unknown
Q76N32	Unknown
Q76N89	Unknown
Q76NI1	Unknown
Q7KYR7	Unknown
Q7KZ85	Unknown
Q7KZF4	Unknown
Q7KZI7	Unknown
Q7KZN9	8.A.174.1.1;
Q7L014	Unknown
Q7L099	Unknown
Q7L0J3	Unknown
Q7L0Q8	Unknown
Q7L0X0	Unknown
Q7L0Y3	Unknown
Q7L190	Unknown
Q7L1I2	2.A.1.22.7;
Q7L1Q6	Unknown
Q7L1S5	Unknown
Q7L1T6	Unknown
Q7L1W4	1.A.25.3.1;
Q7L266	Unknown
Q7L273	Unknown
Q7L2E3	Unknown
Q7L2H7	Unknown
Q7L2J0	Unknown
Q7L2R6	Unknown
Q7L2Z9	Unknown
Q7L3B6	Unknown
Q7L3V2	Unknown
Q7L4E1	1.R.1.1.1;
Q7L4I2	Unknown
Q7L4P6	Unknown
Q7L513	Unknown
Q7L523	Unknown
Q7L576	Unknown
Q7L590	Unknown
Q7L591	Unknown
Q7L592	Unknown
Q7L5A3	Unknown
Q7L5A8	Unknown
Q7L5D6	Unknown
Q7L5L3	Unknown
Q7L5N1	Unknown
Q7L5N7	Unknown
Q7L5Y1	Unknown
Q7L5Y6	Unknown
Q7L5Y9	Unknown
Q7L622	Unknown
Q7L775	Unknown
Q7L7L0	Unknown
Q7L7V1	Unknown
Q7L7X3	Unknown
Q7L804	Unknown
Q7L8A9	Unknown
Q7L8J4	Unknown
Q7L8L6	Unknown
Q7L8S5	Unknown
Q7L9L4	Unknown
Q7LBC6	Unknown
Q7LBE3	2.A.53.2.15;
Q7LBR1	Unknown
Q7LC44	Unknown
Q7LDG7	Unknown
Q7LFL8	Unknown
Q7LFX5	Unknown
Q7LG56	Unknown
Q7LGA3	Unknown
Q7LGC8	Unknown
Q7RTM1	1.A.110.1.2;
Q7RTN6	Unknown
Q7RTP0	2.A.7.25.1;
Q7RTP6	Unknown
Q7RTR0	Unknown
Q7RTR2	Unknown
Q7RTS1	Unknown
Q7RTS3	Unknown
Q7RTS5	1.A.110.1.4;
Q7RTS7	Unknown
Q7RTS9	Unknown
Q7RTT9	2.A.57.1.5;
Q7RTU1	Unknown
Q7RTU3	Unknown
Q7RTU4	Unknown
Q7RTU7	Unknown
Q7RTV0	Unknown
Q7RTW8	Unknown
Q7RTX0	9.A.14.7.10;
Q7RTX1	9.A.14.7.5;
Q7RTX7	1.A.1.19.1;
Q7RTY0	2.A.1.13.17;
Q7RTY1	2.A.1.13.16;
Q7RTZ1	Unknown
Q7Z2D5	Unknown
Q7Z2E3	Unknown
Q7Z2G1	Unknown
Q7Z2H8	2.A.18.8.7;
Q7Z2K6	Unknown
Q7Z2T5	Unknown
Q7Z2W4	Unknown
Q7Z2W7	1.A.4.5.7;
Q7Z2X4	Unknown
Q7Z2Y5	Unknown
Q7Z2Z1	Unknown
Q7Z2Z2	Unknown
Q7Z333	Unknown
Q7Z353	Unknown
Q7Z392	Unknown
Q7Z3B1	Unknown
Q7Z3B3	Unknown
Q7Z3B4	1.I.1.1.3;
Q7Z3C6	9.A.15.2.1;
Q7Z3D4	Unknown
Q7Z3D6	Unknown
Q7Z3E1	Unknown
Q7Z3E5	Unknown
Q7Z3F1	2.A.69.3.8;
Q7Z3G6	Unknown
Q7Z3H0	Unknown
Q7Z3H4	Unknown
Q7Z3I7	Unknown
Q7Z3J2	Unknown
Q7Z3K3	Unknown
Q7Z3K6	Unknown
Q7Z3Q1	2.A.1.50.3;
Q7Z3S7	8.A.18.3.2;
Q7Z3S9	Unknown
Q7Z3T8	8.A.136.1.13;
Q7Z3U7	Unknown
Q7Z3V4	Unknown
Q7Z3Y7	Unknown
Q7Z3Y8	Unknown
Q7Z3Y9	Unknown
Q7Z3Z0	Unknown
Q7Z3Z2	Unknown
Q7Z3Z4	Unknown
Q7Z401	Unknown
Q7Z403	1.A.17.4.10;
Q7Z406	Unknown
Q7Z407	Unknown
Q7Z408	Unknown
Q7Z410	Unknown
Q7Z412	3.A.20.1.1;
Q7Z417	Unknown
Q7Z418	Unknown
Q7Z419	Unknown
Q7Z429	1.A.14.3.14;
Q7Z434	Unknown
Q7Z442	1.A.5.1.8;
Q7Z443	1.A.5.1.2;
Q7Z449	Unknown
Q7Z460	Unknown
Q7Z465	Unknown
Q7Z478	Unknown
Q7Z494	Unknown
Q7Z4F1	Unknown
Q7Z4G1	Unknown
Q7Z4G4	Unknown
Q7Z4H4	Unknown
Q7Z4H7	Unknown
Q7Z4H8	Unknown
Q7Z4I7	Unknown
Q7Z4K8	Unknown
Q7Z4L5	Unknown
Q7Z4N2	1.A.4.5.2;
Q7Z4N8	Unknown
Q7Z4P5	Unknown
Q7Z4Q2	Unknown
Q7Z4S6	Unknown
Q7Z4T8	Unknown
Q7Z4T9	Unknown
Q7Z4V0	Unknown
Q7Z4V5	Unknown
Q7Z4W1	Unknown
Q7Z4W3	Unknown
Q7Z569	Unknown
Q7Z570	Unknown
Q7Z589	Unknown
Q7Z591	Unknown
Q7Z5A7	Unknown
Q7Z5B4	8.A.71.1.1;
Q7Z5G4	8.A.114.1.5;
Q7Z5H3	Unknown
Q7Z5J1	Unknown
Q7Z5J4	Unknown
Q7Z5K2	Unknown
Q7Z5L2	Unknown
Q7Z5L7	Unknown
Q7Z5L9	Unknown
Q7Z5N4	Unknown
Q7Z5P4	Unknown
Q7Z5P9	Unknown
Q7Z5Q1	Unknown
Q7Z5Q5	Unknown
Q7Z5R6	Unknown
Q7Z5V6	Unknown
Q7Z5W3	Unknown
Q7Z5Y6	Unknown
Q7Z602	Unknown
Q7Z614	3.A.34.1.1;
Q7Z624	Unknown
Q7Z628	Unknown
Q7Z695	Unknown
Q7Z698	Unknown
Q7Z699	Unknown
Q7Z6A9	Unknown
Q7Z6B0	Unknown
Q7Z6B7	Unknown
Q7Z6E9	Unknown
Q7Z6G3	Unknown
Q7Z6G8	Unknown
Q7Z6I5	Unknown
Q7Z6I6	Unknown
Q7Z6J0	Unknown
Q7Z6J4	Unknown
Q7Z6J6	Unknown
Q7Z6J8	Unknown
Q7Z6J9	Unknown
Q7Z6K1	Unknown
Q7Z6K5	Unknown
Q7Z6L0	8.A.58.2.1;
Q7Z6L1	Unknown
Q7Z6M1	Unknown
Q7Z6M3	Unknown
Q7Z6M4	Unknown
Q7Z6P3	Unknown
Q7Z6R9	Unknown
Q7Z6V5	Unknown
Q7Z6Z7	Unknown
Q7Z739	Unknown
Q7Z769	2.A.7.9.15;
Q7Z794	Unknown
Q7Z7A1	Unknown
Q7Z7A3	Unknown
Q7Z7A4	Unknown
Q7Z7B0	Unknown
Q7Z7B1	Unknown
Q7Z7C7	Unknown
Q7Z7C8	Unknown
Q7Z7D3	Unknown
Q7Z7E8	Unknown
Q7Z7F0	Unknown
Q7Z7G0	Unknown
Q7Z7G1	Unknown
Q7Z7G2	Unknown
Q7Z7G8	1.R.2.1.4;
Q7Z7H3	Unknown
Q7Z7H5	Unknown
Q7Z7H8	Unknown
Q7Z7K6	Unknown
Q7Z7L1	Unknown
Q7Z7L7	Unknown
Q7Z7M0	Unknown
Q7Z7M8	Unknown
Q7Z7M9	Unknown
Q7Z7N9	9.B.201.1.2;
Q86SE5	Unknown
Q86SE8	Unknown
Q86SE9	Unknown
Q86SF2	Unknown
Q86SG2	Unknown
Q86SG3	Unknown
Q86SG5	Unknown
Q86SG6	Unknown
Q86SJ2	Unknown
Q86SJ6	Unknown
Q86SK9	Unknown
Q86SM8	Unknown
Q86SQ0	Unknown
Q86SQ3	Unknown
Q86SQ4	Unknown
Q86SQ6	Unknown
Q86SQ7	Unknown
Q86SQ9	Unknown
Q86SR1	Unknown
Q86SS6	Unknown
Q86SU0	Unknown
Q86SX6	Unknown
Q86SZ2	Unknown
Q86T03	Unknown
Q86T13	Unknown
Q86T24	Unknown
Q86T26	Unknown
Q86T65	Unknown
Q86T82	Unknown
Q86T90	Unknown
Q86T96	Unknown
Q86TB3	Unknown
Q86TB9	Unknown
Q86TC9	Unknown
Q86TG1	8.A.113.1.2;
Q86TG7	Unknown
Q86TH1	Unknown
Q86TI0	8.A.87.1.4;
Q86TI2	Unknown
Q86TJ2	Unknown
Q86TL0	9.A.15.2.1;
Q86TL2	8.A.65.1.1;
Q86TM3	Unknown
Q86TM6	3.A.16.1.4;
Q86TP1	Unknown
Q86TS9	Unknown
Q86TU7	Unknown
Q86TV6	Unknown
Q86TW2	Unknown
Q86TX2	Unknown
Q86TY3	Unknown
Q86U06	Unknown
Q86U10	Unknown
Q86U28	Unknown
Q86U42	Unknown
Q86U44	Unknown
Q86U70	Unknown
Q86U86	Unknown
Q86U90	Unknown
Q86UA6	Unknown
Q86UB9	Unknown
Q86UC2	Unknown
Q86UD0	Unknown
Q86UD3	8.A.159.1.9;
Q86UD4	Unknown
Q86UD5	2.A.36.2.2;
Q86UE4	Unknown
Q86UE6	8.A.43.1.11;
Q86UE8	Unknown
Q86UF1	8.A.40.1.11;
Q86UG4	2.A.60.1.17;
Q86UK0	3.A.1.211.13;
Q86UK5	Unknown
Q86UK7	Unknown
Q86UL3	Unknown
Q86UL8	8.A.24.1.6;
Q86UN2	Unknown
Q86UN3	Unknown
Q86UN6	Unknown
Q86UP0	Unknown
Q86UP2	Unknown
Q86UP3	Unknown
Q86UQ0	Unknown
Q86UQ4	3.A.1.211.18;
Q86UQ8	Unknown
Q86UR1	Unknown
Q86UR5	Unknown
Q86US8	Unknown
Q86UT5	8.A.24.1.14;
Q86UT6	Unknown
Q86UT8	Unknown
Q86UU0	Unknown
Q86UU5	Unknown
Q86UU9	Unknown
Q86UV5	Unknown
Q86UV6	Unknown
Q86UW1	2.A.82.1.2;
Q86UW2	2.A.82.1.2;
Q86UW6	Unknown
Q86UW7	Unknown
Q86UW9	Unknown
Q86UX2	Unknown
Q86UX6	Unknown
Q86UX7	Unknown
Q86UY5	Unknown
Q86UY6	Unknown
Q86UZ6	Unknown
Q86V15	Unknown
Q86V20	Unknown
Q86V24	1.C.113.1.11;
Q86V25	Unknown
Q86V40	Unknown
Q86V42	Unknown
Q86V48	Unknown
Q86V81	3.A.22.1.2;
Q86V86	Unknown
Q86V97	Unknown
Q86VB7	Unknown
Q86VD1	Unknown
Q86VD7	2.A.29.12.2;
Q86VD9	Unknown
Q86VE0	Unknown
Q86VE9	9.A.29.3.5;
Q86VF2	Unknown
Q86VF5	Unknown
Q86VF7	Unknown
Q86VH2	Unknown
Q86VH5	Unknown
Q86VI3	Unknown
Q86VI4	2.A.74.1.3;
Q86VK4	Unknown
Q86VL8	2.A.66.1.20;
Q86VM9	Unknown
Q86VN1	Unknown
Q86VP1	Unknown
Q86VP3	1.A.5.1.1;
Q86VP6	Unknown
Q86VQ0	Unknown
Q86VQ3	Unknown
Q86VQ6	Unknown
Q86VR2	Unknown
Q86VS8	Unknown
Q86VV4	Unknown
Q86VV8	Unknown
Q86VW0	Unknown
Q86VW1	2.A.1.19.12;
Q86VW2	Unknown
Q86VX2	Unknown
Q86VX9	Unknown
Q86VY4	Unknown
Q86VZ1	Unknown
Q86VZ5	Unknown
Q86VZ6	Unknown
Q86W10	Unknown
Q86W11	Unknown
Q86W24	Unknown
Q86W26	Unknown
Q86W28	Unknown
Q86W42	3.A.22.1.2;
Q86W47	Unknown
Q86W50	Unknown
Q86W54	Unknown
Q86W56	Unknown
Q86W74	Unknown
Q86W92	Unknown
Q86WA6	Unknown
Q86WA8	Unknown
Q86WA9	2.A.53.1.10;
Q86WB0	Unknown
Q86WB7	2.A.1.58.9;
Q86WC4	2.A.49.3.3;
Q86WD7	Unknown
Q86WG3	Unknown
Q86WG5	Unknown
Q86WH2	Unknown
Q86WI1	Unknown
Q86WI3	Unknown
Q86WJ1	Unknown
Q86WK6	8.A.43.1.10;
Q86WN1	Unknown
Q86WP2	Unknown
Q86WQ0	Unknown
Q86WR0	Unknown
Q86WS4	Unknown
Q86WS5	Unknown
Q86WT1	Unknown
Q86WT6	Unknown
Q86WU2	Unknown
Q86WV1	Unknown
Q86WV5	Unknown
Q86WV6	1.A.140.1.1;
Q86WX3	Unknown
Q86X02	Unknown
Q86X24	Unknown
Q86X27	Unknown
Q86X29	Unknown
Q86X45	Unknown
Q86X51	Unknown
Q86X52	Unknown
Q86X55	Unknown
Q86X67	Unknown
Q86X76	Unknown
Q86X95	Unknown
Q86XA0	Unknown
Q86XE0	3.A.34.1.1;
Q86XE3	Unknown
Q86XE5	Unknown
Q86XF0	Unknown
Q86XF7	Unknown
Q86XI2	Unknown
Q86XJ0	1.A.84.1.3;
Q86XJ1	Unknown
Q86XK2	Unknown
Q86XK3	Unknown
Q86XK7	Unknown
Q86XL3	Unknown
Q86XM0	1.A.1.19.1;
Q86XN8	Unknown
Q86XP0	Unknown
Q86XP1	Unknown
Q86XP3	Unknown
Q86XQ3	1.A.1.19.1;
Q86XR7	8.A.43.2.1;
Q86XR8	Unknown
Q86XS8	Unknown
Q86XT2	Unknown
Q86XT4	Unknown
Q86XX4	Unknown
Q86Y01	Unknown
Q86Y07	Unknown
Q86Y13	Unknown
Q86Y25	Unknown
Q86Y26	Unknown
Q86Y33	Unknown
Q86Y34	Unknown
Q86Y37	Unknown
Q86Y38	Unknown
Q86Y39	Unknown
Q86Y46	Unknown
Q86Y56	Unknown
Q86Y78	Unknown
Q86Y82	Unknown
Q86Y91	Unknown
Q86Y97	Unknown
Q86YA3	Unknown
Q86YB8	Unknown
Q86YC2	Unknown
Q86YC3	Unknown
Q86YD1	Unknown
Q86YD3	8.A.23.3.1;
Q86YD5	Unknown
Q86YD7	Unknown
Q86YF9	3.A.33.1.1;
Q86YH6	Unknown
Q86YI8	Unknown
Q86YJ5	Unknown
Q86YJ6	Unknown
Q86YJ7	Unknown
Q86YL7	8.A.128.8.1;
Q86YM7	Unknown
Q86YN6	8.A.246.1.1;
Q86YP4	Unknown
Q86YR5	Unknown
Q86YR7	Unknown
Q86YS3	Unknown
Q86YS6	Unknown
Q86YS7	Unknown
Q86YT5	2.A.47.1.9;
Q86YT6	Unknown
Q86YT9	Unknown
Q86YV0	Unknown
Q86YV5	Unknown
Q86YV9	Unknown
Q86YW0	Unknown
Q86YW5	Unknown
Q86YW7	Unknown
Q86YW9	Unknown
Q86YZ3	Unknown
Q86Z02	Unknown
Q86Z14	8.A.49.1.2;
Q86Z20	Unknown
Q86Z23	Unknown
Q8HWS3	Unknown
Q8IU54	Unknown
Q8IU57	Unknown
Q8IU60	Unknown
Q8IU68	1.A.17.4.11;
Q8IU80	Unknown
Q8IU81	Unknown
Q8IU85	Unknown
Q8IU89	Unknown
Q8IU99	1.A.84.1.1;
Q8IUA7	3.A.1.211.16;
Q8IUB9	Unknown
Q8IUC1	Unknown
Q8IUC2	Unknown
Q8IUC3	Unknown
Q8IUC4	Unknown
Q8IUC6	Unknown
Q8IUC8	Unknown
Q8IUD2	Unknown
Q8IUD6	Unknown
Q8IUE6	Unknown
Q8IUF8	Unknown
Q8IUG1	Unknown
Q8IUG5	Unknown
Q8IUH3	Unknown
Q8IUH4	8.A.114.1.7;
Q8IUH5	8.A.114.1.1;
Q8IUH8	Unknown
Q8IUI8	Unknown
Q8IUK5	Unknown
Q8IUM7	Unknown
Q8IUN9	Unknown
Q8IUQ0	Unknown
Q8IUQ4	8.A.133.1.1;
Q8IUR5	Unknown
Q8IUR6	Unknown
Q8IUR7	Unknown
Q8IUW3	Unknown
Q8IUW5	Unknown
Q8IUX1	9.B.317.1.1;
Q8IUX4	Unknown
Q8IUX7	Unknown
Q8IUX8	Unknown
Q8IUY3	Unknown
Q8IUZ5	Unknown
Q8IV04	Unknown
Q8IV08	Unknown
Q8IV16	Unknown
Q8IV20	Unknown
Q8IV31	8.A.60.1.1;
Q8IV36	Unknown
Q8IV45	Unknown
Q8IV48	Unknown
Q8IV53	Unknown
Q8IV61	Unknown
Q8IV63	Unknown
Q8IV76	Unknown
Q8IV77	Unknown
Q8IVB4	2.A.36.1.19;
Q8IVD9	Unknown
Q8IVE3	Unknown
Q8IVF2	Unknown
Q8IVF4	Unknown
Q8IVF5	Unknown
Q8IVF7	Unknown
Q8IVG5	Unknown
Q8IVG9	Unknown
Q8IVH2	Unknown
Q8IVH4	Unknown
Q8IVH8	Unknown
Q8IVI9	Unknown
Q8IVJ1	1.A.26.2.1;
Q8IVL0	Unknown
Q8IVL1	Unknown
Q8IVL5	Unknown
Q8IVL6	Unknown
Q8IVL8	Unknown
Q8IVM0	Unknown
Q8IVM8	2.A.1.19.18;
Q8IVP5	Unknown
Q8IVP9	Unknown
Q8IVQ6	Unknown
Q8IVS2	Unknown
Q8IVS8	Unknown
Q8IVT2	Unknown
Q8IVT5	Unknown
Q8IVU3	Unknown
Q8IVV7	Unknown
Q8IVW4	Unknown
Q8IVW6	Unknown
Q8IVW8	2.A.1.49.6;
Q8IW00	Unknown
Q8IW19	Unknown
Q8IW35	Unknown
Q8IW40	Unknown
Q8IW41	Unknown
Q8IW45	Unknown
Q8IW52	Unknown
Q8IW75	Unknown
Q8IWA0	Unknown
Q8IWA4	1.N.6.1.2;
Q8IWA5	2.A.92.1.4;
Q8IWB1	Unknown
Q8IWB6	8.A.23.1.18;
Q8IWB7	Unknown
Q8IWC1	Unknown
Q8IWD4	Unknown
Q8IWE2	Unknown
Q8IWE4	Unknown
Q8IWE5	Unknown
Q8IWF2	Unknown
Q8IWG1	Unknown
Q8IWI9	Unknown
Q8IWJ2	Unknown
Q8IWK6	Unknown
Q8IWL1	Unknown
Q8IWL2	Unknown
Q8IWL3	Unknown
Q8IWL8	Unknown
Q8IWN7	Unknown
Q8IWQ3	Unknown
Q8IWR1	Unknown
Q8IWS0	Unknown
Q8IWT0	Unknown
Q8IWT1	8.A.17.2.2;
Q8IWT3	Unknown
Q8IWT6	1.A.25.3.1;
Q8IWU2	Unknown
Q8IWU4	2.A.4.3.5;
Q8IWU5	Unknown
Q8IWU6	Unknown
Q8IWU9	Unknown
Q8IWV1	Unknown
Q8IWV2	Unknown
Q8IWV7	Unknown
Q8IWV8	Unknown
Q8IWW6	Unknown
Q8IWW8	Unknown
Q8IWX5	Unknown
Q8IWX7	Unknown
Q8IWX8	Unknown
Q8IWY4	Unknown
Q8IWY9	Unknown
Q8IWZ3	Unknown
Q8IWZ4	Unknown
Q8IWZ5	Unknown
Q8IWZ6	3.A.33.1.1;
Q8IWZ8	Unknown
Q8IX01	Unknown
Q8IX03	Unknown
Q8IX04	Unknown
Q8IX05	Unknown
Q8IX07	Unknown
Q8IX12	Unknown
Q8IX15	Unknown
Q8IX19	Unknown
Q8IX21	Unknown
Q8IX30	Unknown
Q8IX90	Unknown
Q8IXA5	Unknown
Q8IXB1	Unknown
Q8IXB3	Unknown
Q8IXF0	Unknown
Q8IXH6	Unknown
Q8IXH7	Unknown
Q8IXH8	Unknown
Q8IXI1	Unknown
Q8IXI2	Unknown
Q8IXJ6	Unknown
Q8IXJ9	Unknown
Q8IXK0	Unknown
Q8IXK2	Unknown
Q8IXL6	Unknown
Q8IXL7	Unknown
Q8IXM2	Unknown
Q8IXM3	Unknown
Q8IXM6	Unknown
Q8IXN7	Unknown
Q8IXP5	Unknown
Q8IXQ5	Unknown
Q8IXQ6	Unknown
Q8IXQ9	Unknown
Q8IXS2	Unknown
Q8IXU6	2.A.7.24.10;
Q8IXV7	Unknown
Q8IXW0	Unknown
Q8IXW5	Unknown
Q8IXZ2	Unknown
Q8IY17	Unknown
Q8IY18	Unknown
Q8IY21	Unknown
Q8IY22	Unknown
Q8IY26	Unknown
Q8IY31	Unknown
Q8IY33	Unknown
Q8IY34	2.A.17.3.9;
Q8IY37	Unknown
Q8IY47	Unknown
Q8IY49	1.C.113.2.3;
Q8IY57	Unknown
Q8IY63	Unknown
Q8IY81	Unknown
Q8IY82	Unknown
Q8IY84	Unknown
Q8IY92	Unknown
Q8IY95	9.B.134.1.1;
Q8IYA6	Unknown
Q8IYA8	Unknown
Q8IYB1	Unknown
Q8IYB3	3.A.18.1.1;
Q8IYB4	Unknown
Q8IYB5	Unknown
Q8IYB7	Unknown
Q8IYB8	Unknown
Q8IYD1	Unknown
Q8IYD8	Unknown
Q8IYE0	Unknown
Q8IYE1	Unknown
Q8IYF1	Unknown
Q8IYF3	Unknown
Q8IYG6	Unknown
Q8IYH5	Unknown
Q8IYI0	Unknown
Q8IYI6	1.F.2.1.2;
Q8IYI8	Unknown
Q8IYJ0	Unknown
Q8IYJ1	Unknown
Q8IYJ2	Unknown
Q8IYJ3	Unknown
Q8IYK4	Unknown
Q8IYL9	Unknown
Q8IYM1	Unknown
Q8IYM2	Unknown
Q8IYM9	Unknown
Q8IYP9	Unknown
Q8IYR0	Unknown
Q8IYR2	Unknown
Q8IYR6	8.A.74.1.4;
Q8IYS1	Unknown
Q8IYS5	Unknown
Q8IYT1	Unknown
Q8IYT2	Unknown
Q8IYT3	Unknown
Q8IYT4	Unknown
Q8IYT8	Unknown
Q8IYU2	Unknown
Q8IYU8	8.A.44.1.2;
Q8IYV9	8.A.55.1.1;
Q8IYW5	Unknown
Q8IYX1	Unknown
Q8IYX3	Unknown
Q8IYX4	Unknown
Q8IYX7	Unknown
Q8IYX8	Unknown
Q8IYY4	Unknown
Q8IZ07	Unknown
Q8IZ08	Unknown
Q8IZ20	Unknown
Q8IZ21	Unknown
Q8IZ41	Unknown
Q8IZ52	Unknown
Q8IZ69	Unknown
Q8IZ96	1.A.64.5.5;
Q8IZA0	Unknown
Q8IZA3	Unknown
Q8IZC4	Unknown
Q8IZC6	Unknown
Q8IZC7	Unknown
Q8IZD2	Unknown
Q8IZD4	Unknown
Q8IZD6	2.A.1.19.32;
Q8IZD9	Unknown
Q8IZE3	Unknown
Q8IZF0	1.A.1.11.15;
Q8IZF2	Unknown
Q8IZF3	Unknown
Q8IZF4	Unknown
Q8IZF5	Unknown
Q8IZF6	Unknown
Q8IZF7	Unknown
Q8IZH2	Unknown
Q8IZI9	Unknown
Q8IZJ0	Unknown
Q8IZJ1	Unknown
Q8IZJ3	Unknown
Q8IZK6	1.A.5.3.3;
Q8IZL2	Unknown
Q8IZL8	Unknown
Q8IZL9	Unknown
Q8IZN3	Unknown
Q8IZP0	Unknown
Q8IZP1	Unknown
Q8IZP9	9.A.14.6.10;
Q8IZQ1	Unknown
Q8IZQ8	Unknown
Q8IZR5	1.A.64.4.4;
Q8IZS8	8.A.18.3.1;
Q8IZT6	Unknown
Q8IZT8	Unknown
Q8IZU0	Unknown
Q8IZU1	Unknown
Q8IZU3	Unknown
Q8IZU9	Unknown
Q8IZV5	Unknown
Q8IZW8	Unknown
Q8IZX4	Unknown
Q8IZY2	3.A.1.211.10;
Q8J025	Unknown
Q8N0S2	Unknown
Q8N0S6	Unknown
Q8N0U8	Unknown
Q8N0V3	Unknown
Q8N0V5	Unknown
Q8N0W3	Unknown
Q8N0W4	8.A.117.1.3;
Q8N0X2	Unknown
Q8N0X4	Unknown
Q8N0X7	Unknown
Q8N0Y2	Unknown
Q8N0Z3	Unknown
Q8N0Z6	Unknown
Q8N100	Unknown
Q8N103	Unknown
Q8N104	Unknown
Q8N108	Unknown
Q8N114	8.A.83.1.7;
Q8N119	Unknown
Q8N122	Unknown
Q8N126	Unknown
Q8N128	Unknown
Q8N130	2.A.58.1.3;
Q8N131	Unknown
Q8N135	Unknown
Q8N136	Unknown
Q8N137	Unknown
Q8N138	Unknown
Q8N139	3.A.1.211.15;
Q8N140	Unknown
Q8N142	Unknown
Q8N143	Unknown
Q8N144	1.A.24.1.17;
Q8N145	Unknown
Q8N149	Unknown
Q8N157	Unknown
Q8N158	Unknown
Q8N159	Unknown
Q8N163	Unknown
Q8N165	Unknown
Q8N183	Unknown
Q8N187	Unknown
Q8N196	Unknown
Q8N1A0	Unknown
Q8N1B3	Unknown
Q8N1B4	Unknown
Q8N1C3	Unknown
Q8N1E6	Unknown
Q8N1F7	1.I.1.1.3;
Q8N1F8	Unknown
Q8N1G0	Unknown
Q8N1G1	Unknown
Q8N1G2	Unknown
Q8N1H7	Unknown
Q8N1I0	Unknown
Q8N1K5	Unknown
Q8N1L9	Unknown
Q8N1M1	1.A.46.1.8;
Q8N1N2	Unknown
Q8N1N4	Unknown
Q8N1Q1	Unknown
Q8N1Q8	Unknown
Q8N1T3	Unknown
Q8N1V2	Unknown
Q8N1W1	Unknown
Q8N201	Unknown
Q8N205	Unknown
Q8N257	Unknown
Q8N264	Unknown
Q8N271	9.B.411.1.2;
Q8N2A8	Unknown
Q8N2C7	1.A.1.11.15;
Q8N2E6	Unknown
Q8N2F6	Unknown
Q8N2G4	Unknown
Q8N2G8	Unknown
Q8N2H4	Unknown
Q8N2H9	Unknown
Q8N2I9	Unknown
Q8N2K0	Unknown
Q8N2K1	Unknown
Q8N2M4	Unknown
Q8N2M8	Unknown
Q8N2N9	Unknown
Q8N2Q7	8.A.117.1.2;
Q8N2R0	Unknown
Q8N2S1	Unknown
Q8N2U9	2.A.43.2.15;
Q8N2W9	Unknown
Q8N2Y8	8.A.189.1.1;
Q8N2Z9	Unknown
Q8N300	Unknown
Q8N302	Unknown
Q8N307	Unknown
Q8N335	Unknown
Q8N339	Unknown
Q8N344	Unknown
Q8N350	Unknown
Q8N357	2.A.7.12.13;
Q8N370	2.A.1.44.2;
Q8N371	Unknown
Q8N386	Unknown
Q8N387	Unknown
Q8N392	Unknown
Q8N393	Unknown
Q8N394	Unknown
Q8N3A8	Unknown
Q8N3C0	Unknown
Q8N3C7	Unknown
Q8N3E9	Unknown
Q8N3F0	Unknown
Q8N3F8	Unknown
Q8N3G9	Unknown
Q8N3I7	3.A.33.1.1;
Q8N3J2	Unknown
Q8N3J3	Unknown
Q8N3J5	Unknown
Q8N3J6	Unknown
Q8N3K9	Unknown
Q8N3L3	Unknown
Q8N3P4	8.A.225.1.1;
Q8N3R9	Unknown
Q8N3T1	Unknown
Q8N3U4	Unknown
Q8N3V7	Unknown
Q8N3Y1	Unknown
Q8N3Y3	Unknown
Q8N3Y7	Unknown
Q8N3Z6	Unknown
Q8N414	Unknown
Q8N423	Unknown
Q8N427	Unknown
Q8N428	Unknown
Q8N441	8.A.23.1.6;
Q8N443	Unknown
Q8N448	Unknown
Q8N465	Unknown
Q8N474	9.A.14.16.7;
Q8N488	Unknown
Q8N490	Unknown
Q8N4A0	Unknown
Q8N4B1	Unknown
Q8N4C6	Unknown
Q8N4C7	8.A.91.1.8;
Q8N4C8	Unknown
Q8N4E7	Unknown
Q8N4F0	1.C.40.1.6;
Q8N4F4	2.A.1.19.21;
Q8N4G2	Unknown
Q8N4H5	Unknown
Q8N4J0	Unknown
Q8N4L1	Unknown
Q8N4L2	Unknown
Q8N4L8	Unknown
Q8N4M1	2.A.92.1.3;
Q8N4N3	Unknown
Q8N4N8	Unknown
Q8N4P2	Unknown
Q8N4P3	Unknown
Q8N4Q1	Unknown
Q8N4S7	Unknown
Q8N4S9	9.B.41.2.1;
Q8N4T0	Unknown
Q8N4T8	Unknown
Q8N4V1	3.A.27.1.1;
Q8N4W9	Unknown
Q8N4X5	Unknown
Q8N4Y2	Unknown
Q8N511	9.B.206.1.1;
Q8N539	Unknown
Q8N543	Unknown
Q8N554	Unknown
Q8N556	Unknown
Q8N565	Unknown
Q8N568	Unknown
Q8N573	Unknown
Q8N594	Unknown
Q8N5A5	Unknown
Q8N5B7	Unknown
Q8N5C1	1.A.84.1.7;
Q8N5C8	Unknown
Q8N5D0	Unknown
Q8N5D6	Unknown
Q8N5F7	Unknown
Q8N5G0	Unknown
Q8N5G2	8.A.38.1.1;
Q8N5H7	Unknown
Q8N5I2	Unknown
Q8N5I4	Unknown
Q8N5J2	Unknown
Q8N5K1	Unknown
Q8N5M1	Unknown
Q8N5M9	Unknown
Q8N5P1	Unknown
Q8N5R6	Unknown
Q8N5S9	Unknown
Q8N5U6	Unknown
Q8N5V2	Unknown
Q8N5Y2	Unknown
Q8N5Y8	Unknown
Q8N5Z0	Unknown
Q8N5Z5	Unknown
Q8N608	8.A.51.1.2;
Q8N609	9.B.311.2.3;
Q8N612	Unknown
Q8N635	Unknown
Q8N653	Unknown
Q8N661	Unknown
Q8N668	Unknown
Q8N680	Unknown
Q8N682	8.A.113.1.8;
Q8N684	Unknown
Q8N693	Unknown
Q8N695	2.A.21.5.3;
Q8N697	2.A.17.3.11;
Q8N6C5	Unknown
Q8N6C8	Unknown
Q8N6D2	Unknown
Q8N6F1	1.H.1.1.5;
Q8N6F7	Unknown
Q8N6F8	Unknown
Q8N6G5	Unknown
Q8N6G6	Unknown
Q8N6H7	Unknown
Q8N6I1	Unknown
Q8N6I4	8.A.208.1.1;
Q8N6K0	Unknown
Q8N6K7	Unknown
Q8N6L0	Unknown
Q8N6L1	Unknown
Q8N6M0	Unknown
Q8N6M3	9.B.287.1.1;
Q8N6M6	Unknown
Q8N6P7	Unknown
Q8N6Q3	Unknown
Q8N6R0	Unknown
Q8N6R1	Unknown
Q8N6S4	Unknown
Q8N6T3	Unknown
Q8N6T7	Unknown
Q8N6U8	9.A.14.1.11;
Q8N6W0	Unknown
Q8N6Y0	Unknown
Q8N715	Unknown
Q8N720	Unknown
Q8N726	Unknown
Q8N729	Unknown
Q8N743	Unknown
Q8N752	Unknown
Q8N766	3.A.27.1.1;
Q8N7B6	Unknown
Q8N7C0	Unknown
Q8N7C3	Unknown
Q8N7E2	Unknown
Q8N7H5	Unknown
Q8N7J2	Unknown
Q8N7U6	Unknown
Q8N7U7	Unknown
Q8N7W2	Unknown
Q8N7X0	Unknown
Q8N7X4	Unknown
Q8N807	Unknown
Q8N841	Unknown
Q8N865	Unknown
Q8N884	Unknown
Q8N895	Unknown
Q8N8B7	Unknown
Q8N8E2	Unknown
Q8N8E3	Unknown
Q8N8N0	Unknown
Q8N8N7	Unknown
Q8N8Q3	Unknown
Q8N8Q8	2.A.9.1.3;
Q8N8R3	2.A.29.8.9;
Q8N8R7	Unknown
Q8N8S7	Unknown
Q8N8U9	Unknown
Q8N8V2	Unknown
Q8N8V4	Unknown
Q8N8W4	Unknown
Q8N8X9	Unknown
Q8N8Y2	Unknown
Q8N907	Unknown
Q8N912	Unknown
Q8N960	Unknown
Q8N966	Unknown
Q8N983	Unknown
Q8N987	8.A.82.5.2;
Q8N999	Unknown
Q8N9A8	Unknown
Q8N9B5	Unknown
Q8N9E0	Unknown
Q8N9F0	Unknown
Q8N9F7	Unknown
Q8N9H9	Unknown
Q8N9I0	Unknown
Q8N9I5	Unknown
Q8N9I9	Unknown
Q8N9L9	Unknown
Q8N9M5	Unknown
Q8N9N2	Unknown
Q8N9N5	Unknown
Q8N9N8	Unknown
Q8N9Q2	Unknown
Q8N9R8	Unknown
Q8N9V6	Unknown
Q8N9W5	Unknown
Q8N9W6	Unknown
Q8NA29	2.A.2.3.8;
Q8NA31	Unknown
Q8NA42	Unknown
Q8NA54	Unknown
Q8NA56	Unknown
Q8NA58	Unknown
Q8NA61	Unknown
Q8NA72	Unknown
Q8NA77	Unknown
Q8NA82	Unknown
Q8NAC3	Unknown
Q8NAG6	Unknown
Q8NAM6	Unknown
Q8NAN2	8.A.167.1.3;
Q8NAP3	Unknown
Q8NAP8	Unknown
Q8NAT1	Unknown
Q8NAU1	Unknown
Q8NAV1	Unknown
Q8NAX2	Unknown
Q8NB12	Unknown
Q8NB14	Unknown
Q8NB15	Unknown
Q8NB16	1.A.105.1.1;
Q8NB25	Unknown
Q8NB49	3.A.3.8.14;
Q8NB59	Unknown
Q8NB66	Unknown
Q8NB78	Unknown
Q8NB90	Unknown
Q8NB91	Unknown
Q8NBA8	Unknown
Q8NBB4	Unknown
Q8NBD8	Unknown
Q8NBF1	Unknown
Q8NBF2	Unknown
Q8NBI2	Unknown
Q8NBI3	Unknown
Q8NBI5	2.A.1.44.3;
Q8NBI6	Unknown
Q8NBJ4	Unknown
Q8NBJ5	Unknown
Q8NBJ7	Unknown
Q8NBJ9	1.A.79.1.3;
Q8NBK3	Unknown
Q8NBL1	Unknown
Q8NBM4	Unknown
Q8NBN3	9.A.14.22.4;
Q8NBN7	Unknown
Q8NBP7	Unknown
Q8NBQ5	Unknown
Q8NBQ7	1.A.8.4.1;
Q8NBR6	Unknown
Q8NBS3	2.A.31.1.5;
Q8NBS9	Unknown
Q8NBT0	Unknown
Q8NBT2	Unknown
Q8NBU5	Unknown
Q8NBV8	Unknown
Q8NBW4	2.A.18.9.1;
Q8NBZ0	Unknown
Q8NBZ7	Unknown
Q8NC01	Unknown
Q8NC06	Unknown
Q8NC24	Unknown
Q8NC26	Unknown
Q8NC42	Unknown
Q8NC44	Unknown
Q8NC51	Unknown
Q8NC56	Unknown
Q8NC60	Unknown
Q8NC67	8.A.47.1.2;
Q8NC69	Unknown
Q8NCA5	Unknown
Q8NCB2	Unknown
Q8NCC3	Unknown
Q8NCC5	2.A.1.4.9;
Q8NCD3	Unknown
Q8NCE0	Unknown
Q8NCE2	Unknown
Q8NCF5	Unknown
Q8NCG5	Unknown
Q8NCG7	Unknown
Q8NCH0	Unknown
Q8NCK7	2.A.1.13.13;
Q8NCL4	Unknown
Q8NCM2	1.A.1.20.9;
Q8NCM8	Unknown
Q8NCN4	Unknown
Q8NCP5	Unknown
Q8NCR0	Unknown
Q8NCR6	Unknown
Q8NCS7	2.A.92.1.5;
Q8NCT1	Unknown
Q8NCU1	Unknown
Q8NCU7	Unknown
Q8NCU8	Unknown
Q8NCW0	Unknown
Q8NCW5	Unknown
Q8NCW6	Unknown
Q8ND04	Unknown
Q8ND23	Unknown
Q8ND25	Unknown
Q8ND30	Unknown
Q8ND56	Unknown
Q8ND76	Unknown
Q8ND83	Unknown
Q8ND90	Unknown
Q8NDA8	Unknown
Q8NDB2	Unknown
Q8NDC0	Unknown
Q8NDC4	Unknown
Q8NDD1	Unknown
Q8NDF8	Unknown
Q8NDG6	Unknown
Q8NDH3	Unknown
Q8NDH6	Unknown
Q8NDI1	Unknown
Q8NDL9	Unknown
Q8NDM7	Unknown
Q8NDN9	Unknown
Q8NDP4	Unknown
Q8NDQ6	Unknown
Q8NDT2	Unknown
Q8NDV1	Unknown
Q8NDV3	Unknown
Q8NDV7	Unknown
Q8NDW8	Unknown
Q8NDX1	Unknown
Q8NDX2	2.A.1.14.32;
Q8NDX5	Unknown
Q8NDZ2	Unknown
Q8NDZ4	Unknown
Q8NE01	1.A.112.1.3;
Q8NE09	Unknown
Q8NE31	Unknown
Q8NE35	Unknown
Q8NE63	Unknown
Q8NE71	3.A.1.121.8;
Q8NE79	8.A.129.1.1;
Q8NE86	Unknown
Q8NEA6	Unknown
Q8NEA9	Unknown
Q8NEB5	Unknown
Q8NEB9	Unknown
Q8NEC5	1.A.1.19.1;
Q8NEE6	Unknown
Q8NEG0	Unknown
Q8NEH6	Unknown
Q8NEJ0	Unknown
Q8NEJ9	Unknown
Q8NEK8	Unknown
Q8NEL9	Unknown
Q8NEM0	Unknown
Q8NEM7	Unknown
Q8NEM8	Unknown
Q8NEN9	1.R.1.1.1;
Q8NEP3	Unknown
Q8NEQ6	Unknown
Q8NER1	1.A.4.2.13;
Q8NER5	Unknown
Q8NES3	Unknown
Q8NET5	Unknown
Q8NET6	Unknown
Q8NET8	1.A.4.2.9;
Q8NEU8	Unknown
Q8NEV1	Unknown
Q8NEV4	Unknown
Q8NEV8	Unknown
Q8NEV9	Unknown
Q8NEW0	2.A.4.4.5;
Q8NEX9	Unknown
Q8NEY1	Unknown
Q8NEY4	3.A.2.2.4;
Q8NEY8	Unknown
Q8NEZ2	Unknown
Q8NEZ3	Unknown
Q8NEZ4	Unknown
Q8NEZ5	Unknown
Q8NF37	Unknown
Q8NF50	Unknown
Q8NF64	Unknown
Q8NF91	Unknown
Q8NF99	Unknown
Q8NFA0	Unknown
Q8NFA2	Unknown
Q8NFB2	Unknown
Q8NFC6	Unknown
Q8NFD2	Unknown
Q8NFD5	Unknown
Q8NFF2	2.A.19.4.5;
Q8NFF5	Unknown
Q8NFG4	Unknown
Q8NFH3	1.I.1.1.3;
Q8NFH4	1.I.1.1.3;
Q8NFH5	1.I.1.1.3;
Q8NFH8	Unknown
Q8NFJ5	Unknown
Q8NFJ6	Unknown
Q8NFJ9	3.A.33.1.1;
Q8NFL0	Unknown
Q8NFM4	Unknown
Q8NFM7	Unknown
Q8NFN8	9.A.14.15.4;
Q8NFP4	Unknown
Q8NFP7	Unknown
Q8NFP9	Unknown
Q8NFQ8	Unknown
Q8NFR3	Unknown
Q8NFR9	Unknown
Q8NFT2	5.B.6.1.2;
Q8NFT6	Unknown
Q8NFT8	Unknown
Q8NFU0	1.A.46.1.7;
Q8NFU1	1.A.46.1.2;
Q8NFU3	Unknown
Q8NFU5	Unknown
Q8NFU7	Unknown
Q8NFV4	Unknown
Q8NFW5	Unknown
Q8NFW8	Unknown
Q8NFW9	Unknown
Q8NFX7	Unknown
Q8NFY4	Unknown
Q8NFY9	Unknown
Q8NFZ0	Unknown
Q8NFZ3	Unknown
Q8NFZ4	8.A.117.1.1;
Q8NFZ5	Unknown
Q8NFZ8	Unknown
Q8NG06	Unknown
Q8NG08	Unknown
Q8NG11	8.A.40.1.21;
Q8NG27	Unknown
Q8NG31	Unknown
Q8NG50	Unknown
Q8NG66	Unknown
Q8NG98	Unknown
Q8NGI8	Unknown
Q8NHC4	Unknown
Q8NHE4	Unknown
Q8NHG7	Unknown
Q8NHG8	Unknown
Q8NHH1	Unknown
Q8NHH9	8.A.109.1.5;
Q8NHJ6	Unknown
Q8NHL6	Unknown
Q8NHM5	Unknown
Q8NHP1	Unknown
Q8NHP6	Unknown
Q8NHP8	Unknown
Q8NHQ1	Unknown
Q8NHQ9	Unknown
Q8NHS0	Unknown
Q8NHS1	Unknown
Q8NHS3	2.A.1.2.56;
Q8NHS9	Unknown
Q8NHU2	Unknown
Q8NHU3	Unknown
Q8NHU6	Unknown
Q8NHV1	Unknown
Q8NHV4	Unknown
Q8NHV9	Unknown
Q8NHW3	Unknown
Q8NHW4	Unknown
Q8NHX9	1.A.1.11.19;
Q8NHY0	Unknown
Q8NHY2	Unknown
Q8NHY3	Unknown
Q8NHZ7	Unknown
Q8NHZ8	Unknown
Q8NI08	8.A.126.1.1;
Q8NI17	Unknown
Q8NI22	9.B.417.1.1;
Q8NI27	3.A.22.1.2;
Q8NI35	Unknown
Q8NI36	Unknown
Q8NI37	Unknown
Q8NI38	Unknown
Q8NI51	Unknown
Q8NI60	Unknown
Q8NI77	Unknown
Q8TA86	Unknown
Q8TAA9	9.B.369.1.1;
Q8TAB3	Unknown
Q8TAB5	Unknown
Q8TAC2	Unknown
Q8TAC9	8.A.103.1.5;
Q8TAD2	Unknown
Q8TAD4	2.A.4.4.3;
Q8TAD8	Unknown
Q8TAE7	Unknown
Q8TAE8	Unknown
Q8TAF3	Unknown
Q8TAF8	1.A.82.1.1;
Q8TAG5	Unknown
Q8TAG9	1.F.2.1.2;
Q8TAI7	Unknown
Q8TAK6	Unknown
Q8TAM1	Unknown
Q8TAM2	3.A.33.1.1;
Q8TAM6	Unknown
Q8TAP4	Unknown
Q8TAP6	Unknown
Q8TAP8	Unknown
Q8TAP9	Unknown
Q8TAQ2	Unknown
Q8TAS1	Unknown
Q8TAT2	Unknown
Q8TAT5	Unknown
Q8TAT6	3.A.16.1.1;
Q8TAU0	Unknown
Q8TAU3	Unknown
Q8TAV3	Unknown
Q8TAX0	Unknown
Q8TAX7	Unknown
Q8TAX9	1.C.123.1.3;
Q8TAZ6	Unknown
Q8TB24	Unknown
Q8TB36	Unknown
Q8TB37	Unknown
Q8TB40	Unknown
Q8TB45	Unknown
Q8TB61	2.A.7.11.3;
Q8TB68	8.A.202.1.1;
Q8TB72	Unknown
Q8TB73	Unknown
Q8TB92	Unknown
Q8TBA6	9.B.392.1.1;
Q8TBB0	Unknown
Q8TBB1	Unknown
Q8TBB6	2.A.3.3.7;
Q8TBC3	Unknown
Q8TBC4	Unknown
Q8TBC5	Unknown
Q8TBE0	Unknown
Q8TBE1	8.A.61.1.10;
Q8TBE3	Unknown
Q8TBE7	2.A.7.28.2;
Q8TBE9	Unknown
Q8TBF2	Unknown
Q8TBG4	Unknown
Q8TBG9	Unknown
Q8TBJ4	Unknown
Q8TBJ5	Unknown
Q8TBK2	Unknown
Q8TBK6	Unknown
Q8TBM7	Unknown
Q8TBM8	1.P.1.1.1;
Q8TBN0	Unknown
Q8TBP5	Unknown
Q8TBX8	Unknown
Q8TBY0	Unknown
Q8TBY8	Unknown
Q8TBY9	Unknown
Q8TBZ2	Unknown
Q8TBZ3	Unknown
Q8TBZ6	Unknown
Q8TBZ8	Unknown
Q8TC05	Unknown
Q8TC07	Unknown
Q8TC12	Unknown
Q8TC20	Unknown
Q8TC26	2.A.4.8.3;
Q8TC27	Unknown
Q8TC29	Unknown
Q8TC36	Unknown
Q8TC41	Unknown
Q8TC44	Unknown
Q8TC57	Unknown
Q8TC59	Unknown
Q8TC71	Unknown
Q8TC76	Unknown
Q8TC84	Unknown
Q8TC92	Unknown
Q8TC94	Unknown
Q8TCB7	Unknown
Q8TCC7	2.A.1.19.34;
Q8TCD1	Unknown
Q8TCD5	Unknown
Q8TCE6	Unknown
Q8TCE9	Unknown
Q8TCF1	Unknown
Q8TCG1	Unknown
Q8TCG2	Unknown
Q8TCG5	Unknown
Q8TCI5	Unknown
Q8TCJ0	Unknown
Q8TCJ2	9.B.142.3.17;
Q8TCQ1	8.A.159.1.1;
Q8TCS8	Unknown
Q8TCT0	Unknown
Q8TCT1	Unknown
Q8TCT6	Unknown
Q8TCT7	Unknown
Q8TCT8	1.A.54.3.2;
Q8TCT9	1.A.54.3.5;
Q8TCU3	2.A.3.8.24;
Q8TCU4	Unknown
Q8TCU5	Unknown
Q8TCU6	Unknown
Q8TCX1	Unknown
Q8TCX5	Unknown
Q8TCY5	Unknown
Q8TCY9	Unknown
Q8TCZ2	Unknown
Q8TD06	Unknown
Q8TD07	Unknown
Q8TD08	Unknown
Q8TD10	Unknown
Q8TD16	Unknown
Q8TD17	Unknown
Q8TD19	1.I.1.1.3;
Q8TD22	Unknown
Q8TD23	Unknown
Q8TD26	Unknown
Q8TD30	Unknown
Q8TD31	Unknown
Q8TD43	1.A.4.5.4;
Q8TD46	Unknown
Q8TD57	Unknown
Q8TD84	Unknown
Q8TD91	Unknown
Q8TDB4	Unknown
Q8TDB6	Unknown
Q8TDB8	2.A.1.1.90;
Q8TDC0	Unknown
Q8TDC3	Unknown
Q8TDD1	Unknown
Q8TDD2	Unknown
Q8TDD5	1.A.5.3.4;
Q8TDE3	Unknown
Q8TDF5	8.A.47.1.1;
Q8TDF6	Unknown
Q8TDG2	Unknown
Q8TDG4	Unknown
Q8TDH9	Unknown
Q8TDI0	Unknown
Q8TDI7	Unknown
Q8TDI8	1.A.17.4.15;
Q8TDJ6	8.A.92.1.13;
Q8TDL5	Unknown
Q8TDM5	Unknown
Q8TDM6	Unknown
Q8TDN1	1.A.1.2.26;
Q8TDN2	1.A.1.2.23;1.A.1.2.24;
Q8TDN4	Unknown
Q8TDN7	Unknown
Q8TDP1	Unknown
Q8TDQ0	Unknown
Q8TDQ1	Unknown
Q8TDQ7	Unknown
Q8TDR0	Unknown
Q8TDR2	Unknown
Q8TDR4	Unknown
Q8TDS4	Unknown
Q8TDS5	Unknown
Q8TDS7	Unknown
Q8TDT2	Unknown
Q8TDU6	9.A.14.21.1;
Q8TDV0	Unknown
Q8TDW0	1.A.25.3.1;
Q8TDW5	Unknown
Q8TDW7	Unknown
Q8TDX5	Unknown
Q8TDX6	Unknown
Q8TDX7	1.I.1.1.3;
Q8TDX9	1.A.5.1.3;
Q8TDY2	Unknown
Q8TDY4	Unknown
Q8TDZ2	Unknown
Q8TE02	Unknown
Q8TE04	Unknown
Q8TE12	Unknown
Q8TE23	9.A.14.7.4;
Q8TE49	Unknown
Q8TE54	2.A.53.2.6;
Q8TE56	Unknown
Q8TE57	Unknown
Q8TE58	Unknown
Q8TE59	Unknown
Q8TE60	Unknown
Q8TE67	Unknown
Q8TE68	Unknown
Q8TE73	Unknown
Q8TE76	Unknown
Q8TE77	Unknown
Q8TE85	Unknown
Q8TE99	Unknown
Q8TEA1	Unknown
Q8TEA7	Unknown
Q8TEA8	Unknown
Q8TEB1	Unknown
Q8TEB7	Unknown
Q8TEB9	9.B.104.4.1;
Q8TEC5	Unknown
Q8TED0	Unknown
Q8TED1	Unknown
Q8TED4	2.A.1.4.8;
Q8TED9	Unknown
Q8TEH3	Unknown
Q8TEJ3	Unknown
Q8TEK3	Unknown
Q8TEL6	Unknown
Q8TEM1	1.I.1.1.3;
Q8TEP8	Unknown
Q8TEQ6	Unknown
Q8TEQ8	Unknown
Q8TER0	Unknown
Q8TER5	Unknown
Q8TES7	Unknown
Q8TEU7	Unknown
Q8TEU8	Unknown
Q8TEV9	Unknown
Q8TEW0	Unknown
Q8TEW6	Unknown
Q8TEW8	Unknown
Q8TEX9	1.I.1.1.3;
Q8TEY5	Unknown
Q8TEY7	Unknown
Q8TEZ7	1.C.113.1.12;
Q8TF01	Unknown
Q8TF05	Unknown
Q8TF09	Unknown
Q8TF17	Unknown
Q8TF30	Unknown
Q8TF40	Unknown
Q8TF42	Unknown
Q8TF46	Unknown
Q8TF47	Unknown
Q8TF50	Unknown
Q8TF62	Unknown
Q8TF63	Unknown
Q8TF65	Unknown
Q8TF66	8.A.43.1.13;
Q8TF71	2.A.1.13.8;
Q8TF72	Unknown
Q8TF74	Unknown
Q8TF76	Unknown
Q8WTP8	Unknown
Q8WTQ1	Unknown
Q8WTQ7	Unknown
Q8WTR2	Unknown
Q8WTR4	Unknown
Q8WTR7	Unknown
Q8WTS1	Unknown
Q8WTS6	Unknown
Q8WTT0	Unknown
Q8WTT2	Unknown
Q8WTU0	Unknown
Q8WTV0	9.B.39.1.3;
Q8WTV1	Unknown
Q8WTW3	Unknown
Q8WTW4	Unknown
Q8WTX7	Unknown
Q8WTX9	Unknown
Q8WU03	Unknown
Q8WU08	Unknown
Q8WU10	Unknown
Q8WU17	Unknown
Q8WU20	Unknown
Q8WU39	Unknown
Q8WU58	Unknown
Q8WU66	Unknown
Q8WU67	Unknown
Q8WU68	Unknown
Q8WU79	Unknown
Q8WU90	Unknown
Q8WUA4	Unknown
Q8WUA7	Unknown
Q8WUA8	Unknown
Q8WUB8	Unknown
Q8WUD1	Unknown
Q8WUD6	Unknown
Q8WUE5	Unknown
Q8WUF5	Unknown
Q8WUF8	Unknown
Q8WUG5	2.A.1.19.8;
Q8WUH2	Unknown
Q8WUI4	Unknown
Q8WUJ0	Unknown
Q8WUJ3	Unknown
Q8WUK0	Unknown
Q8WUM0	1.I.1.1.3;
Q8WUM4	Unknown
Q8WUM9	2.A.20.2.7;
Q8WUP2	Unknown
Q8WUQ7	Unknown
Q8WUU4	Unknown
Q8WUU5	Unknown
Q8WUU8	8.A.193.1.1;
Q8WUW1	Unknown
Q8WUX1	2.A.18.6.15;
Q8WUX9	Unknown
Q8WUY3	Unknown
Q8WV16	Unknown
Q8WV19	Unknown
Q8WV22	Unknown
Q8WV24	Unknown
Q8WV28	Unknown
Q8WV37	Unknown
Q8WV41	3.A.34.1.1;
Q8WV44	Unknown
Q8WV74	Unknown
Q8WV92	Unknown
Q8WV93	Unknown
Q8WV99	Unknown
Q8WVB3	Unknown
Q8WVB6	Unknown
Q8WVC0	Unknown
Q8WVD3	Unknown
Q8WVD5	Unknown
Q8WVE7	8.A.70.1.1;
Q8WVF1	9.B.68.1.1;
Q8WVH0	Unknown
Q8WVJ2	Unknown
Q8WVJ9	Unknown
Q8WVK2	Unknown
Q8WVK7	Unknown
Q8WVM0	Unknown
Q8WVM7	Unknown
Q8WVM8	Unknown
Q8WVN6	Unknown
Q8WVN8	Unknown
Q8WVP5	Unknown
Q8WVP7	Unknown
Q8WVQ1	Unknown
Q8WVR3	Unknown
Q8WVS4	1.X.1.1.1;
Q8WVT3	Unknown
Q8WVV4	Unknown
Q8WVV5	Unknown
Q8WVV9	Unknown
Q8WVX3	1.A.50.6.1;
Q8WVX9	Unknown
Q8WVY7	Unknown
Q8WVZ1	Unknown
Q8WVZ7	Unknown
Q8WVZ9	Unknown
Q8WW01	Unknown
Q8WW12	Unknown
Q8WW22	Unknown
Q8WW24	Unknown
Q8WW34	Unknown
Q8WW35	Unknown
Q8WW38	Unknown
Q8WW43	1.A.121.1.1;
Q8WWA0	Unknown
Q8WWB3	Unknown
Q8WWB5	Unknown
Q8WWB7	2.A.1.53.3;
Q8WWC4	Unknown
Q8WWF3	Unknown
Q8WWF5	Unknown
Q8WWG9	Unknown
Q8WWH4	Unknown
Q8WWH5	Unknown
Q8WWI1	Unknown
Q8WWI5	2.A.92.1.6;
Q8WWK9	Unknown
Q8WWL2	Unknown
Q8WWL7	Unknown
Q8WWM7	Unknown
Q8WWM9	1.A.107.1.5;
Q8WWN8	Unknown
Q8WWN9	Unknown
Q8WWP7	Unknown
Q8WWQ0	Unknown
Q8WWQ2	Unknown
Q8WWQ8	Unknown
Q8WWR8	Unknown
Q8WWT9	2.A.47.1.15;
Q8WWU5	Unknown
Q8WWV3	Unknown
Q8WWV6	Unknown
Q8WWW0	Unknown
Q8WWX8	2.A.21.3.6;
Q8WWX9	Unknown
Q8WWY3	Unknown
Q8WWY6	Unknown
Q8WWY8	Unknown
Q8WWZ1	Unknown
Q8WWZ3	Unknown
Q8WWZ4	3.A.1.211.17;
Q8WWZ7	3.A.1.211.9;
Q8WWZ8	Unknown
Q8WX92	Unknown
Q8WX93	Unknown
Q8WX94	Unknown
Q8WXA3	Unknown
Q8WXA8	Unknown
Q8WXA9	Unknown
Q8WXB1	Unknown
Q8WXC3	Unknown
Q8WXC6	Unknown
Q8WXD0	Unknown
Q8WXD2	Unknown
Q8WXD5	Unknown
Q8WXE1	Unknown
Q8WXE9	Unknown
Q8WXF0	Unknown
Q8WXF1	Unknown
Q8WXF3	Unknown
Q8WXF7	1.N.5.1.1;
Q8WXF8	Unknown
Q8WXG1	Unknown
Q8WXG6	Unknown
Q8WXG8	Unknown
Q8WXG9	9.A.14.6.11;
Q8WXH0	Unknown
Q8WXH2	8.A.110.1.5;
Q8WXH4	Unknown
Q8WXH5	Unknown
Q8WXH6	Unknown
Q8WXI2	Unknown
Q8WXI3	Unknown
Q8WXI4	Unknown
Q8WXI7	Unknown
Q8WXI8	Unknown
Q8WXI9	Unknown
Q8WXK1	Unknown
Q8WXK3	Unknown
Q8WXK4	Unknown
Q8WXR4	Unknown
Q8WXS3	Unknown
Q8WXS5	8.A.16.2.6;
Q8WXS8	Unknown
Q8WXU2	Unknown
Q8WXW3	Unknown
Q8WXX0	Unknown
Q8WXX5	Unknown
Q8WXX7	Unknown
Q8WY07	2.A.3.3.10;
Q8WY21	9.A.63.1.5;
Q8WY36	Unknown
Q8WY41	Unknown
Q8WY54	Unknown
Q8WY64	Unknown
Q8WY91	Unknown
Q8WY98	2.A.7.32.1;
Q8WYA0	1.X.1.1.1;
Q8WYA1	Unknown
Q8WYA6	Unknown
Q8WYB5	Unknown
Q8WYH8	Unknown
Q8WYJ6	Unknown
Q8WYK0	9.B.371.2.1;
Q8WYK2	Unknown
Q8WYL5	Unknown
Q8WYN0	Unknown
Q8WYP3	Unknown
Q8WYP5	1.I.1.1.3;
Q8WYQ3	Unknown
Q8WYQ5	Unknown
Q8WYR1	Unknown
Q8WYR4	Unknown
Q8WZ04	Unknown
Q8WZ19	Unknown
Q8WZ42	Unknown
Q8WZ55	8.A.53.1.1;
Q8WZ59	Unknown
Q8WZ73	Unknown
Q8WZ74	Unknown
Q8WZ75	Unknown
Q8WZ82	Unknown
Q8WZA1	Unknown
Q8WZA2	Unknown
Q8WZA9	Unknown
Q92185	Unknown
Q92186	Unknown
Q92187	Unknown
Q92466	Unknown
Q92478	Unknown
Q92481	Unknown
Q92482	1.A.8.9.24;
Q92484	Unknown
Q92485	Unknown
Q92496	Unknown
Q92499	Unknown
Q92502	Unknown
Q92503	9.B.17.2.1;
Q92504	2.A.5.4.3;
Q92506	Unknown
Q92508	1.A.75.1.1;
Q92519	Unknown
Q92520	Unknown
Q92521	Unknown
Q92522	Unknown
Q92523	Unknown
Q92526	Unknown
Q92529	Unknown
Q92530	Unknown
Q92535	Unknown
Q92536	2.A.3.8.23;
Q92537	Unknown
Q92538	Unknown
Q92539	Unknown
Q92540	Unknown
Q92541	Unknown
Q92542	Unknown
Q92543	3.A.34.1.1;
Q92544	8.A.68.1.3;8.A.86.1.18;
Q92545	Unknown
Q92546	Unknown
Q92547	Unknown
Q92551	Unknown
Q92552	Unknown
Q92556	Unknown
Q92558	Unknown
Q92560	Unknown
Q92562	Unknown
Q92563	Unknown
Q92564	Unknown
Q92565	Unknown
Q92567	Unknown
Q92569	Unknown
Q92570	Unknown
Q92572	Unknown
Q92574	Unknown
Q92575	Unknown
Q92581	2.A.36.1.14;
Q92583	Unknown
Q92585	Unknown
Q92597	Unknown
Q92598	Unknown
Q92599	Unknown
Q92600	Unknown
Q92604	Unknown
Q92608	Unknown
Q92609	8.A.87.2.1;
Q92611	Unknown
Q92613	Unknown
Q92614	Unknown
Q92615	Unknown
Q92616	Unknown
Q92618	Unknown
Q92619	Unknown
Q92620	Unknown
Q92621	1.I.1.1.3;
Q92622	Unknown
Q92624	Unknown
Q92625	Unknown
Q92626	Unknown
Q92629	Unknown
Q92630	Unknown
Q92633	Unknown
Q92636	Unknown
Q92637	Unknown
Q92643	Unknown
Q92665	Unknown
Q92667	Unknown
Q92673	9.B.87.1.17;
Q92674	Unknown
Q92681	Unknown
Q92685	Unknown
Q92686	Unknown
Q92688	Unknown
Q92692	Unknown
Q92696	Unknown
Q92698	Unknown
Q92729	Unknown
Q92730	Unknown
Q92731	Unknown
Q92733	Unknown
Q92734	Unknown
Q92736	1.A.3.1.1;
Q92737	Unknown
Q92738	Unknown
Q92743	Unknown
Q92747	Unknown
Q92748	Unknown
Q92750	Unknown
Q92752	Unknown
Q92753	Unknown
Q92754	Unknown
Q92759	Unknown
Q92764	Unknown
Q92765	Unknown
Q92766	Unknown
Q92769	Unknown
Q92772	Unknown
Q92777	Unknown
Q92781	Unknown
Q92782	Unknown
Q92783	Unknown
Q92784	Unknown
Q92785	Unknown
Q92786	Unknown
Q92791	Unknown
Q92793	Unknown
Q92794	Unknown
Q92796	Unknown
Q92797	Unknown
Q92800	Unknown
Q92802	Unknown
Q92804	Unknown
Q92805	Unknown
Q92806	1.A.2.1.19;
Q92813	Unknown
Q92817	Unknown
Q92819	4.D.1.1.18;
Q92820	Unknown
Q92823	Unknown
Q92824	Unknown
Q92826	Unknown
Q92830	Unknown
Q92831	Unknown
Q92832	Unknown
Q92833	Unknown
Q92834	Unknown
Q92835	Unknown
Q92837	Unknown
Q92838	Unknown
Q92839	4.D.1.1.10;
Q92841	Unknown
Q92843	1.A.21.1.5;
Q92844	Unknown
Q92845	Unknown
Q92847	9.A.14.1.6;
Q92851	Unknown
Q92854	Unknown
Q92858	Unknown
Q92859	Unknown
Q92870	Unknown
Q92871	Unknown
Q92874	Unknown
Q92876	Unknown
Q92878	Unknown
Q92879	Unknown
Q92882	Unknown
Q92886	Unknown
Q92887	3.A.1.208.2;
Q92888	Unknown
Q92889	Unknown
Q92890	Unknown
Q92896	Unknown
Q92900	Unknown
Q92901	Unknown
Q92902	Unknown
Q92903	Unknown
Q92904	Unknown
Q92905	Unknown
Q92908	Unknown
Q92911	2.A.21.5.1;
Q92913	Unknown
Q92915	1.A.108.1.3;
Q92917	Unknown
Q92918	Unknown
Q92922	Unknown
Q92925	Unknown
Q92928	Unknown
Q92930	Unknown
Q92932	8.A.128.1.12;
Q92934	Unknown
Q92935	Unknown
Q92945	Unknown
Q92947	Unknown
Q92949	Unknown
Q92952	1.A.1.16.6;
Q92953	1.A.1.2.25;
Q92954	Unknown
Q92956	Unknown
Q92959	2.A.60.1.19;
Q92963	Unknown
Q92966	Unknown
Q92968	3.A.20.1.1;
Q92973	1.I.1.1.3;
Q92974	Unknown
Q92979	Unknown
Q92982	9.B.453.1.1;
Q92985	Unknown
Q92988	Unknown
Q92989	Unknown
Q92990	Unknown
Q92993	Unknown
Q92994	Unknown
Q92995	Unknown
Q92997	Unknown
Q93008	Unknown
Q93009	Unknown
Q93015	Unknown
Q93033	Unknown
Q93034	Unknown
Q93038	Unknown
Q93045	Unknown
Q93050	3.A.2.2.4;
Q93052	Unknown
Q93062	Unknown
Q93063	Unknown
Q93070	Unknown
Q93074	Unknown
Q93077	Unknown
Q93079	Unknown
Q93084	Unknown
Q93086	1.A.7.1.11;
Q93088	Unknown
Q93091	Unknown
Q93096	Unknown
Q93097	Unknown
Q93098	Unknown
Q93099	Unknown
Q93100	Unknown
Q95460	Unknown
Q969D9	Unknown
Q969E2	8.A.103.1.4;
Q969E3	Unknown
Q969E8	Unknown
Q969F0	Unknown
Q969F1	Unknown
Q969F2	Unknown
Q969F8	9.A.14.13.14;
Q969F9	Unknown
Q969G2	Unknown
Q969G3	Unknown
Q969G5	Unknown
Q969G6	Unknown
Q969G9	Unknown
Q969H0	Unknown
Q969H4	Unknown
Q969H6	Unknown
Q969H8	Unknown
Q969I6	2.A.18.6.17;
Q969J2	Unknown
Q969J3	Unknown
Q969J5	Unknown
Q969K3	Unknown
Q969K4	Unknown
Q969K7	Unknown
Q969L2	Unknown
Q969L4	Unknown
Q969M3	Unknown
Q969M7	Unknown
Q969N2	Unknown
Q969P0	Unknown
Q969P5	Unknown
Q969P6	Unknown
Q969Q1	Unknown
Q969Q5	Unknown
Q969Q6	Unknown
Q969R2	Unknown
Q969R5	Unknown
Q969R8	Unknown
Q969S0	2.A.7.10.2;
Q969S2	Unknown
Q969S3	Unknown
Q969S6	8.A.76.1.1;
Q969S8	Unknown
Q969S9	Unknown
Q969T4	Unknown
Q969T7	Unknown
Q969T9	Unknown
Q969U6	Unknown
Q969U7	Unknown
Q969V3	8.A.144.1.1;
Q969V4	Unknown
Q969V5	Unknown
Q969V6	Unknown
Q969W0	Unknown
Q969W1	Unknown
Q969W9	Unknown
Q969X0	Unknown
Q969X1	1.A.14.3.10;
Q969X2	Unknown
Q969X5	Unknown
Q969X6	Unknown
Q969Y2	Unknown
Q969Z0	Unknown
Q969Z3	Unknown
Q969Z4	Unknown
Q96A08	Unknown
Q96A09	Unknown
Q96A11	Unknown
Q96A25	9.B.23.1.5;
Q96A26	Unknown
Q96A29	2.A.7.16.1;
Q96A32	Unknown
Q96A33	8.A.142.1.1;
Q96A37	Unknown
Q96A44	Unknown
Q96A49	Unknown
Q96A54	1.C.113.1.9;
Q96A56	Unknown
Q96A57	9.B.232.1.1;
Q96A58	Unknown
Q96A59	1.A.64.6.1;
Q96A61	Unknown
Q96A65	1.F.2.1.2;
Q96A70	Unknown
Q96A72	Unknown
Q96A83	Unknown
Q96A84	Unknown
Q96AA3	2.A.66.3.2;
Q96AA8	Unknown
Q96AB6	Unknown
Q96AC1	Unknown
Q96AD5	Unknown
Q96AE4	Unknown
Q96AE7	Unknown
Q96AG3	2.A.29.30.1;
Q96AG4	1.A.25.3.7;
Q96AH0	Unknown
Q96AH8	Unknown
Q96AJ1	Unknown
Q96AJ9	Unknown
Q96AK3	Unknown
Q96AN5	Unknown
Q96AP0	Unknown
Q96AP4	Unknown
Q96AP7	Unknown
Q96AQ6	Unknown
Q96AQ7	Unknown
Q96AQ8	Unknown
Q96AT9	Unknown
Q96AV8	Unknown
Q96AW1	Unknown
Q96AX1	Unknown
Q96AX2	Unknown
Q96AX9	Unknown
Q96AY2	Unknown
Q96AY3	Unknown
Q96AY4	Unknown
Q96AZ1	Unknown
Q96AZ6	Unknown
Q96B01	Unknown
Q96B02	Unknown
Q96B18	Unknown
Q96B21	8.A.253.1.2;
Q96B23	Unknown
Q96B26	Unknown
Q96B36	Unknown
Q96B42	9.B.228.1.1;
Q96B49	Unknown
Q96B67	8.A.136.1.11;
Q96B86	Unknown
Q96B96	Unknown
Q96B97	Unknown
Q96BA8	Unknown
Q96BD0	2.A.60.1.9;
Q96BD5	Unknown
Q96BD6	Unknown
Q96BD8	Unknown
Q96BF3	Unknown
Q96BF6	Unknown
Q96BH1	Unknown
Q96BI1	2.A.1.2.53;
Q96BI3	1.A.121.1.2;
Q96BJ3	Unknown
Q96BK5	Unknown
Q96BM1	Unknown
Q96BM9	Unknown
Q96BN2	Unknown
Q96BN8	Unknown
Q96BP2	Unknown
Q96BP3	Unknown
Q96BR1	Unknown
Q96BR5	Unknown
Q96BR6	Unknown
Q96BR9	Unknown
Q96BS2	Unknown
Q96BT3	Unknown
Q96BT7	Unknown
Q96BW1	Unknown
Q96BW5	Unknown
Q96BW9	Unknown
Q96BY2	Unknown
Q96BY6	Unknown
Q96BY7	9.A.15.2.1;
Q96BY9	8.A.111.1.1;
Q96BZ4	Unknown
Q96BZ8	Unknown
Q96BZ9	Unknown
Q96C00	Unknown
Q96C03	Unknown
Q96C10	Unknown
Q96C11	Unknown
Q96C12	Unknown
Q96C23	Unknown
Q96C24	9.A.57.1.8;
Q96C36	Unknown
Q96C45	Unknown
Q96C55	Unknown
Q96C74	Unknown
Q96C86	Unknown
Q96C92	Unknown
Q96CA5	Unknown
Q96CB8	Unknown
Q96CB9	Unknown
Q96CC6	Unknown
Q96CD2	Unknown
Q96CE8	8.A.75.1.2;
Q96CF2	Unknown
Q96CG3	Unknown
Q96CG8	Unknown
Q96CJ1	Unknown
Q96CK0	Unknown
Q96CM3	Unknown
Q96CM4	Unknown
Q96CM8	Unknown
Q96CN4	Unknown
Q96CN5	Unknown
Q96CN9	Unknown
Q96CP6	9.B.198.2.6;
Q96CP7	Unknown
Q96CQ1	2.A.29.10.6;
Q96CS2	Unknown
Q96CS3	Unknown
Q96CS7	Unknown
Q96CT7	Unknown
Q96CU9	Unknown
Q96CV9	8.A.157.1.1;
Q96CW1	9.B.278.1.4;
Q96CW5	Unknown
Q96CW9	Unknown
Q96D03	Unknown
Q96D05	Unknown
Q96D09	Unknown
Q96D15	Unknown
Q96D21	Unknown
Q96D31	1.A.52.1.1;
Q96D42	Unknown
Q96D46	Unknown
Q96D53	Unknown
Q96D59	Unknown
Q96D71	Unknown
Q96D96	1.A.51.1.2;
Q96D98	Unknown
Q96DA0	Unknown
Q96DA2	Unknown
Q96DA6	Unknown
Q96DB2	Unknown
Q96DB5	Unknown
Q96DB9	1.A.27.3.1;
Q96DC9	Unknown
Q96DE0	Unknown
Q96DE5	Unknown
Q96DF8	Unknown
Q96DG6	Unknown
Q96DH6	Unknown
Q96DI7	Unknown
Q96DM3	Unknown
Q96DN0	Unknown
Q96DN2	Unknown
Q96DN5	Unknown
Q96DN6	Unknown
Q96DP5	Unknown
Q96DR4	8.A.120.3.1;
Q96DR5	Unknown
Q96DR7	Unknown
Q96DR8	Unknown
Q96DT5	Unknown
Q96DT6	Unknown
Q96DT7	Unknown
Q96DU3	Unknown
Q96DU7	Unknown
Q96DV4	Unknown
Q96DW6	2.A.29.5.6;
Q96DX5	Unknown
Q96DX7	Unknown
Q96DX8	Unknown
Q96DZ1	Unknown
Q96DZ5	Unknown
Q96DZ7	8.A.75.1.3;
Q96DZ9	1.A.64.5.8;
Q96E09	Unknown
Q96E11	Unknown
Q96E14	Unknown
Q96E17	Unknown
Q96E22	Unknown
Q96E29	Unknown
Q96E35	Unknown
Q96E40	Unknown
Q96E52	8.A.150.1.1;
Q96E93	Unknown
Q96EA4	Unknown
Q96EB1	Unknown
Q96EB6	Unknown
Q96EC8	Unknown
Q96ED9	Unknown
Q96EE3	1.I.1.1.3;
Q96EF0	Unknown
Q96EF6	Unknown
Q96EG1	Unknown
Q96EG3	Unknown
Q96EH3	Unknown
Q96EH8	Unknown
Q96EK4	Unknown
Q96EK5	Unknown
Q96EK6	Unknown
Q96EL1	Unknown
Q96EL3	Unknown
Q96EM0	Unknown
Q96EN8	Unknown
Q96EP0	Unknown
Q96EP1	Unknown
Q96EP5	Unknown
Q96EP9	2.A.28.1.7;
Q96EQ0	Unknown
Q96EQ8	Unknown
Q96ER9	Unknown
Q96ES7	Unknown
Q96EU6	Unknown
Q96EU7	Unknown
Q96EV2	Unknown
Q96EV8	Unknown
Q96EW2	Unknown
Q96EX2	Unknown
Q96EX3	Unknown
Q96EY1	Unknown
Q96EY4	Unknown
Q96EY5	Unknown
Q96EY7	Unknown
Q96EY8	Unknown
Q96EY9	Unknown
Q96EZ8	Unknown
Q96F07	Unknown
Q96F10	Unknown
Q96F15	Unknown
Q96F24	Unknown
Q96F25	Unknown
Q96F44	Unknown
Q96F45	Unknown
Q96F46	Unknown
Q96F81	Unknown
Q96F85	Unknown
Q96F86	Unknown
Q96FA3	Unknown
Q96FC9	Unknown
Q96FE5	8.A.43.1.15;
Q96FE7	Unknown
Q96FF9	Unknown
Q96FG2	Unknown
Q96FH0	Unknown
Q96FI4	Unknown
Q96FJ0	Unknown
Q96FJ2	Unknown
Q96FL8	2.A.66.1.14;
Q96FL9	Unknown
Q96FM1	Unknown
Q96FN4	Unknown
Q96FN5	Unknown
Q96FQ6	8.A.81.1.3;
Q96FS4	Unknown
Q96FT7	Unknown
Q96FT9	1.X.1.1.3;
Q96FV3	Unknown
Q96FV9	3.A.22.1.2;
Q96FW1	Unknown
Q96FX2	Unknown
Q96FX7	Unknown
Q96FX8	8.A.16.4.3;
Q96FZ2	Unknown
Q96FZ5	1.A.64.5.1;
Q96FZ7	Unknown
Q96G01	Unknown
Q96G03	Unknown
Q96G04	Unknown
Q96G21	Unknown
Q96G23	Unknown
Q96G25	Unknown
Q96G28	Unknown
Q96G30	Unknown
Q96G42	Unknown
Q96G46	Unknown
Q96G61	Unknown
Q96G74	Unknown
Q96G75	Unknown
Q96G79	2.A.7.12.12;
Q96G91	Unknown
Q96G97	1.R.1.1.1;
Q96GA3	Unknown
Q96GA7	Unknown
Q96GC6	Unknown
Q96GC9	8.A.97.1.1;
Q96GD0	Unknown
Q96GD3	Unknown
Q96GD4	Unknown
Q96GE4	Unknown
Q96GE6	Unknown
Q96GF1	Unknown
Q96GG9	Unknown
Q96GJ1	Unknown
Q96GL9	Unknown
Q96GM1	Unknown
Q96GM5	Unknown
Q96GM8	Unknown
Q96GN5	Unknown
Q96GP6	Unknown
Q96GQ5	Unknown
Q96GQ7	Unknown
Q96GR2	Unknown
Q96GR4	Unknown
Q96GS4	Unknown
Q96GS6	4.C.3.2.1;8.A.161.1.1;
Q96GV9	Unknown
Q96GW7	Unknown
Q96GW9	Unknown
Q96GX1	Unknown
Q96GX5	Unknown
Q96GX9	Unknown
Q96GY3	Unknown
Q96GZ6	1.A.26.2.3;
Q96H15	Unknown
Q96H20	Unknown
Q96H22	Unknown
Q96H55	Unknown
Q96H72	2.A.5.4.12;
Q96H86	Unknown
Q96H96	Unknown
Q96HA1	1.I.1.1.3;
Q96HA7	Unknown
Q96HA8	Unknown
Q96HA9	Unknown
Q96HB5	Unknown
Q96HC4	Unknown
Q96HD1	Unknown
Q96HD9	Unknown
Q96HE7	8.A.141.1.1;
Q96HE8	Unknown
Q96HF1	Unknown
Q96HH6	Unknown
Q96HH9	Unknown
Q96HI0	Unknown
Q96HJ3	Unknown
Q96HJ5	Unknown
Q96HN2	Unknown
Q96HP0	Unknown
Q96HP8	1.A.37.8.2;
Q96HR3	Unknown
Q96HR8	Unknown
Q96HR9	8.A.108.1.9;
Q96HS1	Unknown
Q96HT8	Unknown
Q96HU1	8.A.87.1.5;
Q96HU8	Unknown
Q96HW7	Unknown
Q96HY6	Unknown
Q96HY7	Unknown
Q96HZ4	Unknown
Q96I13	Unknown
Q96I15	Unknown
Q96I23	Unknown
Q96I24	Unknown
Q96I25	Unknown
Q96I34	Unknown
Q96I51	Unknown
Q96I59	Unknown
Q96I76	Unknown
Q96I99	Unknown
Q96IF1	Unknown
Q96II8	Unknown
Q96IJ6	Unknown
Q96IK1	Unknown
Q96IK5	Unknown
Q96IL0	Unknown
Q96IP4	Unknown
Q96IQ9	Unknown
Q96IR7	Unknown
Q96IS3	Unknown
Q96IT1	Unknown
Q96IU2	Unknown
Q96IU4	Unknown
Q96IV0	Unknown
Q96IV6	Unknown
Q96IW7	Unknown
Q96IX5	Unknown
Q96IY1	Unknown
Q96IY4	Unknown
Q96IZ0	Unknown
Q96IZ2	Unknown
Q96IZ5	Unknown
Q96IZ6	Unknown
Q96IZ7	Unknown
Q96J01	Unknown
Q96J02	Unknown
Q96J42	Unknown
Q96J65	3.A.1.208.29;
Q96J66	3.A.1.208.13;
Q96J84	Unknown
Q96J87	Unknown
Q96J92	8.A.23.1.50;
Q96J94	Unknown
Q96JA1	8.A.43.1.21;
Q96JA3	Unknown
Q96JB1	Unknown
Q96JB2	Unknown
Q96JB3	Unknown
Q96JB5	Unknown
Q96JB6	Unknown
Q96JB8	Unknown
Q96JC1	Unknown
Q96JC9	Unknown
Q96JD6	Unknown
Q96JE7	Unknown
Q96JE9	Unknown
Q96JF0	Unknown
Q96JG6	Unknown
Q96JG8	Unknown
Q96JG9	Unknown
Q96JH7	Unknown
Q96JH8	Unknown
Q96JI7	Unknown
Q96JJ3	Unknown
Q96JJ6	Unknown
Q96JJ7	8.A.88.2.3;
Q96JK2	Unknown
Q96JK9	Unknown
Q96JL9	Unknown
Q96JM2	Unknown
Q96JM3	Unknown
Q96JM7	Unknown
Q96JN0	Unknown
Q96JN2	Unknown
Q96JN8	Unknown
Q96JP0	Unknown
Q96JP2	Unknown
Q96JP5	Unknown
Q96JP9	Unknown
Q96JQ0	Unknown
Q96JQ5	Unknown
Q96JS3	Unknown
Q96JW4	1.A.26.2.2;
Q96JX3	Unknown
Q96JY0	Unknown
Q96JY6	Unknown
Q96JZ2	Unknown
Q96K12	Unknown
Q96K19	Unknown
Q96K21	Unknown
Q96K30	Unknown
Q96K58	Unknown
Q96K76	Unknown
Q96K78	Unknown
Q96K80	Unknown
Q96K83	Unknown
Q96KA5	8.A.125.1.5;
Q96KB5	Unknown
Q96KC8	Unknown
Q96KG7	Unknown
Q96KG9	Unknown
Q96KJ9	3.D.4.11.1;
Q96KK3	1.A.1.2.7;
Q96KK4	Unknown
Q96KK5	Unknown
Q96KM6	Unknown
Q96KN2	Unknown
Q96KN3	Unknown
Q96KN4	Unknown
Q96KN7	Unknown
Q96KN8	Unknown
Q96KP1	1.F.2.1.2;
Q96KP4	Unknown
Q96KP6	Unknown
Q96KQ4	Unknown
Q96KQ7	Unknown
Q96KR4	Unknown
Q96KR6	Unknown
Q96KR7	Unknown
Q96KS0	Unknown
Q96KV7	Unknown
Q96L08	Unknown
Q96L12	Unknown
Q96L14	Unknown
Q96L21	Unknown
Q96L33	Unknown
Q96L34	Unknown
Q96L42	Unknown
Q96L46	Unknown
Q96L50	Unknown
Q96L58	Unknown
Q96L73	Unknown
Q96L91	Unknown
Q96L92	3.A.34.1.1;9.A.3.1.1;
Q96L93	3.A.34.1.1;
Q96L96	Unknown
Q96LA5	Unknown
Q96LA6	Unknown
Q96LA8	Unknown
Q96LA9	Unknown
Q96LB1	Unknown
Q96LB2	Unknown
Q96LB3	1.X.1.1.1;
Q96LB4	3.A.2.2.4;
Q96LB8	Unknown
Q96LB9	Unknown
Q96LC7	Unknown
Q96LC9	Unknown
Q96LD4	Unknown
Q96LD8	Unknown
Q96LI5	Unknown
Q96LI6	Unknown
Q96LJ7	Unknown
Q96LJ8	Unknown
Q96LK0	Unknown
Q96LL4	Unknown
Q96LL9	Unknown
Q96LM5	Unknown
Q96LM6	Unknown
Q96LR2	Unknown
Q96LR5	Unknown
Q96LR9	Unknown
Q96LT4	Unknown
Q96LT7	Unknown
Q96LT9	Unknown
Q96LW4	Unknown
Q96LW7	Unknown
Q96LX7	Unknown
Q96LX8	Unknown
Q96LZ3	Unknown
Q96LZ7	Unknown
Q96M02	Unknown
Q96M11	Unknown
Q96M27	Unknown
Q96M29	Unknown
Q96M32	Unknown
Q96M61	Unknown
Q96M63	Unknown
Q96M86	Unknown
Q96M91	Unknown
Q96M94	Unknown
Q96M96	Unknown
Q96M98	Unknown
Q96MA1	Unknown
Q96MA6	Unknown
Q96MB7	Unknown
Q96MC2	Unknown
Q96MD2	Unknown
Q96MF2	Unknown
Q96MF7	Unknown
Q96MG2	Unknown
Q96MG7	Unknown
Q96MG8	Unknown
Q96MH2	Unknown
Q96MH6	9.B.446.1.1;
Q96MI9	Unknown
Q96MK3	Unknown
Q96MM3	Unknown
Q96MM7	Unknown
Q96MN2	Unknown
Q96MN9	Unknown
Q96MP8	Unknown
Q96MR6	Unknown
Q96MS0	Unknown
Q96MT3	Unknown
Q96MT7	Unknown
Q96MT8	Unknown
Q96MU7	Unknown
Q96MU8	Unknown
Q96MV1	Unknown
Q96MV8	Unknown
Q96MW5	Unknown
Q96MX0	Unknown
Q96MX3	Unknown
Q96MY7	Unknown
Q96N11	Unknown
Q96N16	Unknown
Q96N19	Unknown
Q96N21	9.B.278.1.5;
Q96N23	Unknown
Q96N58	Unknown
Q96N64	Unknown
Q96N66	2.A.50.2.5;
Q96N67	Unknown
Q96N76	Unknown
Q96N77	Unknown
Q96N87	2.A.22.6.4;
Q96N95	Unknown
Q96N96	Unknown
Q96NA2	Unknown
Q96NB1	Unknown
Q96NB2	2.A.54.1.8;
Q96NB3	Unknown
Q96NC0	Unknown
Q96NE9	Unknown
Q96NG3	Unknown
Q96NG5	Unknown
Q96NH3	Unknown
Q96NI6	Unknown
Q96NL3	Unknown
Q96NL6	Unknown
Q96NL8	Unknown
Q96NM4	Unknown
Q96NN9	Unknown
Q96NR3	Unknown
Q96NR8	Unknown
Q96NT0	Unknown
Q96NT3	Unknown
Q96NT5	2.A.1.50.1;
Q96NU1	Unknown
Q96NW4	Unknown
Q96NW7	Unknown
Q96NX5	Unknown
Q96NY7	1.A.12.1.4;
Q96NY8	Unknown
Q96NY9	Unknown
Q96NZ1	Unknown
Q96NZ8	Unknown
Q96NZ9	Unknown
Q96P09	Unknown
Q96P11	Unknown
Q96P15	Unknown
Q96P16	Unknown
Q96P20	Unknown
Q96P26	Unknown
Q96P31	Unknown
Q96P44	Unknown
Q96P47	Unknown
Q96P48	Unknown
Q96P53	Unknown
Q96P56	1.A.1.19.2;
Q96P63	Unknown
Q96P65	Unknown
Q96P66	Unknown
Q96P68	Unknown
Q96P70	1.I.1.1.3;
Q96P71	Unknown
Q96PB1	Unknown
Q96PB7	Unknown
Q96PC2	Unknown
Q96PC3	Unknown
Q96PC5	9.B.113.1.4;
Q96PD2	Unknown
Q96PD4	Unknown
Q96PD5	Unknown
Q96PD6	Unknown
Q96PD7	Unknown
Q96PE1	Unknown
Q96PE2	Unknown
Q96PE3	Unknown
Q96PE7	Unknown
Q96PF1	Unknown
Q96PF2	Unknown
Q96PG8	Unknown
Q96PH1	5.B.1.1.5;
Q96PH6	Unknown
Q96PJ5	Unknown
Q96PK6	Unknown
Q96PL5	Unknown
Q96PM5	Unknown
Q96PM9	Unknown
Q96PN6	Unknown
Q96PN7	Unknown
Q96PN8	Unknown
Q96PP8	Unknown
Q96PP9	Unknown
Q96PQ0	Unknown
Q96PQ1	Unknown
Q96PQ6	Unknown
Q96PQ7	Unknown
Q96PR1	Unknown
Q96PS8	1.A.8.9.5;
Q96PU4	Unknown
Q96PU5	Unknown
Q96PU8	Unknown
Q96PV0	Unknown
Q96PV4	Unknown
Q96PV6	Unknown
Q96PV7	Unknown
Q96PX1	Unknown
Q96PX8	Unknown
Q96PX9	Unknown
Q96PY5	Unknown
Q96PY6	Unknown
Q96PZ0	Unknown
Q96PZ2	Unknown
Q96PZ7	Unknown
Q96Q04	Unknown
Q96Q05	Unknown
Q96Q06	Unknown
Q96Q07	Unknown
Q96Q11	Unknown
Q96Q15	Unknown
Q96Q27	Unknown
Q96Q35	Unknown
Q96Q40	Unknown
Q96Q42	Unknown
Q96Q45	8.A.121.1.1;
Q96Q77	Unknown
Q96Q80	3.A.16.1.4;
Q96Q83	Unknown
Q96Q89	Unknown
Q96Q91	2.A.31.2.13;
Q96QA5	1.C.123.1.2;
Q96QB1	Unknown
Q96QC0	Unknown
Q96QD8	2.A.18.6.5;
Q96QD9	3.A.22.1.2;
Q96QE2	2.A.1.1.25;
Q96QE3	Unknown
Q96QE5	Unknown
Q96QF0	Unknown
Q96QF7	Unknown
Q96QG7	Unknown
Q96QH2	Unknown
Q96QI5	Unknown
Q96QK1	9.A.3.1.1;
Q96QP1	Unknown
Q96QR8	Unknown
Q96QS3	Unknown
Q96QS6	Unknown
Q96QT4	1.A.4.5.1;
Q96QT6	Unknown
Q96QU1	Unknown
Q96QU8	Unknown
Q96QV1	Unknown
Q96QV6	Unknown
Q96QZ7	Unknown
Q96R06	Unknown
Q96RD6	1.A.25.2.2;
Q96RD7	1.A.25.2.1;
Q96RD9	Unknown
Q96RE7	Unknown
Q96RE9	Unknown
Q96RF0	3.A.34.1.1;
Q96RG2	Unknown
Q96RI0	Unknown
Q96RI1	Unknown
Q96RI8	Unknown
Q96RJ0	Unknown
Q96RJ3	Unknown
Q96RJ6	Unknown
Q96RK0	Unknown
Q96RK4	3.A.33.1.1;
Q96RL1	Unknown
Q96RL6	Unknown
Q96RL7	1.R.2.1.6;
Q96RN1	2.A.53.2.14;
Q96RN5	Unknown
Q96RP3	Unknown
Q96RP7	Unknown
Q96RP8	Unknown
Q96RP9	Unknown
Q96RQ1	Unknown
Q96RQ3	Unknown
Q96RQ9	Unknown
Q96RR1	Unknown
Q96RR4	Unknown
Q96RS0	Unknown
Q96RS6	Unknown
Q96RT1	Unknown
Q96RT7	Unknown
Q96RT8	Unknown
Q96RU2	Unknown
Q96RU3	Unknown
Q96RU7	Unknown
Q96RU8	Unknown
Q96RW7	Unknown
Q96RY5	Unknown
Q96RY7	Unknown
Q96S06	Unknown
Q96S15	Unknown
Q96S16	Unknown
Q96S21	Unknown
Q96S37	2.A.1.19.11;
Q96S38	Unknown
Q96S42	Unknown
Q96S44	Unknown
Q96S52	Unknown
Q96S53	Unknown
Q96S55	Unknown
Q96S59	Unknown
Q96S65	Unknown
Q96S66	1.A.36.1.1;
Q96S82	Unknown
Q96S94	Unknown
Q96S97	1.A.64.3.1;
Q96S99	8.A.136.1.12;
Q96SA4	Unknown
Q96SB3	Unknown
Q96SB4	Unknown
Q96SB8	Unknown
Q96SD1	Unknown
Q96SF7	Unknown
Q96SI1	Unknown
Q96SI9	Unknown
Q96SJ8	8.A.40.1.23;
Q96SL1	2.A.1.28.6;
Q96SL4	Unknown
Q96SN7	Unknown
Q96SN8	Unknown
Q96SQ5	Unknown
Q96SQ7	Unknown
Q96SQ9	Unknown
Q96ST2	Unknown
Q96ST3	Unknown
Q96ST8	Unknown
Q96SU4	Unknown
Q96SW2	8.A.162.1.1;
Q96SY0	Unknown
Q96SZ4	Unknown
Q96SZ5	Unknown
Q96SZ6	Unknown
Q96T17	Unknown
Q96T21	Unknown
Q96T23	Unknown
Q96T37	Unknown
Q96T49	Unknown
Q96T51	Unknown
Q96T52	Unknown
Q96T53	2.A.50.2.6;
Q96T54	1.A.1.9.6;
Q96T55	1.A.1.9.10;
Q96T58	Unknown
Q96T60	Unknown
Q96T66	Unknown
Q96T68	Unknown
Q96T76	Unknown
Q96T83	2.A.36.1.3;
Q96T88	Unknown
Q96T91	Unknown
Q96TA1	Unknown
Q96TA2	Unknown
Q96TC7	Unknown
Q99062	Unknown
Q99075	Unknown
Q99081	Unknown
Q99102	Unknown
Q99217	Unknown
Q99250	1.A.1.10.12;
Q99259	Unknown
Q99417	Unknown
Q99418	Unknown
Q99424	Unknown
Q99426	Unknown
Q99435	Unknown
Q99436	Unknown
Q99437	Unknown
Q99439	Unknown
Q99442	1.A.15.1.6;
Q99447	Unknown
Q99453	Unknown
Q99456	Unknown
Q99459	Unknown
Q99460	Unknown
Q99466	Unknown
Q99467	Unknown
Q99469	8.A.34.1.2;
Q99471	Unknown
Q99487	Unknown
Q99489	Unknown
Q99490	Unknown
Q99496	Unknown
Q99497	Unknown
Q99500	Unknown
Q99501	Unknown
Q99502	Unknown
Q99504	Unknown
Q99518	9.B.470.1.1;
Q99519	Unknown
Q99523	9.A.63.1.3;
Q99527	9.A.14.13.19;
Q99536	Unknown
Q99538	Unknown
Q99541	Unknown
Q99542	Unknown
Q99543	Unknown
Q99547	Unknown
Q99549	Unknown
Q99550	Unknown
Q99551	Unknown
Q99558	Unknown
Q99567	1.I.1.1.3;
Q99569	Unknown
Q99570	Unknown
Q99571	1.A.7.1.5;
Q99572	1.A.7.1.3;
Q99574	Unknown
Q99575	Unknown
Q99576	Unknown
Q99578	Unknown
Q99581	Unknown
Q99583	Unknown
Q99584	Unknown
Q99590	Unknown
Q99592	Unknown
Q99593	Unknown
Q99594	Unknown
Q99595	Unknown
Q99598	Unknown
Q99607	Unknown
Q99608	Unknown
Q99611	Unknown
Q99612	Unknown
Q99613	Unknown
Q99614	Unknown
Q99615	Unknown
Q99616	Unknown
Q99619	Unknown
Q99622	Unknown
Q99623	Unknown
Q99624	2.A.18.6.3;
Q99626	Unknown
Q99627	Unknown
Q99633	Unknown
Q99638	Unknown
Q99640	Unknown
Q99643	3.D.10.1.7;
Q99650	Unknown
Q99653	8.A.82.1.6;
Q99661	Unknown
Q99665	Unknown
Q99674	Unknown
Q99675	Unknown
Q99677	9.A.14.13.9;
Q99683	Unknown
Q99684	Unknown
Q99685	Unknown
Q99687	Unknown
Q99689	Unknown
Q99697	Unknown
Q99698	Unknown
Q99700	Unknown
Q99704	Unknown
Q99705	9.A.14.13.6;
Q99706	Unknown
Q99707	Unknown
Q99708	Unknown
Q99712	Unknown
Q99714	Unknown
Q99715	Unknown
Q99717	Unknown
Q99719	Unknown
Q99720	8.A.63.1.1;
Q99726	2.A.4.3.2;
Q99728	Unknown
Q99729	Unknown
Q99731	Unknown
Q99732	Unknown
Q99733	Unknown
Q99735	Unknown
Q99741	Unknown
Q99743	Unknown
Q99747	Unknown
Q99748	Unknown
Q99750	1.A.75.1.1;1.A.75.1.2;
Q99755	Unknown
Q99757	Unknown
Q99758	3.A.1.211.5;
Q99759	Unknown
Q99766	Unknown
Q99767	8.A.24.2.3;
Q99784	Unknown
Q99788	9.A.14.13.15;
Q99795	Unknown
Q99797	Unknown
Q99798	Unknown
Q99801	Unknown
Q99807	Unknown
Q99808	2.A.57.1.1;
Q99814	Unknown
Q99816	Unknown
Q99828	8.A.82.1.9;
Q99829	8.A.210.1.1;
Q99832	Unknown
Q99835	9.A.14.16.4;
Q99836	Unknown
Q99848	Unknown
Q99853	Unknown
Q99856	Unknown
Q99871	Unknown
Q99873	Unknown
Q99877	Unknown
Q99878	Unknown
Q99879	Unknown
Q99880	Unknown
Q99884	2.A.22.2.11;
Q99895	Unknown
Q99909	Unknown
Q99928	Unknown
Q99929	Unknown
Q99932	Unknown
Q99933	Unknown
Q99935	Unknown
Q99941	Unknown
Q99942	Unknown
Q99943	Unknown
Q99944	Unknown
Q99946	Unknown
Q99952	Unknown
Q99956	Unknown
Q99958	Unknown
Q99959	8.A.160.1.6;
Q99961	Unknown
Q99962	Unknown
Q99963	Unknown
Q99965	Unknown
Q99966	Unknown
Q99967	Unknown
Q99969	Unknown
Q99972	Unknown
Q99973	Unknown
Q99983	Unknown
Q99985	Unknown
Q99986	Unknown
Q99988	Unknown
Q99990	Unknown
Q99996	Unknown
Q99999	Unknown
Q9BPU6	Unknown
Q9BPU9	Unknown
Q9BPV8	Unknown
Q9BPW8	Unknown
Q9BPW9	Unknown
Q9BPX1	Unknown
Q9BPX3	Unknown
Q9BPX6	8.A.44.1.1;
Q9BPY8	Unknown
Q9BPZ2	Unknown
Q9BPZ3	Unknown
Q9BPZ7	Unknown
Q9BQ04	Unknown
Q9BQ15	Unknown
Q9BQ16	Unknown
Q9BQ24	Unknown
Q9BQ31	1.A.1.2.15;
Q9BQ39	Unknown
Q9BQ50	Unknown
Q9BQ51	Unknown
Q9BQ52	Unknown
Q9BQ61	Unknown
Q9BQ65	Unknown
Q9BQ66	Unknown
Q9BQ67	Unknown
Q9BQ69	Unknown
Q9BQ70	Unknown
Q9BQ83	Unknown
Q9BQ87	Unknown
Q9BQ89	Unknown
Q9BQ90	Unknown
Q9BQ95	Unknown
Q9BQA1	Unknown
Q9BQA5	Unknown
Q9BQA9	Unknown
Q9BQB4	Unknown
Q9BQB6	Unknown
Q9BQC3	Unknown
Q9BQD3	Unknown
Q9BQD7	Unknown
Q9BQE3	Unknown
Q9BQE4	Unknown
Q9BQE5	Unknown
Q9BQE9	Unknown
Q9BQF6	Unknown
Q9BQG0	Unknown
Q9BQG1	Unknown
Q9BQG2	Unknown
Q9BQI0	Unknown
Q9BQI3	Unknown
Q9BQI4	Unknown
Q9BQI5	Unknown
Q9BQI6	Unknown
Q9BQJ4	8.A.16.4.4;
Q9BQK8	Unknown
Q9BQL6	8.A.25.1.8;
Q9BQP7	Unknown
Q9BQQ3	Unknown
Q9BQS2	Unknown
Q9BQS7	8.A.105.1.1;
Q9BQS8	9.B.17.2.4;
Q9BQT8	2.A.29.2.4;
Q9BQT9	Unknown
Q9BQW3	Unknown
Q9BQY4	Unknown
Q9BQY9	Unknown
Q9BR01	Unknown
Q9BR39	8.A.110.1.4;
Q9BR61	Unknown
Q9BR76	Unknown
Q9BRA0	Unknown
Q9BRA2	Unknown
Q9BRB3	Unknown
Q9BRC7	Unknown
Q9BRD0	Unknown
Q9BRF8	Unknown
Q9BRG1	Unknown
Q9BRG2	Unknown
Q9BRI3	2.A.4.3.6;
Q9BRJ2	Unknown
Q9BRJ7	Unknown
Q9BRJ9	Unknown
Q9BRK0	Unknown
Q9BRK3	Unknown
Q9BRK4	Unknown
Q9BRK5	8.A.82.3.1;
Q9BRL6	Unknown
Q9BRL7	Unknown
Q9BRP0	Unknown
Q9BRP4	Unknown
Q9BRP8	Unknown
Q9BRQ0	Unknown
Q9BRQ3	Unknown
Q9BRQ5	1.A.52.1.2;
Q9BRQ6	Unknown
Q9BRQ8	Unknown
Q9BRR0	Unknown
Q9BRR3	Unknown
Q9BRR6	Unknown
Q9BRR9	Unknown
Q9BRS2	Unknown
Q9BRS8	Unknown
Q9BRT2	Unknown
Q9BRT3	Unknown
Q9BRT8	Unknown
Q9BRT9	Unknown
Q9BRU9	Unknown
Q9BRV3	2.A.123.1.4;
Q9BRV8	Unknown
Q9BRX2	Unknown
Q9BRX5	Unknown
Q9BRX8	Unknown
Q9BRX9	Unknown
Q9BRZ2	Unknown
Q9BS16	Unknown
Q9BS18	Unknown
Q9BS26	Unknown
Q9BS31	Unknown
Q9BS34	Unknown
Q9BS40	Unknown
Q9BS86	Unknown
Q9BS91	2.A.7.12.14;
Q9BSA4	1.A.48.1.3;
Q9BSA9	1.A.78.1.1;
Q9BSB4	9.A.15.2.1;
Q9BSD3	Unknown
Q9BSD7	Unknown
Q9BSE2	8.A.227.1.1;
Q9BSE4	Unknown
Q9BSE5	Unknown
Q9BSF0	Unknown
Q9BSF4	Unknown
Q9BSG1	Unknown
Q9BSH4	Unknown
Q9BSI4	Unknown
Q9BSJ2	Unknown
Q9BSJ5	Unknown
Q9BSJ6	Unknown
Q9BSJ8	9.A.57.1.1;
Q9BSK2	2.A.29.10.7;
Q9BSK4	Unknown
Q9BSL1	Unknown
Q9BSM1	Unknown
Q9BSQ5	Unknown
Q9BSR8	9.B.135.1.7;
Q9BST9	Unknown
Q9BSU1	Unknown
Q9BSU3	Unknown
Q9BSV6	Unknown
Q9BSW2	Unknown
Q9BSW7	Unknown
Q9BSY9	Unknown
Q9BT04	Unknown
Q9BT09	Unknown
Q9BT17	Unknown
Q9BT22	Unknown
Q9BT23	Unknown
Q9BT25	Unknown
Q9BT30	Unknown
Q9BT40	Unknown
Q9BT43	Unknown
Q9BT49	Unknown
Q9BT56	Unknown
Q9BT67	Unknown
Q9BT78	Unknown
Q9BT81	Unknown
Q9BT88	Unknown
Q9BT92	Unknown
Q9BTA9	Unknown
Q9BTC0	Unknown
Q9BTC8	Unknown
Q9BTD3	Unknown
Q9BTD8	Unknown
Q9BTE1	Unknown
Q9BTE3	Unknown
Q9BTE6	Unknown
Q9BTE7	Unknown
Q9BTF0	Unknown
Q9BTK6	Unknown
Q9BTL3	Unknown
Q9BTL4	Unknown
Q9BTM9	Unknown
Q9BTN0	Unknown
Q9BTP6	Unknown
Q9BTP7	Unknown
Q9BTT0	Unknown
Q9BTT4	Unknown
Q9BTU6	Unknown
Q9BTV4	Unknown
Q9BTV5	Unknown
Q9BTW9	Unknown
Q9BTX1	1.I.1.1.3;
Q9BTX3	9.B.26.1.1;
Q9BTY2	Unknown
Q9BTZ2	Unknown
Q9BU02	Unknown
Q9BU19	Unknown
Q9BU20	Unknown
Q9BU40	Unknown
Q9BU61	Unknown
Q9BU64	Unknown
Q9BU76	Unknown
Q9BU79	Unknown
Q9BU89	Unknown
Q9BUA3	Unknown
Q9BUB4	Unknown
Q9BUB5	Unknown
Q9BUB7	8.A.96.1.1;
Q9BUD6	Unknown
Q9BUE0	Unknown
Q9BUE6	Unknown
Q9BUF5	Unknown
Q9BUF7	Unknown
Q9BUH6	Unknown
Q9BUH8	Unknown
Q9BUI4	Unknown
Q9BUJ2	Unknown
Q9BUK6	Unknown
Q9BUL5	Unknown
Q9BUL8	Unknown
Q9BUL9	Unknown
Q9BUM1	Unknown
Q9BUN5	Unknown
Q9BUN8	3.A.16.1.1;
Q9BUP0	Unknown
Q9BUP3	Unknown
Q9BUQ8	Unknown
Q9BUR4	Unknown
Q9BUR5	8.A.156.3.1;
Q9BUT1	Unknown
Q9BUT9	Unknown
Q9BUU2	Unknown
Q9BUV0	Unknown
Q9BUV8	Unknown
Q9BUW7	Unknown
Q9BUX1	Unknown
Q9BUY5	Unknown
Q9BUZ4	8.A.133.1.11;
Q9BV10	Unknown
Q9BV20	Unknown
Q9BV23	Unknown
Q9BV29	Unknown
Q9BV35	2.A.29.23.5;
Q9BV36	Unknown
Q9BV38	Unknown
Q9BV40	1.F.1.1.1;
Q9BV44	Unknown
Q9BV47	Unknown
Q9BV57	Unknown
Q9BV68	Unknown
Q9BV73	Unknown
Q9BV79	Unknown
Q9BV81	3.A.27.1.1;
Q9BV86	Unknown
Q9BV90	Unknown
Q9BV94	Unknown
Q9BVA0	Unknown
Q9BVA1	Unknown
Q9BVA6	Unknown
Q9BVC3	Unknown
Q9BVC4	Unknown
Q9BVC5	Unknown
Q9BVC6	1.A.74.1.2;
Q9BVG3	Unknown
Q9BVG8	Unknown
Q9BVG9	Unknown
Q9BVH7	Unknown
Q9BVI0	Unknown
Q9BVI4	Unknown
Q9BVJ6	Unknown
Q9BVJ7	Unknown
Q9BVK2	Unknown
Q9BVK6	9.B.188.1.9;
Q9BVK8	8.A.145.1.1;
Q9BVL2	1.I.1.1.3;
Q9BVL4	Unknown
Q9BVM4	Unknown
Q9BVN2	Unknown
Q9BVP2	Unknown
Q9BVQ7	Unknown
Q9BVS4	Unknown
Q9BVS5	Unknown
Q9BVT8	8.A.62.1.1;
Q9BVV2	Unknown
Q9BVV6	Unknown
Q9BVV7	Unknown
Q9BVW5	Unknown
Q9BVX2	9.B.23.1.4;
Q9BW04	Unknown
Q9BW11	Unknown
Q9BW19	Unknown
Q9BW27	1.I.1.1.3;
Q9BW60	8.A.221.1.5;
Q9BW61	Unknown
Q9BW62	Unknown
Q9BW66	Unknown
Q9BW71	Unknown
Q9BW83	1.X.1.1.1;
Q9BW85	Unknown
Q9BW91	Unknown
Q9BW92	Unknown
Q9BWC9	Unknown
Q9BWD1	Unknown
Q9BWE0	Unknown
Q9BWF2	Unknown
Q9BWF3	Unknown
Q9BWG6	Unknown
Q9BWH2	Unknown
Q9BWH6	Unknown
Q9BWJ5	Unknown
Q9BWK5	Unknown
Q9BWL3	Unknown
Q9BWM7	Unknown
Q9BWN1	Unknown
Q9BWP8	Unknown
Q9BWQ6	9.B.135.2.7;
Q9BWQ8	1.A.14.3.16;
Q9BWS9	Unknown
Q9BWT1	Unknown
Q9BWT3	Unknown
Q9BWT7	Unknown
Q9BWU1	Unknown
Q9BWV1	Unknown
Q9BWV3	Unknown
Q9BWV7	Unknown
Q9BWW4	Unknown
Q9BWW7	Unknown
Q9BWX1	Unknown
Q9BWX5	Unknown
Q9BX10	Unknown
Q9BX26	Unknown
Q9BX40	Unknown
Q9BX46	Unknown
Q9BX59	8.A.196.1.2;
Q9BX63	Unknown
Q9BX66	Unknown
Q9BX67	Unknown
Q9BX68	Unknown
Q9BX70	Unknown
Q9BX74	Unknown
Q9BX79	2.A.90.1.3;
Q9BX84	1.A.4.5.8;
Q9BX95	Unknown
Q9BX97	8.A.215.1.1;
Q9BXA5	Unknown
Q9BXA6	Unknown
Q9BXA7	Unknown
Q9BXA9	Unknown
Q9BXB1	Unknown
Q9BXB4	Unknown
Q9BXB5	Unknown
Q9BXB7	Unknown
Q9BXC0	9.A.14.13.4;
Q9BXC1	Unknown
Q9BXC9	3.A.33.1.1;
Q9BXD5	Unknown
Q9BXF3	Unknown
Q9BXF6	Unknown
Q9BXF9	Unknown
Q9BXH1	Unknown
Q9BXI2	2.A.29.19.1;
Q9BXI3	Unknown
Q9BXI6	Unknown
Q9BXI9	Unknown
Q9BXJ0	Unknown
Q9BXJ1	Unknown
Q9BXJ3	Unknown
Q9BXJ4	Unknown
Q9BXJ5	Unknown
Q9BXJ7	Unknown
Q9BXJ8	1.A.119.1.2;
Q9BXJ9	Unknown
Q9BXK5	Unknown
Q9BXL6	Unknown
Q9BXL7	Unknown
Q9BXL8	Unknown
Q9BXM0	Unknown
Q9BXM7	8.A.104.1.16;
Q9BXN1	Unknown
Q9BXN2	Unknown
Q9BXP2	2.A.30.1.6;
Q9BXP5	Unknown
Q9BXP8	Unknown
Q9BXR0	Unknown
Q9BXR3	Unknown
Q9BXR5	Unknown
Q9BXR6	Unknown
Q9BXS0	Unknown
Q9BXS1	Unknown
Q9BXS4	8.A.84.1.4;
Q9BXS5	9.B.278.1.1;
Q9BXS6	Unknown
Q9BXS9	2.A.53.2.7;
Q9BXT4	Unknown
Q9BXT5	Unknown
Q9BXT6	Unknown
Q9BXT8	Unknown
Q9BXU0	Unknown
Q9BXU1	Unknown
Q9BXU7	Unknown
Q9BXU9	Unknown
Q9BXV9	Unknown
Q9BXW4	Unknown
Q9BXW6	Unknown
Q9BXW9	Unknown
Q9BXX0	Unknown
Q9BXY4	Unknown
Q9BXY8	Unknown
Q9BY07	2.A.31.2.8;
Q9BY08	Unknown
Q9BY10	2.A.1.50.2;
Q9BY11	Unknown
Q9BY12	Unknown
Q9BY14	Unknown
Q9BY15	Unknown
Q9BY27	Unknown
Q9BY32	Unknown
Q9BY41	Unknown
Q9BY42	Unknown
Q9BY43	Unknown
Q9BY44	Unknown
Q9BY49	Unknown
Q9BY50	Unknown
Q9BY64	Unknown
Q9BY66	Unknown
Q9BY67	Unknown
Q9BY76	Unknown
Q9BY77	Unknown
Q9BY78	Unknown
Q9BY79	Unknown
Q9BY84	Unknown
Q9BYB0	8.A.28.1.7;
Q9BYB4	Unknown
Q9BYC5	Unknown
Q9BYC8	Unknown
Q9BYD5	Unknown
Q9BYE0	Unknown
Q9BYE2	8.A.131.1.13;
Q9BYE3	Unknown
Q9BYE7	Unknown
Q9BYE9	Unknown
Q9BYF1	2.A.22.6.3;8.A.139.1.1;
Q9BYG0	Unknown
Q9BYG3	Unknown
Q9BYG4	Unknown
Q9BYG5	Unknown
Q9BYG8	1.C.123.1.4;
Q9BYH1	Unknown
Q9BYH8	Unknown
Q9BYI3	Unknown
Q9BYJ1	Unknown
Q9BYJ4	Unknown
Q9BYJ9	Unknown
Q9BYK8	Unknown
Q9BYM8	Unknown
Q9BYN0	Unknown
Q9BYN7	Unknown
Q9BYP7	Unknown
Q9BYP8	Unknown
Q9BYP9	Unknown
Q9BYQ0	Unknown
Q9BYQ2	Unknown
Q9BYQ3	Unknown
Q9BYQ4	Unknown
Q9BYQ5	Unknown
Q9BYQ6	Unknown
Q9BYQ7	Unknown
Q9BYR0	Unknown
Q9BYR2	Unknown
Q9BYR3	Unknown
Q9BYR4	Unknown
Q9BYR5	Unknown
Q9BYR6	Unknown
Q9BYR7	Unknown
Q9BYR8	Unknown
Q9BYR9	Unknown
Q9BYS1	Unknown
Q9BYT1	2.A.1.14.21;
Q9BYT3	Unknown
Q9BYT8	Unknown
Q9BYT9	1.A.17.1.20;
Q9BYU1	Unknown
Q9BYV1	Unknown
Q9BYV2	Unknown
Q9BYV6	Unknown
Q9BYV7	Unknown
Q9BYV8	Unknown
Q9BYV9	Unknown
Q9BYW1	2.A.1.1.44;
Q9BYW2	Unknown
Q9BYW3	Unknown
Q9BYX2	Unknown
Q9BYX4	Unknown
Q9BYX7	Unknown
Q9BYZ2	Unknown
Q9BYZ6	Unknown
Q9BYZ8	Unknown
Q9BZ11	Unknown
Q9BZ23	Unknown
Q9BZ29	Unknown
Q9BZ67	Unknown
Q9BZ71	Unknown
Q9BZ72	Unknown
Q9BZ95	Unknown
Q9BZA7	Unknown
Q9BZA8	Unknown
Q9BZB8	Unknown
Q9BZC1	Unknown
Q9BZC7	3.A.1.211.3;
Q9BZD2	2.A.57.1.6;
Q9BZD4	Unknown
Q9BZD6	Unknown
Q9BZE0	Unknown
Q9BZE2	Unknown
Q9BZE4	Unknown
Q9BZE9	Unknown
Q9BZF1	2.D.1.1.2;
Q9BZF2	Unknown
Q9BZF3	Unknown
Q9BZF9	Unknown
Q9BZG1	Unknown
Q9BZG2	Unknown
Q9BZG8	Unknown
Q9BZH6	Unknown
Q9BZI7	Unknown
Q9BZJ0	Unknown
Q9BZJ3	Unknown
Q9BZJ4	2.A.29.14.8;
Q9BZJ7	Unknown
Q9BZJ8	Unknown
Q9BZK7	Unknown
Q9BZL1	Unknown
Q9BZL3	Unknown
Q9BZL4	Unknown
Q9BZL6	Unknown
Q9BZM1	Unknown
Q9BZM2	Unknown
Q9BZM3	Unknown
Q9BZM4	Unknown
Q9BZM5	Unknown
Q9BZM6	Unknown
Q9BZP6	Unknown
Q9BZQ2	Unknown
Q9BZQ4	Unknown
Q9BZQ6	Unknown
Q9BZQ8	Unknown
Q9BZR6	Unknown
Q9BZR8	Unknown
Q9BZR9	Unknown
Q9BZS1	Unknown
Q9BZV1	Unknown
Q9BZV2	2.A.48.1.4;
Q9BZV3	Unknown
Q9BZW2	2.A.47.1.16;
Q9BZW4	8.A.93.2.1;
Q9BZW7	Unknown
Q9BZW8	Unknown
Q9BZX2	Unknown
Q9BZX4	Unknown
Q9BZY9	Unknown
Q9BZZ2	Unknown
Q9BZZ5	Unknown
Q9C000	Unknown
Q9C004	Unknown
Q9C005	Unknown
Q9C019	Unknown
Q9C026	Unknown
Q9C029	Unknown
Q9C030	Unknown
Q9C035	Unknown
Q9C037	Unknown
Q9C040	Unknown
Q9C056	Unknown
Q9C086	Unknown
Q9C091	Unknown
Q9C093	Unknown
Q9C098	Unknown
Q9C0A0	Unknown
Q9C0A1	Unknown
Q9C0A6	Unknown
Q9C0B0	Unknown
Q9C0B1	Unknown
Q9C0B2	Unknown
Q9C0B5	Unknown
Q9C0C2	Unknown
Q9C0C4	Unknown
Q9C0C6	Unknown
Q9C0C7	Unknown
Q9C0C9	Unknown
Q9C0D0	Unknown
Q9C0D2	Unknown
Q9C0D3	Unknown
Q9C0D5	Unknown
Q9C0D6	Unknown
Q9C0D9	Unknown
Q9C0E2	1.I.1.1.3;
Q9C0E4	Unknown
Q9C0E8	8.A.109.1.5;
Q9C0F0	Unknown
Q9C0F1	Unknown
Q9C0F3	Unknown
Q9C0G0	Unknown
Q9C0G6	Unknown
Q9C0H2	1.A.48.1.4;
Q9C0H9	Unknown
Q9C0I1	Unknown
Q9C0I4	Unknown
Q9C0J1	Unknown
Q9C0J8	Unknown
Q9C0J9	Unknown
Q9C0K0	Unknown
Q9C0K1	2.A.5.4.15;
Q9C0K7	Unknown
Q9GZL7	Unknown
Q9GZM5	9.B.135.2.1;
Q9GZM7	Unknown
Q9GZM8	Unknown
Q9GZN0	Unknown
Q9GZN1	Unknown
Q9GZN2	Unknown
Q9GZN4	Unknown
Q9GZN7	Unknown
Q9GZP0	Unknown
Q9GZP9	3.A.16.1.4;
Q9GZQ3	Unknown
Q9GZQ4	Unknown
Q9GZQ6	Unknown
Q9GZQ8	Unknown
Q9GZR1	Unknown
Q9GZR2	Unknown
Q9GZR5	Unknown
Q9GZR7	Unknown
Q9GZS0	Unknown
Q9GZS1	Unknown
Q9GZS3	Unknown
Q9GZS9	Unknown
Q9GZT3	Unknown
Q9GZT4	Unknown
Q9GZT5	Unknown
Q9GZT8	Unknown
Q9GZT9	Unknown
Q9GZU1	1.A.5.3.1;
Q9GZU2	Unknown
Q9GZU5	Unknown
Q9GZU7	Unknown
Q9GZU8	Unknown
Q9GZV1	Unknown
Q9GZV3	2.A.21.8.2;
Q9GZV4	1.I.1.1.3;
Q9GZV5	Unknown
Q9GZV7	Unknown
Q9GZV8	Unknown
Q9GZV9	1.A.108.1.2;
Q9GZW8	Unknown
Q9GZX3	Unknown
Q9GZX5	Unknown
Q9GZX6	Unknown
Q9GZX7	Unknown
Q9GZX9	Unknown
Q9GZY0	Unknown
Q9GZY6	Unknown
Q9GZY8	Unknown
Q9GZZ1	Unknown
Q9GZZ6	1.A.9.1.22;
Q9GZZ7	Unknown
Q9GZZ8	Unknown
Q9GZZ9	Unknown
Q9H000	Unknown
Q9H008	Unknown
Q9H013	Unknown
Q9H015	2.A.1.19.2;
Q9H019	Unknown
Q9H040	Unknown
Q9H061	9.B.317.1.2;
Q9H063	Unknown
Q9H069	Unknown
Q9H074	Unknown
Q9H078	Unknown
Q9H079	Unknown
Q9H081	Unknown
Q9H082	Unknown
Q9H089	Unknown
Q9H093	Unknown
Q9H095	Unknown
Q9H0A0	Unknown
Q9H0A6	Unknown
Q9H0A8	Unknown
Q9H0A9	Unknown
Q9H0B3	Unknown
Q9H0B6	Unknown
Q9H0B8	Unknown
Q9H0C1	Unknown
Q9H0C2	2.A.29.1.8;
Q9H0C5	Unknown
Q9H0C8	Unknown
Q9H0D2	Unknown
Q9H0D6	Unknown
Q9H0E2	Unknown
Q9H0E3	Unknown
Q9H0E7	Unknown
Q9H0E9	Unknown
Q9H0F5	Unknown
Q9H0F6	Unknown
Q9H0F7	Unknown
Q9H0G5	Unknown
Q9H0H0	Unknown
Q9H0H3	Unknown
Q9H0H5	Unknown
Q9H0I2	Unknown
Q9H0I3	Unknown
Q9H0J4	Unknown
Q9H0J9	Unknown
Q9H0K1	Unknown
Q9H0K6	Unknown
Q9H0L4	Unknown
Q9H0M0	Unknown
Q9H0M4	Unknown
Q9H0N0	Unknown
Q9H0N5	Unknown
Q9H0P0	Unknown
Q9H0Q3	1.A.27.1.3;
Q9H0R1	Unknown
Q9H0R3	Unknown
Q9H0R5	Unknown
Q9H0R6	Unknown
Q9H0R8	Unknown
Q9H0S4	Unknown
Q9H0T7	Unknown
Q9H0U3	1.A.76.1.1;9.B.142.3.17;
Q9H0U4	Unknown
Q9H0U6	Unknown
Q9H0V9	Unknown
Q9H0W5	Unknown
Q9H0W8	Unknown
Q9H0W9	Unknown
Q9H0X6	Unknown
Q9H0X9	2.D.1.1.1;
Q9H0Y0	Unknown
Q9H0Z9	Unknown
Q9H112	Unknown
Q9H115	Unknown
Q9H116	Unknown
Q9H147	Unknown
Q9H156	Unknown
Q9H159	Unknown
Q9H160	Unknown
Q9H161	Unknown
Q9H165	Unknown
Q9H169	Unknown
Q9H171	Unknown
Q9H172	3.A.1.204.20;
Q9H173	Unknown
Q9H190	Unknown
Q9H1A3	Unknown
Q9H1A4	Unknown
Q9H1B4	Unknown
Q9H1B5	Unknown
Q9H1B7	Unknown
Q9H1C4	2.A.1.58.7;
Q9H1D0	1.A.4.2.11;
Q9H1D9	Unknown
Q9H1E1	Unknown
Q9H1E3	Unknown
Q9H1H9	Unknown
Q9H1I8	Unknown
Q9H1J1	Unknown
Q9H1J5	Unknown
Q9H1J7	Unknown
Q9H1K0	Unknown
Q9H1K1	Unknown
Q9H1K4	2.A.29.14.5;
Q9H1M4	Unknown
Q9H1N7	2.A.7.11.5;
Q9H1P3	Unknown
Q9H1P6	Unknown
Q9H1R2	Unknown
Q9H1R3	Unknown
Q9H1U9	2.A.29.2.14;
Q9H1V8	2.A.22.6.6;
Q9H1X1	Unknown
Q9H1Y0	Unknown
Q9H1Y3	Unknown
Q9H201	Unknown
Q9H204	Unknown
Q9H211	Unknown
Q9H221	3.A.1.204.5;
Q9H222	3.A.1.204.5;
Q9H223	Unknown
Q9H227	Unknown
Q9H228	Unknown
Q9H237	2.A.50.3.1;
Q9H239	Unknown
Q9H244	9.A.14.13.31;
Q9H251	Unknown
Q9H252	Unknown
Q9H254	Unknown
Q9H255	9.A.14.8.3;
Q9H257	Unknown
Q9H267	Unknown
Q9H269	Unknown
Q9H270	Unknown
Q9H293	Unknown
Q9H295	1.N.1.1.1;
Q9H299	Unknown
Q9H2A2	Unknown
Q9H2A7	9.B.173.1.1;
Q9H2A9	Unknown
Q9H2B2	Unknown
Q9H2B4	2.A.53.2.16;
Q9H2C0	Unknown
Q9H2C1	Unknown
Q9H2C2	9.A.19.1.2;
Q9H2D1	2.A.29.10.2;
Q9H2D6	Unknown
Q9H2E6	Unknown
Q9H2F3	Unknown
Q9H2F5	Unknown
Q9H2G2	Unknown
Q9H2G4	Unknown
Q9H2G9	Unknown
Q9H2H0	Unknown
Q9H2H8	Unknown
Q9H2H9	2.A.18.6.14;
Q9H2J4	Unknown
Q9H2J7	2.A.22.6.7;
Q9H2K0	Unknown
Q9H2K2	Unknown
Q9H2K8	Unknown
Q9H2L4	8.A.76.1.2;
Q9H2L5	Unknown
Q9H2M3	Unknown
Q9H2M9	Unknown
Q9H2P0	Unknown
Q9H2P9	Unknown
Q9H2R5	Unknown
Q9H2S1	1.A.1.16.1;
Q9H2S5	Unknown
Q9H2S6	Unknown
Q9H2S9	Unknown
Q9H2U1	Unknown
Q9H2U2	Unknown
Q9H2U9	Unknown
Q9H2V7	2.A.1.49.2;
Q9H2W1	Unknown
Q9H2W2	Unknown
Q9H2W6	Unknown
Q9H2X0	Unknown
Q9H2X3	1.C.111.1.15;
Q9H2X6	Unknown
Q9H2X9	2.A.30.1.18;
Q9H300	9.B.104.1.6;
Q9H305	Unknown
Q9H306	Unknown
Q9H307	3.A.18.1.1;
Q9H310	1.A.11.4.2;
Q9H313	1.A.48.1.2;
Q9H320	Unknown
Q9H324	Unknown
Q9H329	Unknown
Q9H334	Unknown
Q9H361	Unknown
Q9H3D4	Unknown
Q9H3F6	Unknown
Q9H3H1	Unknown
Q9H3H3	Unknown
Q9H3H5	Unknown
Q9H3J6	Unknown
Q9H3K2	Unknown
Q9H3K6	Unknown
Q9H3L0	Unknown
Q9H3M0	1.A.1.2.18;
Q9H3M7	8.A.136.1.14;
Q9H3M9	Unknown
Q9H3N1	8.A.88.2.5;
Q9H3N8	Unknown
Q9H3P2	Unknown
Q9H3P7	9.B.17.2.3;
Q9H3Q1	Unknown
Q9H3Q3	Unknown
Q9H3R0	Unknown
Q9H3R1	Unknown
Q9H3R2	9.B.452.1.1;
Q9H3R5	Unknown
Q9H3S1	Unknown
Q9H3S3	Unknown
Q9H3S4	Unknown
Q9H3S5	Unknown
Q9H3S7	Unknown
Q9H3T2	Unknown
Q9H3T3	Unknown
Q9H3U1	Unknown
Q9H3U5	Unknown
Q9H3U7	Unknown
Q9H3Y6	Unknown
Q9H3Z4	Unknown
Q9H400	Unknown
Q9H410	Unknown
Q9H422	Unknown
Q9H427	1.A.1.9.12;
Q9H444	Unknown
Q9H446	Unknown
Q9H461	Unknown
Q9H467	Unknown
Q9H469	Unknown
Q9H477	Unknown
Q9H479	Unknown
Q9H488	Unknown
Q9H490	Unknown
Q9H492	Unknown
Q9H497	Unknown
Q9H4A3	8.A.23.1.69;
Q9H4A5	Unknown
Q9H4A6	Unknown
Q9H4A9	Unknown
Q9H4B0	Unknown
Q9H4B4	Unknown
Q9H4B6	Unknown
Q9H4B7	8.A.173.1.2;
Q9H4D0	Unknown
Q9H4D5	Unknown
Q9H4E5	Unknown
Q9H4E7	Unknown
Q9H4F1	Unknown
Q9H4F8	Unknown
Q9H4G0	Unknown
Q9H4G4	Unknown
Q9H4H8	Unknown
Q9H4I2	Unknown
Q9H4I3	Unknown
Q9H4I9	8.A.45.1.1;
Q9H4K7	Unknown
Q9H4L4	Unknown
Q9H4L5	Unknown
Q9H4L7	Unknown
Q9H4M3	Unknown
Q9H4M7	Unknown
Q9H4M9	1.F.3.1.1;
Q9H4P4	Unknown
Q9H4Q3	Unknown
Q9H4Q4	Unknown
Q9H4S2	Unknown
Q9H4T2	Unknown
Q9H4W6	Unknown
Q9H4X1	Unknown
Q9H4Y5	Unknown
Q9H4Z2	Unknown
Q9H4Z3	Unknown
Q9H503	Unknown
Q9H553	Unknown
Q9H582	Unknown
Q9H583	Unknown
Q9H596	Unknown
Q9H598	2.A.18.5.4;
Q9H5F2	Unknown
Q9H5H4	Unknown
Q9H5I1	Unknown
Q9H5I5	1.A.75.1.2;
Q9H5J4	Unknown
Q9H5J8	Unknown
Q9H5K3	Unknown
Q9H5N1	Unknown
Q9H5P4	Unknown
Q9H5Q4	Unknown
Q9H5U6	Unknown
Q9H5V7	Unknown
Q9H5V8	Unknown
Q9H5V9	Unknown
Q9H5X1	Unknown
Q9H5Y7	Unknown
Q9H5Z1	Unknown
Q9H5Z6	Unknown
Q9H611	Unknown
Q9H633	Unknown
Q9H649	Unknown
Q9H668	Unknown
Q9H672	Unknown
Q9H694	Unknown
Q9H6B4	Unknown
Q9H6B9	Unknown
Q9H6D3	2.A.112.1.13;
Q9H6D7	Unknown
Q9H6E4	Unknown
Q9H6E5	Unknown
Q9H6F5	Unknown
Q9H6H4	Unknown
Q9H6I2	Unknown
Q9H6J7	Unknown
Q9H6K1	Unknown
Q9H6K4	Unknown
Q9H6L2	Unknown
Q9H6L4	Unknown
Q9H6L5	9.B.362.1.1;
Q9H6P5	Unknown
Q9H6Q3	Unknown
Q9H6Q4	Unknown
Q9H6R0	Unknown
Q9H6R3	Unknown
Q9H6R4	Unknown
Q9H6R6	Unknown
Q9H6R7	Unknown
Q9H6S0	Unknown
Q9H6S1	Unknown
Q9H6S3	Unknown
Q9H6T0	Unknown
Q9H6T3	Unknown
Q9H6U6	Unknown
Q9H6U8	Unknown
Q9H6V9	Unknown
Q9H6W3	Unknown
Q9H6X2	Unknown
Q9H6Y7	Unknown
Q9H6Z4	Unknown
Q9H6Z9	Unknown
Q9H706	Unknown
Q9H707	Unknown
Q9H714	Unknown
Q9H741	Unknown
Q9H765	Unknown
Q9H772	Unknown
Q9H773	Unknown
Q9H777	Unknown
Q9H788	Unknown
Q9H790	Unknown
Q9H792	Unknown
Q9H799	Unknown
Q9H7B2	Unknown
Q9H7B4	Unknown
Q9H7C4	Unknown
Q9H7D0	Unknown
Q9H7D7	Unknown
Q9H7E2	Unknown
Q9H7E9	Unknown
Q9H7F0	Unknown
Q9H7H0	Unknown
Q9H7L9	Unknown
Q9H7M9	Unknown
Q9H7N4	8.A.224.1.1;
Q9H7P6	Unknown
Q9H7P9	Unknown
Q9H7S9	Unknown
Q9H7T9	Unknown
Q9H7V2	8.A.58.2.13;
Q9H7X0	Unknown
Q9H7X3	Unknown
Q9H7X7	Unknown
Q9H7Z3	Unknown
Q9H7Z6	Unknown
Q9H7Z7	Unknown
Q9H808	Unknown
Q9H813	1.A.114.1.1;
Q9H814	9.A.60.1.1;
Q9H816	Unknown
Q9H825	Unknown
Q9H832	Unknown
Q9H840	Unknown
Q9H845	Unknown
Q9H867	Unknown
Q9H869	Unknown
Q9H871	Unknown
Q9H875	Unknown
Q9H892	Unknown
Q9H8E8	Unknown
Q9H8H0	Unknown
Q9H8H2	Unknown
Q9H8H3	Unknown
Q9H8K7	Unknown
Q9H8L6	Unknown
Q9H8M2	Unknown
Q9H8M5	1.A.112.1.6;
Q9H8M7	Unknown
Q9H8M9	9.A.15.2.1;
Q9H8N7	Unknown
Q9H8P0	Unknown
Q9H8S9	Unknown
Q9H8T0	Unknown
Q9H8V3	Unknown
Q9H8W4	Unknown
Q9H8W5	Unknown
Q9H8X2	Unknown
Q9H8X9	Unknown
Q9H8Y5	Unknown
Q9H8Y8	Unknown
Q9H900	Unknown
Q9H902	8.A.108.1.8;
Q9H903	Unknown
Q9H910	8.A.242.1.1;
Q9H936	2.A.29.14.3;
Q9H944	Unknown
Q9H974	Unknown
Q9H977	Unknown
Q9H981	Unknown
Q9H987	Unknown
Q9H992	Unknown
Q9H993	Unknown
Q9H999	Unknown
Q9H9A5	Unknown
Q9H9A7	Unknown
Q9H9B1	Unknown
Q9H9B4	2.A.54.1.1;
Q9H9C1	Unknown
Q9H9D4	Unknown
Q9H9E1	Unknown
Q9H9E3	Unknown
Q9H9F9	Unknown
Q9H9G7	Unknown
Q9H9H4	Unknown
Q9H9J2	Unknown
Q9H9J4	Unknown
Q9H9K5	Unknown
Q9H9L4	Unknown
Q9H9L7	Unknown
Q9H9P2	Unknown
Q9H9P5	Unknown
Q9H9P8	Unknown
Q9H9Q2	Unknown
Q9H9Q4	Unknown
Q9H9S0	Unknown
Q9H9S5	Unknown
Q9H9T3	Unknown
Q9H9V4	Unknown
Q9H9V9	Unknown
Q9H9Y6	Unknown
Q9H9Z2	Unknown
Q9HA38	Unknown
Q9HA47	Unknown
Q9HA65	Unknown
Q9HA72	1.A.84.1.2;
Q9HA77	Unknown
Q9HA82	Unknown
Q9HAB3	2.A.125.1.3;
Q9HAB8	Unknown
Q9HAC7	Unknown
Q9HAC8	Unknown
Q9HAD4	Unknown
Q9HAE3	Unknown
Q9HAF1	Unknown
Q9HAI6	Unknown
Q9HAJ7	Unknown
Q9HAK2	Unknown
Q9HAN9	Unknown
Q9HAP2	Unknown
Q9HAP6	Unknown
Q9HAQ2	Unknown
Q9HAR2	9.A.14.6.8;
Q9HAS0	Unknown
Q9HAS3	2.A.41.2.8;
Q9HAT0	Unknown
Q9HAT2	Unknown
Q9HAT8	Unknown
Q9HAU0	Unknown
Q9HAU4	Unknown
Q9HAU5	Unknown
Q9HAU8	Unknown
Q9HAV0	Unknown
Q9HAV4	1.I.1.1.3;
Q9HAV5	Unknown
Q9HAV7	Unknown
Q9HAW0	Unknown
Q9HAW4	Unknown
Q9HAW7	Unknown
Q9HAW8	Unknown
Q9HAW9	Unknown
Q9HAY6	Unknown
Q9HAZ1	Unknown
Q9HAZ2	Unknown
Q9HB03	Unknown
Q9HB07	Unknown
Q9HB14	Unknown
Q9HB15	Unknown
Q9HB19	Unknown
Q9HB20	Unknown
Q9HB21	Unknown
Q9HB29	Unknown
Q9HB55	Unknown
Q9HB58	Unknown
Q9HB63	Unknown
Q9HB65	Unknown
Q9HB71	Unknown
Q9HB75	Unknown
Q9HB89	9.A.14.1.13;
Q9HB90	Unknown
Q9HB96	Unknown
Q9HBA0	Unknown
Q9HBA9	Unknown
Q9HBB8	Unknown
Q9HBD1	Unknown
Q9HBE1	Unknown
Q9HBE4	Unknown
Q9HBE5	Unknown
Q9HBF4	Unknown
Q9HBG4	3.A.2.2.4;
Q9HBG6	1.X.1.1.1;
Q9HBG7	Unknown
Q9HBH0	Unknown
Q9HBH1	Unknown
Q9HBH5	Unknown
Q9HBH7	Unknown
Q9HBH9	Unknown
Q9HBI0	Unknown
Q9HBI1	Unknown
Q9HBI6	Unknown
Q9HBJ7	Unknown
Q9HBJ8	2.A.22.6.3;
Q9HBK9	Unknown
Q9HBL0	Unknown
Q9HBL8	Unknown
Q9HBM0	8.A.134.1.1;
Q9HBM1	Unknown
Q9HBM6	Unknown
Q9HBT6	Unknown
Q9HBT8	Unknown
Q9HBU1	Unknown
Q9HBU6	Unknown
Q9HBV2	Unknown
Q9HBW0	9.A.14.2.5;
Q9HBW1	Unknown
Q9HBW9	9.A.14.6.3;
Q9HBX8	Unknown
Q9HBX9	9.A.14.1.19;
Q9HBY0	5.B.1.1.4;
Q9HBY8	Unknown
Q9HBZ2	Unknown
Q9HC07	2.A.106.2.2;
Q9HC10	1.F.1.2.4;
Q9HC16	Unknown
Q9HC21	2.A.29.16.1;
Q9HC23	Unknown
Q9HC24	1.A.14.3.6;
Q9HC29	Unknown
Q9HC35	Unknown
Q9HC36	Unknown
Q9HC52	Unknown
Q9HC58	2.A.19.4.10;
Q9HC62	1.I.1.1.3;
Q9HC73	Unknown
Q9HC77	Unknown
Q9HC78	Unknown
Q9HC84	Unknown
Q9HC96	Unknown
Q9HC97	9.A.14.13.8;
Q9HC98	1.I.1.1.3;
Q9HCB6	Unknown
Q9HCC0	Unknown
Q9HCC8	Unknown
Q9HCC9	Unknown
Q9HCD5	Unknown
Q9HCD6	Unknown
Q9HCE0	Unknown
Q9HCE1	Unknown
Q9HCE5	Unknown
Q9HCE6	Unknown
Q9HCE7	Unknown
Q9HCE9	1.A.17.1.31;
Q9HCF6	1.A.4.5.6;
Q9HCG7	Unknown
Q9HCG8	Unknown
Q9HCH0	Unknown
Q9HCH3	Unknown
Q9HCH5	9.A.57.1.4;
Q9HCI5	Unknown
Q9HCI7	Unknown
Q9HCJ0	Unknown
Q9HCJ1	2.A.66.9.1;
Q9HCJ2	Unknown
Q9HCK0	Unknown
Q9HCK4	Unknown
Q9HCK5	Unknown
Q9HCK8	Unknown
Q9HCL2	Unknown
Q9HCM1	Unknown
Q9HCM2	Unknown
Q9HCM3	Unknown
Q9HCM4	Unknown
Q9HCM9	Unknown
Q9HCN3	1.N.2.1.6;
Q9HCN4	Unknown
Q9HCN6	Unknown
Q9HCN8	Unknown
Q9HCP0	Unknown
Q9HCP6	Unknown
Q9HCQ5	Unknown
Q9HCQ7	Unknown
Q9HCR9	Unknown
Q9HCS2	Unknown
Q9HCS4	Unknown
Q9HCS7	Unknown
Q9HCU0	Unknown
Q9HCU4	Unknown
Q9HCU5	8.A.92.1.10;
Q9HCU8	Unknown
Q9HCU9	Unknown
Q9HCX3	Unknown
Q9HCX4	Unknown
Q9HCY8	Unknown
Q9HD15	Unknown
Q9HD20	3.A.3.10.19;
Q9HD23	1.A.35.5.7;
Q9HD26	8.A.24.1.10;
Q9HD34	Unknown
Q9HD36	Unknown
Q9HD40	Unknown
Q9HD42	Unknown
Q9HD43	Unknown
Q9HD47	Unknown
Q9HD67	Unknown
Q9HD89	Unknown
Q9HD90	Unknown
Q9HDB5	Unknown
Q9HDC5	8.A.110.1.1;
Q9HDC9	Unknown
Q9HDD0	Unknown
Q9N2K0	Unknown
Q9NNW5	Unknown
Q9NNW7	Unknown
Q9NNX1	Unknown
Q9NNX6	Unknown
Q9NP08	Unknown
Q9NP31	Unknown
Q9NP50	Unknown
Q9NP55	Unknown
Q9NP56	Unknown
Q9NP58	3.A.1.210.6;
Q9NP59	2.A.100.1.4;
Q9NP60	Unknown
Q9NP61	Unknown
Q9NP62	Unknown
Q9NP64	Unknown
Q9NP66	Unknown
Q9NP70	Unknown
Q9NP71	Unknown
Q9NP72	Unknown
Q9NP73	Unknown
Q9NP74	Unknown
Q9NP77	Unknown
Q9NP78	3.A.1.209.2;
Q9NP79	Unknown
Q9NP80	Unknown
Q9NP81	Unknown
Q9NP84	Unknown
Q9NP85	8.A.21.1.2;
Q9NP86	Unknown
Q9NP87	Unknown
Q9NP90	Unknown
Q9NP91	2.A.22.6.8;
Q9NP94	2.A.5.3.1;
Q9NP95	Unknown
Q9NP97	Unknown
Q9NP98	Unknown
Q9NP99	Unknown
Q9NPA0	3.A.27.1.1;
Q9NPA1	8.A.14.1.4;
Q9NPA2	Unknown
Q9NPA3	Unknown
Q9NPA8	1.I.1.1.3;
Q9NPB0	Unknown
Q9NPB1	Unknown
Q9NPB3	Unknown
Q9NPB6	Unknown
Q9NPB9	Unknown
Q9NPC1	Unknown
Q9NPC2	1.A.1.9.11;
Q9NPC3	Unknown
Q9NPC4	Unknown
Q9NPC6	Unknown
Q9NPC7	Unknown
Q9NPC8	Unknown
Q9NPD3	Unknown
Q9NPD5	2.A.60.1.12;
Q9NPD8	Unknown
Q9NPE2	Unknown
Q9NPE3	Unknown
Q9NPE6	Unknown
Q9NPF0	Unknown
Q9NPF2	Unknown
Q9NPF4	Unknown
Q9NPF5	Unknown
Q9NPF7	Unknown
Q9NPF8	Unknown
Q9NPG1	Unknown
Q9NPG2	1.A.107.1.4;
Q9NPG3	Unknown
Q9NPG4	Unknown
Q9NPG8	Unknown
Q9NPH0	Unknown
Q9NPH2	Unknown
Q9NPH3	Unknown
Q9NPH5	5.B.1.1.2;
Q9NPH9	Unknown
Q9NPI0	Unknown
Q9NPI1	Unknown
Q9NPI5	Unknown
Q9NPI6	3.A.18.1.1;
Q9NPI8	Unknown
Q9NPI9	1.A.2.1.11;
Q9NPJ1	Unknown
Q9NPJ3	Unknown
Q9NPJ4	Unknown
Q9NPJ6	Unknown
Q9NPJ8	Unknown
Q9NPL8	Unknown
Q9NPP4	Unknown
Q9NPQ8	Unknown
Q9NPR2	Unknown
Q9NPR9	9.A.14.22.6;
Q9NPY3	Unknown
Q9NPZ5	Unknown
Q9NQ11	3.A.3.10.7;
Q9NQ25	Unknown
Q9NQ29	Unknown
Q9NQ30	Unknown
Q9NQ31	Unknown
Q9NQ33	Unknown
Q9NQ34	8.A.123.1.7;
Q9NQ36	Unknown
Q9NQ38	Unknown
Q9NQ40	2.A.125.1.2;
Q9NQ48	Unknown
Q9NQ50	Unknown
Q9NQ55	Unknown
Q9NQ66	Unknown
Q9NQ69	Unknown
Q9NQ75	Unknown
Q9NQ76	Unknown
Q9NQ79	Unknown
Q9NQ84	9.A.14.11.2;
Q9NQ86	Unknown
Q9NQ87	Unknown
Q9NQ88	Unknown
Q9NQ89	Unknown
Q9NQ90	1.A.17.1.3;
Q9NQ92	Unknown
Q9NQ94	Unknown
Q9NQA5	1.A.4.2.10;
Q9NQB0	Unknown
Q9NQC1	Unknown
Q9NQC3	Unknown
Q9NQC7	Unknown
Q9NQC8	1.X.1.1.1;
Q9NQE9	Unknown
Q9NQG1	Unknown
Q9NQG5	Unknown
Q9NQG6	Unknown
Q9NQG7	Unknown
Q9NQH7	Unknown
Q9NQI0	Unknown
Q9NQL2	Unknown
Q9NQL9	Unknown
Q9NQM4	Unknown
Q9NQP4	Unknown
Q9NQQ7	2.A.7.9.16;
Q9NQR1	Unknown
Q9NQR4	Unknown
Q9NQR9	Unknown
Q9NQS3	Unknown
Q9NQS5	Unknown
Q9NQS7	Unknown
Q9NQT4	Unknown
Q9NQT5	Unknown
Q9NQT8	Unknown
Q9NQU5	Unknown
Q9NQV5	Unknown
Q9NQV6	Unknown
Q9NQV7	Unknown
Q9NQV8	Unknown
Q9NQW1	Unknown
Q9NQW5	Unknown
Q9NQW6	Unknown
Q9NQW7	Unknown
Q9NQW8	1.A.1.5.37;
Q9NQX0	Unknown
Q9NQX1	Unknown
Q9NQX3	Unknown
Q9NQX4	Unknown
Q9NQX5	Unknown
Q9NQX7	1.C.81.2.3;
Q9NQY0	Unknown
Q9NQZ2	Unknown
Q9NQZ3	Unknown
Q9NQZ5	8.A.120.1.1;
Q9NQZ6	Unknown
Q9NQZ7	Unknown
Q9NQZ8	Unknown
Q9NR00	Unknown
Q9NR09	8.A.217.1.1;
Q9NR11	Unknown
Q9NR12	Unknown
Q9NR16	Unknown
Q9NR19	Unknown
Q9NR20	Unknown
Q9NR21	Unknown
Q9NR22	Unknown
Q9NR23	Unknown
Q9NR28	Unknown
Q9NR30	Unknown
Q9NR31	Unknown
Q9NR33	Unknown
Q9NR34	Unknown
Q9NR45	Unknown
Q9NR46	Unknown
Q9NR48	Unknown
Q9NR50	Unknown
Q9NR55	Unknown
Q9NR56	Unknown
Q9NR61	Unknown
Q9NR63	Unknown
Q9NR64	Unknown
Q9NR71	Unknown
Q9NR80	Unknown
Q9NR81	Unknown
Q9NR82	Unknown
Q9NR83	Unknown
Q9NR90	Unknown
Q9NR96	Unknown
Q9NR97	Unknown
Q9NR99	Unknown
Q9NRA0	Unknown
Q9NRA1	Unknown
Q9NRA2	2.A.1.14.10;
Q9NRA8	Unknown
Q9NRB3	Unknown
Q9NRC1	Unknown
Q9NRC6	Unknown
Q9NRC8	Unknown
Q9NRD1	Unknown
Q9NRD5	Unknown
Q9NRD8	5.B.1.1.7;
Q9NRD9	5.B.1.1.6;
Q9NRE1	Unknown
Q9NRE2	Unknown
Q9NRF2	Unknown
Q9NRF8	Unknown
Q9NRF9	Unknown
Q9NRG0	Unknown
Q9NRG1	Unknown
Q9NRG4	Unknown
Q9NRG9	1.I.1.1.3;
Q9NRH2	Unknown
Q9NRH3	Unknown
Q9NRI5	Unknown
Q9NRJ3	Unknown
Q9NRJ4	Unknown
Q9NRJ7	Unknown
Q9NRK6	3.A.1.201.17;
Q9NRL2	Unknown
Q9NRL3	Unknown
Q9NRM0	2.A.1.1.72;
Q9NRM1	Unknown
Q9NRM6	Unknown
Q9NRM7	Unknown
Q9NRN7	Unknown
Q9NRN9	Unknown
Q9NRP0	1.A.76.2.9;9.B.142.3.17;
Q9NRP7	Unknown
Q9NRQ2	9.A.36.1.4;
Q9NRQ5	Unknown
Q9NRR2	Unknown
Q9NRR3	Unknown
Q9NRR4	Unknown
Q9NRR5	8.A.52.1.1;
Q9NRR6	Unknown
Q9NRR8	Unknown
Q9NRS4	Unknown
Q9NRS6	3.A.34.1.1;
Q9NRW1	Unknown
Q9NRW3	Unknown
Q9NRW4	Unknown
Q9NRW7	Unknown
Q9NRX1	Unknown
Q9NRX2	Unknown
Q9NRX4	Unknown
Q9NRX5	Unknown
Q9NRX6	Unknown
Q9NRY2	Unknown
Q9NRY4	Unknown
Q9NRY6	9.A.36.1.6;
Q9NRY7	9.A.36.1.5;
Q9NRZ5	Unknown
Q9NRZ7	9.B.447.1.1;
Q9NRZ9	Unknown
Q9NS00	Unknown
Q9NS15	Unknown
Q9NS18	Unknown
Q9NS23	Unknown
Q9NS37	Unknown
Q9NS39	Unknown
Q9NS40	Unknown
Q9NS56	Unknown
Q9NS61	8.A.82.2.4;
Q9NS62	Unknown
Q9NS64	Unknown
Q9NS68	Unknown
Q9NS69	Unknown
Q9NS71	1.C.81.1.10;
Q9NS73	Unknown
Q9NS75	Unknown
Q9NS82	2.A.3.8.21;
Q9NS84	Unknown
Q9NS86	Unknown
Q9NS87	Unknown
Q9NS91	Unknown
Q9NSA0	2.A.1.19.10;
Q9NSA1	Unknown
Q9NSA2	1.A.1.2.28;
Q9NSA3	Unknown
Q9NSB2	Unknown
Q9NSB4	Unknown
Q9NSB8	Unknown
Q9NSC2	Unknown
Q9NSC5	Unknown
Q9NSC7	Unknown
Q9NSD4	Unknown
Q9NSD5	2.A.22.3.10;
Q9NSD9	Unknown
Q9NSE2	Unknown
Q9NSE4	Unknown
Q9NSG2	Unknown
Q9NSI6	Unknown
Q9NSI8	Unknown
Q9NSK0	Unknown
Q9NSK7	Unknown
Q9NSN8	Unknown
Q9NSP4	Unknown
Q9NST1	Unknown
Q9NSU2	Unknown
Q9NSV4	Unknown
Q9NSY1	Unknown
Q9NT22	Unknown
Q9NT62	9.A.15.2.1;
Q9NT68	9.B.87.1.20;
Q9NT99	8.A.43.1.24;
Q9NTG1	Unknown
Q9NTG7	Unknown
Q9NTI2	Unknown
Q9NTI5	Unknown
Q9NTJ3	Unknown
Q9NTJ4	Unknown
Q9NTJ5	Unknown
Q9NTK1	Unknown
Q9NTK5	Unknown
Q9NTM9	9.B.158.1.1;
Q9NTN3	2.A.7.15.4;
Q9NTN9	Unknown
Q9NTQ9	1.A.24.1.14;
Q9NTW7	Unknown
Q9NTX7	Unknown
Q9NTX9	Unknown
Q9NU19	Unknown
Q9NU22	Unknown
Q9NU39	Unknown
Q9NU63	Unknown
Q9NUB1	Unknown
Q9NUD5	Unknown
Q9NUD9	Unknown
Q9NUE0	Unknown
Q9NUH8	2.A.126.1.20;
Q9NUI1	Unknown
Q9NUJ1	Unknown
Q9NUJ3	Unknown
Q9NUK0	Unknown
Q9NUL3	Unknown
Q9NUL5	Unknown
Q9NUL7	Unknown
Q9NUM3	2.A.5.6.1;
Q9NUM4	9.B.23.1.1;
Q9NUN5	9.A.54.1.1;
Q9NUN7	Unknown
Q9NUP9	Unknown
Q9NUQ2	Unknown
Q9NUQ3	Unknown
Q9NUQ7	Unknown
Q9NUQ9	Unknown
Q9NUS5	Unknown
Q9NUT2	3.A.1.201.22;
Q9NUU6	Unknown
Q9NUU7	1.I.1.1.3;
Q9NUV7	Unknown
Q9NUW8	Unknown
Q9NUX5	Unknown
Q9NUY8	Unknown
Q9NV06	Unknown
Q9NV12	Unknown
Q9NV23	Unknown
Q9NV29	8.A.64.1.8;
Q9NV31	Unknown
Q9NV35	Unknown
Q9NV56	Unknown
Q9NV58	Unknown
Q9NV64	9.B.385.1.1;
Q9NV70	1.F.2.1.2;
Q9NV79	Unknown
Q9NV88	Unknown
Q9NV92	Unknown
Q9NV96	8.A.27.1.5;
Q9NVA1	Unknown
Q9NVA2	Unknown
Q9NVC3	2.A.18.6.13;
Q9NVC6	Unknown
Q9NVD3	Unknown
Q9NVD7	Unknown
Q9NVE5	Unknown
Q9NVE7	Unknown
Q9NVF7	Unknown
Q9NVF9	Unknown
Q9NVH0	Unknown
Q9NVH1	Unknown
Q9NVH2	Unknown
Q9NVH6	Unknown
Q9NVI1	Unknown
Q9NVI7	Unknown
Q9NVJ2	Unknown
Q9NVK5	Unknown
Q9NVL1	Unknown
Q9NVL8	Unknown
Q9NVM4	Unknown
Q9NVM9	Unknown
Q9NVN3	Unknown
Q9NVN8	Unknown
Q9NVP1	Unknown
Q9NVP2	Unknown
Q9NVP4	Unknown
Q9NVR2	Unknown
Q9NVR5	Unknown
Q9NVS9	Unknown
Q9NVT9	Unknown
Q9NVU0	Unknown
Q9NVU7	Unknown
Q9NVV0	1.A.62.1.3;
Q9NVV4	Unknown
Q9NVV5	9.B.203.1.1;
Q9NVV9	Unknown
Q9NVW2	Unknown
Q9NVX0	Unknown
Q9NVX2	Unknown
Q9NVX7	Unknown
Q9NW08	Unknown
Q9NW13	Unknown
Q9NW15	1.A.17.1.26;
Q9NW38	Unknown
Q9NW64	Unknown
Q9NW75	Unknown
Q9NW81	Unknown
Q9NW97	Unknown
Q9NWB1	Unknown
Q9NWB6	Unknown
Q9NWB7	Unknown
Q9NWD8	Unknown
Q9NWD9	Unknown
Q9NWF4	2.A.125.1.1;
Q9NWF9	Unknown
Q9NWH2	8.A.181.1.1;
Q9NWH7	Unknown
Q9NWH9	Unknown
Q9NWK9	Unknown
Q9NWM0	Unknown
Q9NWM8	Unknown
Q9NWN3	Unknown
Q9NWQ4	Unknown
Q9NWQ8	Unknown
Q9NWQ9	Unknown
Q9NWR8	1.A.77.1.12;
Q9NWS0	Unknown
Q9NWS1	Unknown
Q9NWS6	Unknown
Q9NWS8	Unknown
Q9NWS9	Unknown
Q9NWT1	Unknown
Q9NWT6	Unknown
Q9NWT8	Unknown
Q9NWU1	Unknown
Q9NWU2	Unknown
Q9NWU5	Unknown
Q9NWV8	Unknown
Q9NWW5	9.B.386.1.1;
Q9NWW6	Unknown
Q9NWW9	Unknown
Q9NWX5	Unknown
Q9NWX6	Unknown
Q9NWY4	Unknown
Q9NWZ3	Unknown
Q9NWZ5	Unknown
Q9NWZ8	Unknown
Q9NX01	Unknown
Q9NX02	Unknown
Q9NX04	Unknown
Q9NX07	Unknown
Q9NX08	Unknown
Q9NX09	Unknown
Q9NX14	Unknown
Q9NX18	Unknown
Q9NX24	Unknown
Q9NX40	Unknown
Q9NX46	Unknown
Q9NX47	Unknown
Q9NX52	Unknown
Q9NX55	Unknown
Q9NX57	Unknown
Q9NX58	Unknown
Q9NX61	Unknown
Q9NX62	Unknown
Q9NX63	Unknown
Q9NX65	Unknown
Q9NX70	Unknown
Q9NX74	Unknown
Q9NX76	1.A.64.4.5;
Q9NX78	Unknown
Q9NX94	Unknown
Q9NX95	Unknown
Q9NXA8	Unknown
Q9NXB0	8.A.170.1.1;
Q9NXB9	Unknown
Q9NXC2	Unknown
Q9NXC5	Unknown
Q9NXE4	Unknown
Q9NXE8	Unknown
Q9NXF1	Unknown
Q9NXF8	Unknown
Q9NXG0	Unknown
Q9NXG2	Unknown
Q9NXG6	Unknown
Q9NXH9	Unknown
Q9NXI6	Unknown
Q9NXJ5	Unknown
Q9NXK8	Unknown
Q9NXL9	Unknown
Q9NXR1	Unknown
Q9NXR5	Unknown
Q9NXR7	Unknown
Q9NXR8	Unknown
Q9NXS2	Unknown
Q9NXV2	Unknown
Q9NXV6	Unknown
Q9NXW2	1.P.1.1.1;
Q9NXW9	Unknown
Q9NXX6	Unknown
Q9NXZ2	Unknown
Q9NY12	Unknown
Q9NY15	9.B.87.1.22;
Q9NY25	Unknown
Q9NY26	2.A.5.3.2;
Q9NY27	Unknown
Q9NY28	Unknown
Q9NY30	Unknown
Q9NY33	Unknown
Q9NY35	8.A.16.2.9;
Q9NY37	1.A.6.1.11;
Q9NY46	Unknown
Q9NY47	8.A.18.1.2;
Q9NY56	Unknown
Q9NY59	Unknown
Q9NY61	Unknown
Q9NY64	2.A.1.1.89;
Q9NY65	Unknown
Q9NY72	Unknown
Q9NY74	Unknown
Q9NY91	2.A.21.3.18;
Q9NY93	Unknown
Q9NY97	Unknown
Q9NY99	Unknown
Q9NYA1	Unknown
Q9NYA3	Unknown
Q9NYA4	Unknown
Q9NYB0	Unknown
Q9NYB5	2.A.60.1.15;
Q9NYB9	Unknown
Q9NYC9	Unknown
Q9NYD6	Unknown
Q9NYF0	Unknown
Q9NYF8	Unknown
Q9NYG2	Unknown
Q9NYG5	Unknown
Q9NYG8	Unknown
Q9NYH9	Unknown
Q9NYI0	Unknown
Q9NYJ7	Unknown
Q9NYJ8	Unknown
Q9NYK1	Unknown
Q9NYK5	Unknown
Q9NYK6	Unknown
Q9NYL2	Unknown
Q9NYL5	Unknown
Q9NYM4	Unknown
Q9NYM9	Unknown
Q9NYP3	Unknown
Q9NYP7	8.A.221.1.1;
Q9NYP8	Unknown
Q9NYP9	Unknown
Q9NYQ3	Unknown
Q9NYQ6	9.A.14.6.4;
Q9NYQ7	Unknown
Q9NYQ8	Unknown
Q9NYR8	Unknown
Q9NYR9	Unknown
Q9NYS0	Unknown
Q9NYU1	Unknown
Q9NYU2	Unknown
Q9NYV4	Unknown
Q9NYV6	Unknown
Q9NYV7	Unknown
Q9NYV8	Unknown
Q9NYW0	Unknown
Q9NYW4	Unknown
Q9NYW5	Unknown
Q9NYW8	Unknown
Q9NYX4	Unknown
Q9NYY1	Unknown
Q9NYY3	Unknown
Q9NYY8	Unknown
Q9NYZ1	Unknown
Q9NYZ2	2.A.29.5.7;
Q9NYZ3	Unknown
Q9NYZ4	Unknown
Q9NZ01	Unknown
Q9NZ08	Unknown
Q9NZ09	Unknown
Q9NZ20	Unknown
Q9NZ42	Unknown
Q9NZ43	Unknown
Q9NZ45	Unknown
Q9NZ52	9.B.278.1.3;
Q9NZ53	Unknown
Q9NZ56	Unknown
Q9NZ63	Unknown
Q9NZ71	Unknown
Q9NZ72	Unknown
Q9NZ81	Unknown
Q9NZ94	8.A.117.1.6;
Q9NZA1	Unknown
Q9NZB2	Unknown
Q9NZB8	Unknown
Q9NZC2	8.A.218.1.1;
Q9NZC3	Unknown
Q9NZC4	Unknown
Q9NZC7	Unknown
Q9NZC9	Unknown
Q9NZD1	Unknown
Q9NZD2	Unknown
Q9NZD4	Unknown
Q9NZD8	Unknown
Q9NZE8	Unknown
Q9NZG7	Unknown
Q9NZH0	Unknown
Q9NZH6	Unknown
Q9NZH7	Unknown
Q9NZH8	Unknown
Q9NZI2	8.A.82.2.6;
Q9NZI5	Unknown
Q9NZI6	Unknown
Q9NZI7	Unknown
Q9NZI8	Unknown
Q9NZJ0	Unknown
Q9NZJ4	Unknown
Q9NZJ5	8.A.23.1.57;
Q9NZJ6	Unknown
Q9NZJ7	2.A.29.25.1;
Q9NZJ9	Unknown
Q9NZK5	Unknown
Q9NZK7	Unknown
Q9NZL3	Unknown
Q9NZL4	Unknown
Q9NZL9	Unknown
Q9NZM1	1.F.1.2.2;
Q9NZM3	Unknown
Q9NZM4	Unknown
Q9NZM5	Unknown
Q9NZM6	Unknown
Q9NZN1	Unknown
Q9NZN3	Unknown
Q9NZN4	Unknown
Q9NZN5	Unknown
Q9NZN8	Unknown
Q9NZN9	Unknown
Q9NZP6	1.I.1.1.3;
Q9NZP8	Unknown
Q9NZQ3	Unknown
Q9NZQ7	8.A.23.5.1;
Q9NZQ8	1.A.4.5.3;
Q9NZR1	Unknown
Q9NZR2	Unknown
Q9NZR4	Unknown
Q9NZS2	Unknown
Q9NZS9	Unknown
Q9NZT1	Unknown
Q9NZU0	8.A.43.1.27;
Q9NZU1	Unknown
Q9NZU5	Unknown
Q9NZU7	8.A.82.1.11;
Q9NZV1	9.B.87.1.36;
Q9NZV5	Unknown
Q9NZV6	Unknown
Q9NZV7	Unknown
Q9NZV8	1.A.1.2.5;
Q9NZW4	Unknown
Q9NZZ3	Unknown
Q9P000	Unknown
Q9P003	Unknown
Q9P013	Unknown
Q9P021	Unknown
Q9P032	Unknown
Q9P035	Unknown
Q9P055	Unknown
Q9P086	Unknown
Q9P0B6	Unknown
Q9P0G3	Unknown
Q9P0I2	3.A.27.1.1;
Q9P0J0	Unknown
Q9P0J1	Unknown
Q9P0J7	Unknown
Q9P0K1	Unknown
Q9P0K7	Unknown
Q9P0K8	Unknown
Q9P0K9	Unknown
Q9P0L0	1.R.1.1.1;
Q9P0L1	Unknown
Q9P0L2	Unknown
Q9P0L9	1.A.5.1.3;
Q9P0M2	Unknown
Q9P0M6	Unknown
Q9P0N5	Unknown
Q9P0N8	8.A.159.1.3;
Q9P0N9	Unknown
Q9P0P0	Unknown
Q9P0P8	Unknown
Q9P0R6	Unknown
Q9P0S2	3.D.4.11.1;
Q9P0S3	Unknown
Q9P0S9	2.A.126.1.18;
Q9P0T4	Unknown
Q9P0T7	8.A.123.1.1;
Q9P0U1	Unknown
Q9P0U3	Unknown
Q9P0U4	Unknown
Q9P0V3	Unknown
Q9P0V8	Unknown
Q9P0V9	Unknown
Q9P0W0	Unknown
Q9P0W2	Unknown
Q9P0W8	Unknown
Q9P0X4	1.A.1.11.7;
Q9P0Z9	Unknown
Q9P107	Unknown
Q9P109	Unknown
Q9P121	Unknown
Q9P126	Unknown
Q9P127	Unknown
Q9P1A6	Unknown
Q9P1Q0	Unknown
Q9P1T7	1.A.75.1.1;1.A.75.1.2;
Q9P1U0	Unknown
Q9P1U1	Unknown
Q9P1W3	1.A.17.5.12;
Q9P1W8	Unknown
Q9P1W9	Unknown
Q9P1Y5	Unknown
Q9P1Z0	Unknown
Q9P1Z2	Unknown
Q9P1Z3	Unknown
Q9P202	Unknown
Q9P206	Unknown
Q9P209	Unknown
Q9P212	Unknown
Q9P219	Unknown
Q9P225	Unknown
Q9P232	Unknown
Q9P241	3.A.3.8.25;
Q9P243	Unknown
Q9P244	Unknown
Q9P246	1.A.52.1.1;
Q9P253	Unknown
Q9P258	Unknown
Q9P266	Unknown
Q9P267	Unknown
Q9P270	Unknown
Q9P272	Unknown
Q9P273	Unknown
Q9P275	Unknown
Q9P278	Unknown
Q9P283	Unknown
Q9P286	Unknown
Q9P287	Unknown
Q9P289	Unknown
Q9P296	Unknown
Q9P2A4	Unknown
Q9P2B2	Unknown
Q9P2B4	Unknown
Q9P2D0	Unknown
Q9P2D1	Unknown
Q9P2D3	9.B.465.1.1;
Q9P2D7	Unknown
Q9P2E2	Unknown
Q9P2E3	Unknown
Q9P2E5	Unknown
Q9P2E7	Unknown
Q9P2E8	Unknown
Q9P2E9	Unknown
Q9P2F6	Unknown
Q9P2F9	Unknown
Q9P2G1	Unknown
Q9P2G3	Unknown
Q9P2G4	Unknown
Q9P2G9	Unknown
Q9P2H0	Unknown
Q9P2H3	Unknown
Q9P2H5	Unknown
Q9P2I0	Unknown
Q9P2J2	Unknown
Q9P2J3	Unknown
Q9P2J5	Unknown
Q9P2K1	Unknown
Q9P2K2	Unknown
Q9P2K3	Unknown
Q9P2K5	Unknown
Q9P2K6	Unknown
Q9P2K8	Unknown
Q9P2K9	Unknown
Q9P2L0	1.X.1.1.1;
Q9P2M1	Unknown
Q9P2M4	Unknown
Q9P2M7	Unknown
Q9P2N2	Unknown
Q9P2N4	Unknown
Q9P2N6	Unknown
Q9P2N7	Unknown
Q9P2P5	Unknown
Q9P2P6	Unknown
Q9P2Q2	Unknown
Q9P2R3	Unknown
Q9P2R6	Unknown
Q9P2R7	Unknown
Q9P2S2	8.A.74.1.1;
Q9P2S5	Unknown
Q9P2T0	Unknown
Q9P2T1	Unknown
Q9P2U7	2.A.1.14.30;
Q9P2U8	2.A.1.14.31;
Q9P2W1	Unknown
Q9P2W3	Unknown
Q9P2W7	Unknown
Q9P2W9	Unknown
Q9P2X0	Unknown
Q9P2X3	Unknown
Q9P2Y4	Unknown
Q9P2Y5	Unknown
Q9UBB4	Unknown
Q9UBB5	Unknown
Q9UBB6	Unknown
Q9UBB9	Unknown
Q9UBC0	Unknown
Q9UBC1	Unknown
Q9UBC2	Unknown
Q9UBC3	Unknown
Q9UBC5	Unknown
Q9UBC7	Unknown
Q9UBC9	Unknown
Q9UBD0	Unknown
Q9UBD3	Unknown
Q9UBD5	Unknown
Q9UBD6	1.A.11.4.1;
Q9UBD9	Unknown
Q9UBE0	Unknown
Q9UBE8	Unknown
Q9UBF1	Unknown
Q9UBF2	Unknown
Q9UBF6	Unknown
Q9UBF8	Unknown
Q9UBF9	Unknown
Q9UBG0	Unknown
Q9UBG3	Unknown
Q9UBH0	Unknown
Q9UBH6	2.A.94.1.6;
Q9UBI1	Unknown
Q9UBI4	Unknown
Q9UBI6	Unknown
Q9UBJ2	3.A.1.203.7;
Q9UBK2	Unknown
Q9UBK5	Unknown
Q9UBK8	Unknown
Q9UBK9	Unknown
Q9UBL3	Unknown
Q9UBL6	Unknown
Q9UBL9	Unknown
Q9UBM1	Unknown
Q9UBM4	Unknown
Q9UBM7	Unknown
Q9UBM8	Unknown
Q9UBN1	8.A.16.2.3;
Q9UBN4	1.A.4.1.12;
Q9UBN6	Unknown
Q9UBN7	Unknown
Q9UBP0	1.R.1.1.1;
Q9UBP4	Unknown
Q9UBP5	3.A.16.1.4;
Q9UBP6	Unknown
Q9UBP9	8.A.238.1.3;
Q9UBQ0	9.A.3.1.1;9.A.3.1.2;
Q9UBQ5	Unknown
Q9UBQ6	Unknown
Q9UBQ7	Unknown
Q9UBR1	Unknown
Q9UBR2	Unknown
Q9UBR4	Unknown
Q9UBR5	Unknown
Q9UBS0	Unknown
Q9UBS3	Unknown
Q9UBS4	Unknown
Q9UBS5	Unknown
Q9UBS8	Unknown
Q9UBS9	Unknown
Q9UBT2	Unknown
Q9UBT3	Unknown
Q9UBT6	Unknown
Q9UBT7	Unknown
Q9UBU2	Unknown
Q9UBU3	Unknown
Q9UBU7	Unknown
Q9UBU8	Unknown
Q9UBU9	3.A.18.1.1;
Q9UBV2	3.A.16.1.4;
Q9UBV4	Unknown
Q9UBV7	Unknown
Q9UBV8	Unknown
Q9UBW5	Unknown
Q9UBW7	Unknown
Q9UBW8	Unknown
Q9UBX0	Unknown
Q9UBX1	Unknown
Q9UBX2	1.I.1.1.3;
Q9UBX3	2.A.29.2.7;
Q9UBX5	Unknown
Q9UBX7	Unknown
Q9UBX8	Unknown
Q9UBY0	2.A.36.1.17;
Q9UBY5	Unknown
Q9UBY8	Unknown
Q9UBY9	Unknown
Q9UBZ4	Unknown
Q9UBZ9	Unknown
Q9UC07	Unknown
Q9UD71	Unknown
Q9UDR5	Unknown
Q9UDT6	Unknown
Q9UDV6	Unknown
Q9UDW1	Unknown
Q9UDW3	Unknown
Q9UDX3	9.B.17.2.2;
Q9UDY2	Unknown
Q9UDY4	Unknown
Q9UDY6	Unknown
Q9UDY8	Unknown
Q9UEE5	Unknown
Q9UEE9	Unknown
Q9UEF7	8.A.49.1.1;
Q9UEG4	Unknown
Q9UER7	Unknown
Q9UET6	Unknown
Q9UEU0	1.F.1.1.5;
Q9UEW3	Unknown
Q9UEW8	Unknown
Q9UEY8	Unknown
Q9UF11	Unknown
Q9UF12	Unknown
Q9UF33	Unknown
Q9UF56	Unknown
Q9UFB7	Unknown
Q9UFC0	Unknown
Q9UFD9	Unknown
Q9UFE4	Unknown
Q9UFF9	Unknown
Q9UFG5	Unknown
Q9UFH2	Unknown
Q9UFP1	Unknown
Q9UFW8	Unknown
Q9UG01	Unknown
Q9UG22	Unknown
Q9UG56	Unknown
Q9UGB7	Unknown
Q9UGC6	Unknown
Q9UGC7	Unknown
Q9UGH3	2.A.40.6.2;
Q9UGI0	Unknown
Q9UGI6	1.A.1.16.7;
Q9UGI8	Unknown
Q9UGI9	Unknown
Q9UGJ0	Unknown
Q9UGJ1	Unknown
Q9UGK3	Unknown
Q9UGK8	Unknown
Q9UGL1	Unknown
Q9UGL9	Unknown
Q9UGM1	1.A.9.1.22;
Q9UGM3	Unknown
Q9UGM5	Unknown
Q9UGM6	Unknown
Q9UGN4	Unknown
Q9UGN5	Unknown
Q9UGP4	Unknown
Q9UGP5	Unknown
Q9UGP8	3.A.5.9.1;
Q9UGQ2	1.A.55.1.1;
Q9UGQ3	2.A.1.1.88;
Q9UGR2	Unknown
Q9UGT4	Unknown
Q9UGU0	Unknown
Q9UGU5	Unknown
Q9UGY1	Unknown
Q9UH03	Unknown
Q9UH17	Unknown
Q9UH65	Unknown
Q9UH73	Unknown
Q9UH77	8.A.160.1.5;
Q9UH92	Unknown
Q9UH99	1.I.1.1.3;
Q9UHA4	Unknown
Q9UHA7	Unknown
Q9UHB4	Unknown
Q9UHB6	Unknown
Q9UHB7	Unknown
Q9UHB9	3.A.5.9.1;
Q9UHC1	Unknown
Q9UHC3	Unknown
Q9UHC6	Unknown
Q9UHC7	Unknown
Q9UHC9	2.A.6.6.6;
Q9UHD0	Unknown
Q9UHD1	Unknown
Q9UHD2	Unknown
Q9UHD4	Unknown
Q9UHD8	Unknown
Q9UHD9	Unknown
Q9UHE5	Unknown
Q9UHE8	5.B.6.1.4;
Q9UHF0	Unknown
Q9UHF1	Unknown
Q9UHF3	Unknown
Q9UHF4	Unknown
Q9UHF7	Unknown
Q9UHG0	Unknown
Q9UHG2	Unknown
Q9UHG3	Unknown
Q9UHH9	Unknown
Q9UHI5	2.A.3.8.20;
Q9UHI6	Unknown
Q9UHI7	2.A.40.6.5;
Q9UHI8	8.A.77.1.6;
Q9UHJ3	Unknown
Q9UHJ6	Unknown
Q9UHJ9	9.B.131.1.2;
Q9UHK0	Unknown
Q9UHK6	Unknown
Q9UHL0	Unknown
Q9UHL4	Unknown
Q9UHL9	Unknown
Q9UHM6	9.A.14.1.8;
Q9UHN1	Unknown
Q9UHN6	Unknown
Q9UHP3	Unknown
Q9UHP6	Unknown
Q9UHP7	Unknown
Q9UHQ1	Unknown
Q9UHQ4	3.A.5.9.1;
Q9UHQ9	Unknown
Q9UHR4	Unknown
Q9UHR5	Unknown
Q9UHV2	Unknown
Q9UHV7	Unknown
Q9UHV8	Unknown
Q9UHV9	Unknown
Q9UHW5	Unknown
Q9UHW9	2.A.30.1.15;
Q9UHX1	Unknown
Q9UHX3	Unknown
Q9UHY1	Unknown
Q9UHY7	Unknown
Q9UHY8	Unknown
Q9UI08	Unknown
Q9UI09	Unknown
Q9UI10	Unknown
Q9UI12	3.A.2.2.4;
Q9UI14	9.A.49.1.1;
Q9UI17	Unknown
Q9UI26	1.I.1.1.3;
Q9UI30	Unknown
Q9UI32	Unknown
Q9UI33	1.A.1.10.9;
Q9UI36	Unknown
Q9UI38	Unknown
Q9UI40	2.A.19.4.11;
Q9UI42	Unknown
Q9UI43	Unknown
Q9UI46	Unknown
Q9UI47	Unknown
Q9UI95	Unknown
Q9UIA0	Unknown
Q9UIA9	1.I.1.1.3;
Q9UIB8	Unknown
Q9UIC8	Unknown
Q9UID3	Unknown
Q9UID6	Unknown
Q9UIE0	Unknown
Q9UIF3	Unknown
Q9UIF7	Unknown
Q9UIF8	Unknown
Q9UIF9	Unknown
Q9UIG0	Unknown
Q9UIG4	Unknown
Q9UIG8	2.A.60.1.18;
Q9UIH9	Unknown
Q9UII2	3.A.2.1.15;
Q9UII4	Unknown
Q9UII6	Unknown
Q9UIJ5	Unknown
Q9UIJ7	Unknown
Q9UIK4	Unknown
Q9UIK5	Unknown
Q9UIL1	Unknown
Q9UIL4	Unknown
Q9UIL8	Unknown
Q9UIQ6	Unknown
Q9UIR0	Unknown
Q9UIS9	Unknown
Q9UIU6	Unknown
Q9UIV1	Unknown
Q9UIV8	Unknown
Q9UIW0	Unknown
Q9UIW2	Unknown
Q9UIX4	1.A.1.2.27;
Q9UJ14	Unknown
Q9UJ37	Unknown
Q9UJ41	1.F.1.1.5;
Q9UJ55	Unknown
Q9UJ68	Unknown
Q9UJ70	Unknown
Q9UJ71	Unknown
Q9UJ78	Unknown
Q9UJ83	Unknown
Q9UJ90	8.A.10.3.2;
Q9UJ96	Unknown
Q9UJ98	Unknown
Q9UJA2	Unknown
Q9UJA3	Unknown
Q9UJA5	Unknown
Q9UJA9	Unknown
Q9UJC3	Unknown
Q9UJD0	Unknown
Q9UJF2	Unknown
Q9UJJ9	Unknown
Q9UJL9	Unknown
Q9UJM3	Unknown
Q9UJM8	Unknown
Q9UJP4	Unknown
Q9UJQ1	Unknown
Q9UJQ4	Unknown
Q9UJS0	2.A.29.14.2;
Q9UJT1	Unknown
Q9UJT2	Unknown
Q9UJT9	Unknown
Q9UJU2	Unknown
Q9UJU5	Unknown
Q9UJU6	Unknown
Q9UJV3	Unknown
Q9UJV9	Unknown
Q9UJW0	Unknown
Q9UJW2	Unknown
Q9UJW3	Unknown
Q9UJW8	Unknown
Q9UJW9	Unknown
Q9UJX0	Unknown
Q9UJX2	Unknown
Q9UJX3	Unknown
Q9UJX4	Unknown
Q9UJX5	Unknown
Q9UJX6	Unknown
Q9UJY1	Unknown
Q9UJY4	Unknown
Q9UJY5	9.B.278.1.2;
Q9UJZ1	Unknown
Q9UK05	Unknown
Q9UK17	1.A.1.2.19;
Q9UK22	Unknown
Q9UK23	Unknown
Q9UK32	Unknown
Q9UK33	Unknown
Q9UK39	Unknown
Q9UK41	Unknown
Q9UK45	Unknown
Q9UK53	Unknown
Q9UK55	Unknown
Q9UK58	Unknown
Q9UK59	Unknown
Q9UK61	Unknown
Q9UK73	Unknown
Q9UK76	Unknown
Q9UK80	Unknown
Q9UK96	Unknown
Q9UK97	Unknown
Q9UK99	Unknown
Q9UKA1	Unknown
Q9UKA2	Unknown
Q9UKA4	Unknown
Q9UKA8	Unknown
Q9UKA9	Unknown
Q9UKB1	Unknown
Q9UKB3	Unknown
Q9UKB5	Unknown
Q9UKC9	Unknown
Q9UKD1	Unknown
Q9UKE5	Unknown
Q9UKF2	Unknown
Q9UKF5	Unknown
Q9UKF6	Unknown
Q9UKF7	Unknown
Q9UKG1	Unknown
Q9UKG4	2.A.47.1.14;
Q9UKG9	4.C.2.1.2;
Q9UKI2	Unknown
Q9UKI8	Unknown
Q9UKI9	Unknown
Q9UKJ1	Unknown
Q9UKJ5	Unknown
Q9UKJ8	Unknown
Q9UKK3	Unknown
Q9UKK6	Unknown
Q9UKK9	Unknown
Q9UKL0	Unknown
Q9UKL3	Unknown
Q9UKL4	1.A.24.1.13;
Q9UKL6	Unknown
Q9UKM7	Unknown
Q9UKM9	Unknown
Q9UKN1	Unknown
Q9UKN5	Unknown
Q9UKN7	Unknown
Q9UKN8	Unknown
Q9UKP3	Unknown
Q9UKP4	Unknown
Q9UKP5	Unknown
Q9UKP6	Unknown
Q9UKQ2	8.A.77.1.3;
Q9UKR0	Unknown
Q9UKR5	Unknown
Q9UKS6	Unknown
Q9UKS7	Unknown
Q9UKT4	Unknown
Q9UKT5	Unknown
Q9UKT7	Unknown
Q9UKT8	Unknown
Q9UKT9	Unknown
Q9UKU0	Unknown
Q9UKU6	Unknown
Q9UKU7	Unknown
Q9UKU9	Unknown
Q9UKV0	Unknown
Q9UKV3	3.A.18.1.1;
Q9UKV5	8.A.183.1.1;
Q9UKV8	Unknown
Q9UKW4	Unknown
Q9UKW6	Unknown
Q9UKX2	Unknown
Q9UKX3	Unknown
Q9UKX5	8.A.54.1.7;
Q9UKX7	1.I.1.1.3;
Q9UKY0	1.C.48.1.4;
Q9UKY1	Unknown
Q9UKY4	Unknown
Q9UKZ1	Unknown
Q9UKZ4	9.B.87.1.19;
Q9UKZ9	Unknown
Q9UL01	Unknown
Q9UL03	Unknown
Q9UL12	Unknown
Q9UL15	Unknown
Q9UL16	Unknown
Q9UL17	Unknown
Q9UL18	Unknown
Q9UL19	Unknown
Q9UL25	Unknown
Q9UL26	Unknown
Q9UL33	Unknown
Q9UL40	Unknown
Q9UL41	Unknown
Q9UL42	Unknown
Q9UL45	Unknown
Q9UL46	Unknown
Q9UL49	Unknown
Q9UL51	1.A.1.5.11;
Q9UL52	Unknown
Q9UL54	Unknown
Q9UL62	1.A.4.1.7;
Q9UL63	Unknown
Q9UL68	Unknown
Q9ULA0	Unknown
Q9ULB1	8.A.74.1.2;
Q9ULB4	Unknown
Q9ULB5	Unknown
Q9ULC0	Unknown
Q9ULC3	Unknown
Q9ULC4	Unknown
Q9ULC5	Unknown
Q9ULC6	Unknown
Q9ULC8	Unknown
Q9ULD0	Unknown
Q9ULD2	Unknown
Q9ULD4	Unknown
Q9ULD5	Unknown
Q9ULD6	Unknown
Q9ULD8	1.A.1.20.5;
Q9ULE0	Unknown
Q9ULE6	Unknown
Q9ULF5	2.A.5.4.6;
Q9ULG1	Unknown
Q9ULG6	Unknown
Q9ULH0	8.A.28.1.8;
Q9ULH1	Unknown
Q9ULH4	Unknown
Q9ULH7	Unknown
Q9ULI0	Unknown
Q9ULI2	Unknown
Q9ULI3	Unknown
Q9ULI4	Unknown
Q9ULJ1	Unknown
Q9ULJ3	Unknown
Q9ULJ6	Unknown
Q9ULJ8	Unknown
Q9ULK0	1.A.10.1.34;
Q9ULK4	Unknown
Q9ULK5	Unknown
Q9ULL4	Unknown
Q9ULL5	Unknown
Q9ULL8	Unknown
Q9ULM2	Unknown
Q9ULM3	Unknown
Q9ULM6	Unknown
Q9ULP0	Unknown
Q9ULP9	Unknown
Q9ULQ0	Unknown
Q9ULQ1	1.A.1.11.25;
Q9ULR0	Unknown
Q9ULR3	Unknown
Q9ULT0	Unknown
Q9ULT6	Unknown
Q9ULT8	Unknown
Q9ULU4	Unknown
Q9ULU8	Unknown
Q9ULV0	Unknown
Q9ULV1	Unknown
Q9ULV3	Unknown
Q9ULV4	Unknown
Q9ULV5	Unknown
Q9ULV8	Unknown
Q9ULW0	Unknown
Q9ULW2	Unknown
Q9ULW3	Unknown
Q9ULW5	Unknown
Q9ULW6	Unknown
Q9ULW8	Unknown
Q9ULX3	Unknown
Q9ULX5	Unknown
Q9ULX6	Unknown
Q9ULX7	Unknown
Q9ULX9	Unknown
Q9ULY5	Unknown
Q9ULZ1	Unknown
Q9ULZ2	Unknown
Q9ULZ3	Unknown
Q9ULZ9	Unknown
Q9UM00	1.A.106.1.1;
Q9UM01	2.A.3.8.22;
Q9UM07	Unknown
Q9UM11	Unknown
Q9UM13	Unknown
Q9UM19	Unknown
Q9UM21	Unknown
Q9UM22	Unknown
Q9UM44	Unknown
Q9UM47	Unknown
Q9UM54	Unknown
Q9UM63	Unknown
Q9UM73	Unknown
Q9UM82	Unknown
Q9UMD9	Unknown
Q9UMF0	Unknown
Q9UMN6	Unknown
Q9UMQ3	Unknown
Q9UMQ6	Unknown
Q9UMR2	1.I.1.1.3;
Q9UMR3	Unknown
Q9UMR5	Unknown
Q9UMR7	Unknown
Q9UMS0	Unknown
Q9UMS4	Unknown
Q9UMS6	Unknown
Q9UMW8	Unknown
Q9UMX0	Unknown
Q9UMX1	Unknown
Q9UMX2	Unknown
Q9UMX3	1.A.21.1.7;
Q9UMX5	Unknown
Q9UMX6	8.A.82.2.9;
Q9UMX9	2.A.2.4.9;
Q9UMY1	Unknown
Q9UMY4	3.A.34.1.1;
Q9UMZ2	Unknown
Q9UMZ3	Unknown
Q9UN19	Unknown
Q9UN36	Unknown
Q9UN37	Unknown
Q9UN42	Unknown
Q9UN66	Unknown
Q9UN70	Unknown
Q9UN72	Unknown
Q9UN73	Unknown
Q9UN74	Unknown
Q9UN76	2.A.22.2.3;
Q9UN79	Unknown
Q9UN81	Unknown
Q9UN86	Unknown
Q9UN88	Unknown
Q9UNA0	Unknown
Q9UNA1	Unknown
Q9UNA3	Unknown
Q9UNA4	Unknown
Q9UNE0	Unknown
Q9UNE2	Unknown
Q9UNE7	Unknown
Q9UNF0	Unknown
Q9UNF1	Unknown
Q9UNG2	Unknown
Q9UNH5	Unknown
Q9UNH6	3.A.34.1.1;
Q9UNH7	3.A.34.1.1;
Q9UNI1	Unknown
Q9UNI6	Unknown
Q9UNK0	Unknown
Q9UNK4	Unknown
Q9UNK9	Unknown
Q9UNL4	Unknown
Q9UNM6	Unknown
Q9UNN5	Unknown
Q9UNN8	Unknown
Q9UNP4	Unknown
Q9UNP9	Unknown
Q9UNQ0	3.A.1.204.2;
Q9UNQ2	Unknown
Q9UNS1	Unknown
Q9UNS2	Unknown
Q9UNT1	Unknown
Q9UNU6	Unknown
Q9UNW1	Unknown
Q9UNW8	Unknown
Q9UNW9	Unknown
Q9UNX4	Unknown
Q9UNX9	Unknown
Q9UNY4	Unknown
Q9UNY5	Unknown
Q9UNZ2	Unknown
Q9UP38	9.A.14.16.1;
Q9UP52	2.B.93.1.2;9.B.229.1.2;
Q9UP65	Unknown
Q9UP79	Unknown
Q9UP83	Unknown
Q9UP95	2.A.30.1.17;
Q9UPA5	Unknown
Q9UPE1	Unknown
Q9UPG8	Unknown
Q9UPI3	2.A.1.28.4;
Q9UPM6	Unknown
Q9UPM8	9.B.278.1.5;
Q9UPM9	Unknown
Q9UPN3	8.A.66.1.8;
Q9UPN4	Unknown
Q9UPN6	Unknown
Q9UPN7	Unknown
Q9UPN9	Unknown
Q9UPP1	Unknown
Q9UPP2	Unknown
Q9UPQ0	Unknown
Q9UPQ3	Unknown
Q9UPQ4	Unknown
Q9UPQ7	Unknown
Q9UPQ8	Unknown
Q9UPQ9	Unknown
Q9UPR0	Unknown
Q9UPR3	Unknown
Q9UPR5	2.A.19.3.5;
Q9UPS6	Unknown
Q9UPS8	Unknown
Q9UPT5	1.F.2.1.2;
Q9UPT6	Unknown
Q9UPT8	Unknown
Q9UPT9	Unknown
Q9UPU3	9.A.63.1.4;
Q9UPU5	Unknown
Q9UPU7	Unknown
Q9UPU9	Unknown
Q9UPV0	Unknown
Q9UPV7	Unknown
Q9UPV9	Unknown
Q9UPW0	Unknown
Q9UPW5	Unknown
Q9UPW6	Unknown
Q9UPW8	Unknown
Q9UPX0	Unknown
Q9UPX6	Unknown
Q9UPX8	Unknown
Q9UPY3	Unknown
Q9UPY5	2.A.3.8.18;
Q9UPY6	Unknown
Q9UPY8	Unknown
Q9UPZ3	Unknown
Q9UPZ6	Unknown
Q9UPZ9	Unknown
Q9UQ03	Unknown
Q9UQ05	Unknown
Q9UQ07	Unknown
Q9UQ13	Unknown
Q9UQ16	Unknown
Q9UQ26	Unknown
Q9UQ35	Unknown
Q9UQ49	Unknown
Q9UQ52	Unknown
Q9UQ53	Unknown
Q9UQ80	Unknown
Q9UQ84	Unknown
Q9UQ88	Unknown
Q9UQ90	Unknown
Q9UQB3	Unknown
Q9UQB8	Unknown
Q9UQB9	Unknown
Q9UQC2	Unknown
Q9UQC9	1.A.13.1.10;
Q9UQD0	1.A.1.10.8;
Q9UQE7	Unknown
Q9UQF0	1.G.9.1.1;
Q9UQF2	8.A.238.1.1;
Q9UQK1	Unknown
Q9UQL6	Unknown
Q9UQM7	Unknown
Q9UQN3	Unknown
Q9UQP3	Unknown
Q9UQQ1	Unknown
Q9UQQ2	Unknown
Q9UQR0	Unknown
Q9UQR1	Unknown
Q9UQV4	9.A.16.1.9;
Q9WJR5	Unknown
Q9Y210	1.A.4.1.5;
Q9Y215	Unknown
Q9Y216	Unknown
Q9Y217	Unknown
Q9Y219	Unknown
Q9Y221	Unknown
Q9Y222	Unknown
Q9Y223	Unknown
Q9Y224	Unknown
Q9Y226	2.A.1.19.17;
Q9Y227	Unknown
Q9Y228	Unknown
Q9Y230	Unknown
Q9Y231	Unknown
Q9Y232	Unknown
Q9Y233	Unknown
Q9Y234	Unknown
Q9Y235	Unknown
Q9Y237	Unknown
Q9Y238	Unknown
Q9Y239	Unknown
Q9Y240	Unknown
Q9Y241	Unknown
Q9Y243	Unknown
Q9Y244	Unknown
Q9Y250	3.A.34.1.1;
Q9Y251	Unknown
Q9Y252	Unknown
Q9Y253	Unknown
Q9Y255	Unknown
Q9Y256	Unknown
Q9Y257	1.A.1.8.3;
Q9Y258	Unknown
Q9Y259	Unknown
Q9Y261	Unknown
Q9Y262	Unknown
Q9Y263	Unknown
Q9Y264	Unknown
Q9Y265	Unknown
Q9Y266	Unknown
Q9Y267	2.A.1.19.22;
Q9Y271	9.A.14.13.2;
Q9Y272	Unknown
Q9Y274	Unknown
Q9Y275	Unknown
Q9Y276	3.A.28.1.5;
Q9Y277	Unknown
Q9Y278	Unknown
Q9Y279	Unknown
Q9Y281	Unknown
Q9Y282	Unknown
Q9Y283	Unknown
Q9Y284	8.A.142.1.1;
Q9Y285	Unknown
Q9Y286	Unknown
Q9Y287	1.C.81.2.1;
Q9Y289	2.A.21.5.7;
Q9Y294	Unknown
Q9Y295	Unknown
Q9Y296	Unknown
Q9Y297	Unknown
Q9Y2A7	Unknown
Q9Y2A9	Unknown
Q9Y2B1	Unknown
Q9Y2B2	Unknown
Q9Y2B4	Unknown
Q9Y2C2	Unknown
Q9Y2C3	Unknown
Q9Y2C4	Unknown
Q9Y2C5	2.A.1.14.24;
Q9Y2C9	Unknown
Q9Y2D0	Unknown
Q9Y2D1	Unknown
Q9Y2D2	2.A.7.12.7;
Q9Y2D4	Unknown
Q9Y2D5	Unknown
Q9Y2D8	Unknown
Q9Y2D9	Unknown
Q9Y2E5	Unknown
Q9Y2E6	Unknown
Q9Y2E8	2.A.36.1.9;
Q9Y2F5	Unknown
Q9Y2G0	Unknown
Q9Y2G1	Unknown
Q9Y2G2	Unknown
Q9Y2G3	3.A.3.8.12;
Q9Y2G5	Unknown
Q9Y2G8	Unknown
Q9Y2G9	Unknown
Q9Y2H0	Unknown
Q9Y2H1	Unknown
Q9Y2H2	Unknown
Q9Y2H6	Unknown
Q9Y2H9	Unknown
Q9Y2I1	Unknown
Q9Y2I2	Unknown
Q9Y2I6	Unknown
Q9Y2I7	Unknown
Q9Y2I8	Unknown
Q9Y2I9	Unknown
Q9Y2J0	Unknown
Q9Y2J2	Unknown
Q9Y2J4	Unknown
Q9Y2J8	Unknown
Q9Y2K1	Unknown
Q9Y2K2	Unknown
Q9Y2K3	Unknown
Q9Y2K6	Unknown
Q9Y2K7	Unknown
Q9Y2K9	Unknown
Q9Y2L1	Unknown
Q9Y2L5	Unknown
Q9Y2L9	Unknown
Q9Y2M0	Unknown
Q9Y2M5	Unknown
Q9Y2N7	Unknown
Q9Y2P4	4.C.1.1.11;
Q9Y2P5	4.C.1.1.13;
Q9Y2P7	Unknown
Q9Y2Q0	3.A.3.8.13;
Q9Y2Q3	Unknown
Q9Y2Q5	Unknown
Q9Y2R0	Unknown
Q9Y2R2	Unknown
Q9Y2R4	Unknown
Q9Y2S2	Unknown
Q9Y2S7	Unknown
Q9Y2T1	Unknown
Q9Y2T2	Unknown
Q9Y2T3	Unknown
Q9Y2T6	Unknown
Q9Y2T7	Unknown
Q9Y2U5	Unknown
Q9Y2U8	Unknown
Q9Y2U9	Unknown
Q9Y2V0	Unknown
Q9Y2V2	Unknown
Q9Y2V3	Unknown
Q9Y2V7	Unknown
Q9Y2W1	Unknown
Q9Y2W2	Unknown
Q9Y2W3	2.A.2.4.10;
Q9Y2W6	Unknown
Q9Y2W7	8.A.82.2.5;
Q9Y2X0	Unknown
Q9Y2X3	Unknown
Q9Y2X7	Unknown
Q9Y2X8	Unknown
Q9Y2X9	Unknown
Q9Y2Y0	Unknown
Q9Y2Y1	Unknown
Q9Y2Y4	Unknown
Q9Y2Y6	Unknown
Q9Y2Y8	Unknown
Q9Y2Y9	Unknown
Q9Y2Z0	Unknown
Q9Y2Z2	Unknown
Q9Y2Z4	Unknown
Q9Y2Z9	Unknown
Q9Y303	Unknown
Q9Y305	Unknown
Q9Y314	Unknown
Q9Y315	Unknown
Q9Y316	Unknown
Q9Y320	1.I.1.1.3;
Q9Y328	Unknown
Q9Y333	Unknown
Q9Y336	Unknown
Q9Y337	Unknown
Q9Y342	Unknown
Q9Y345	2.A.22.2.10;
Q9Y365	Unknown
Q9Y366	Unknown
Q9Y371	8.A.34.1.4;
Q9Y375	Unknown
Q9Y376	Unknown
Q9Y383	Unknown
Q9Y385	Unknown
Q9Y388	Unknown
Q9Y394	Unknown
Q9Y397	8.A.114.1.5;
Q9Y399	Unknown
Q9Y3A0	Unknown
Q9Y3A2	Unknown
Q9Y3A3	Unknown
Q9Y3A4	Unknown
Q9Y3A5	Unknown
Q9Y3A6	Unknown
Q9Y3B2	Unknown
Q9Y3B3	9.B.188.1.8;
Q9Y3B4	Unknown
Q9Y3B8	Unknown
Q9Y3C4	Unknown
Q9Y3C5	Unknown
Q9Y3C6	Unknown
Q9Y3C8	Unknown
Q9Y3D0	Unknown
Q9Y3D2	Unknown
Q9Y3D3	Unknown
Q9Y3D6	Unknown
Q9Y3D7	Unknown
Q9Y3D8	Unknown
Q9Y3E5	Unknown
Q9Y3E7	Unknown
Q9Y3F4	Unknown
Q9Y3I0	Unknown
Q9Y3I1	Unknown
Q9Y3L3	Unknown
Q9Y3L5	Unknown
Q9Y3M2	Unknown
Q9Y3M8	Unknown
Q9Y3P8	Unknown
Q9Y3P9	Unknown
Q9Y3Q0	Unknown
Q9Y3Q3	9.B.188.1.3;
Q9Y3Q4	1.A.1.5.10;1.A.1.5.11;
Q9Y3Q7	Unknown
Q9Y3Q8	Unknown
Q9Y3R0	8.A.24.1.12;
Q9Y3R4	Unknown
Q9Y3R5	Unknown
Q9Y3S1	Unknown
Q9Y3S2	Unknown
Q9Y3T9	Unknown
Q9Y3U8	Unknown
Q9Y3V2	Unknown
Q9Y3Y2	Unknown
Q9Y3Y4	Unknown
Q9Y3Z3	Unknown
Q9Y446	Unknown
Q9Y448	Unknown
Q9Y450	Unknown
Q9Y458	Unknown
Q9Y462	Unknown
Q9Y463	Unknown
Q9Y466	Unknown
Q9Y467	Unknown
Q9Y468	Unknown
Q9Y473	Unknown
Q9Y478	Unknown
Q9Y483	Unknown
Q9Y484	9.A.15.2.1;
Q9Y487	Unknown
Q9Y490	8.A.25.1.6;
Q9Y493	Unknown
Q9Y496	Unknown
Q9Y4A5	Unknown
Q9Y4A8	Unknown
Q9Y4B4	Unknown
Q9Y4B5	Unknown
Q9Y4B6	Unknown
Q9Y4C0	8.A.74.1.7;
Q9Y4C1	Unknown
Q9Y4C2	Unknown
Q9Y4C4	Unknown
Q9Y4C5	Unknown
Q9Y4C8	Unknown
Q9Y4D1	Unknown
Q9Y4D2	Unknown
Q9Y4D7	Unknown
Q9Y4D8	Unknown
Q9Y4E1	9.A.3.1.2;
Q9Y4E5	Unknown
Q9Y4E8	Unknown
Q9Y4F1	Unknown
Q9Y4F3	Unknown
Q9Y4F4	Unknown
Q9Y4F9	Unknown
Q9Y4G2	Unknown
Q9Y4G6	8.A.25.1.7;
Q9Y4G8	Unknown
Q9Y4H2	Unknown
Q9Y4I1	Unknown
Q9Y4J8	8.A.66.1.7;
Q9Y4K0	Unknown
Q9Y4K3	Unknown
Q9Y4K4	Unknown
Q9Y4L1	3.A.16.1.4;
Q9Y4L5	Unknown
Q9Y4P1	9.A.15.2.1;
Q9Y4P3	Unknown
Q9Y4P8	Unknown
Q9Y4P9	Unknown
Q9Y4R7	Unknown
Q9Y4R8	Unknown
Q9Y4U1	Unknown
Q9Y4W2	Unknown
Q9Y4W6	Unknown
Q9Y4X3	Unknown
Q9Y4X4	Unknown
Q9Y4X5	Unknown
Q9Y4Y9	Unknown
Q9Y4Z0	Unknown
Q9Y4Z2	Unknown
Q9Y508	Unknown
Q9Y512	1.B.33.3.4;
Q9Y520	Unknown
Q9Y530	Unknown
Q9Y535	Unknown
Q9Y547	Unknown
Q9Y548	9.B.135.2.3;
Q9Y561	Unknown
Q9Y566	Unknown
Q9Y570	Unknown
Q9Y572	8.A.23.1.52;
Q9Y574	Unknown
Q9Y577	Unknown
Q9Y580	Unknown
Q9Y584	Unknown
Q9Y587	9.B.278.1.5;
Q9Y592	Unknown
Q9Y5A7	Unknown
Q9Y5A9	Unknown
Q9Y5B0	Unknown
Q9Y5B6	Unknown
Q9Y5B8	Unknown
Q9Y5B9	Unknown
Q9Y5C1	Unknown
Q9Y5E1	Unknown
Q9Y5E3	Unknown
Q9Y5F2	Unknown
Q9Y5F7	Unknown
Q9Y5H5	Unknown
Q9Y5H8	Unknown
Q9Y5H9	Unknown
Q9Y5I2	Unknown
Q9Y5I3	Unknown
Q9Y5I7	1.H.1.1.1;
Q9Y5J1	Unknown
Q9Y5J3	3.A.16.1.4;
Q9Y5J5	Unknown
Q9Y5J6	Unknown
Q9Y5J7	Unknown
Q9Y5K1	Unknown
Q9Y5K2	Unknown
Q9Y5K3	Unknown
Q9Y5K5	Unknown
Q9Y5K6	8.A.34.1.5;
Q9Y5K8	Unknown
Q9Y5L0	Unknown
Q9Y5L2	Unknown
Q9Y5L3	Unknown
Q9Y5L4	Unknown
Q9Y5N1	Unknown
Q9Y5N5	Unknown
Q9Y5N6	Unknown
Q9Y5P4	2.D.1.1.10;
Q9Y5P6	Unknown
Q9Y5P8	Unknown
Q9Y5Q0	Unknown
Q9Y5Q3	Unknown
Q9Y5Q5	8.A.131.1.8;
Q9Y5Q6	Unknown
Q9Y5Q8	Unknown
Q9Y5Q9	Unknown
Q9Y5R2	Unknown
Q9Y5R5	Unknown
Q9Y5R6	Unknown
Q9Y5S1	1.A.4.2.8;
Q9Y5S2	Unknown
Q9Y5S8	5.B.1.1.3;
Q9Y5S9	3.A.18.1.1;
Q9Y5T4	Unknown
Q9Y5T5	Unknown
Q9Y5U2	Unknown
Q9Y5U4	9.B.418.1.1;
Q9Y5U5	Unknown
Q9Y5U8	2.A.105.1.2;
Q9Y5U9	Unknown
Q9Y5V3	Unknown
Q9Y5W3	Unknown
Q9Y5W7	3.A.34.1.1;
Q9Y5W8	3.A.34.1.1;
Q9Y5W9	3.A.34.1.1;
Q9Y5X0	3.A.34.1.1;
Q9Y5X1	Unknown
Q9Y5X3	3.A.34.1.1;
Q9Y5X4	Unknown
Q9Y5X5	Unknown
Q9Y5X9	Unknown
Q9Y5Y0	2.A.1.28.1;
Q9Y5Y2	Unknown
Q9Y5Y4	Unknown
Q9Y5Y5	9.A.17.1.2;
Q9Y5Y6	8.A.131.1.4;
Q9Y5Y7	9.B.87.1.26;
Q9Y5Y9	Unknown
Q9Y5Z0	8.A.32.1.2;
Q9Y5Z4	Unknown
Q9Y5Z7	Unknown
Q9Y5Z9	Unknown
Q9Y600	Unknown
Q9Y603	Unknown
Q9Y606	Unknown
Q9Y608	Unknown
Q9Y613	Unknown
Q9Y615	Unknown
Q9Y616	Unknown
Q9Y617	Unknown
Q9Y618	Unknown
Q9Y619	2.A.29.19.2;
Q9Y620	Unknown
Q9Y623	Unknown
Q9Y624	Unknown
Q9Y625	Unknown
Q9Y639	8.A.23.1.8;
Q9Y646	Unknown
Q9Y653	Unknown
Q9Y657	Unknown
Q9Y662	Unknown
Q9Y663	Unknown
Q9Y664	Unknown
Q9Y666	2.A.30.1.16;
Q9Y672	Unknown
Q9Y673	Unknown
Q9Y676	Unknown
Q9Y678	Unknown
Q9Y679	8.A.183.2.1;
Q9Y691	8.A.14.1.3;
Q9Y692	Unknown
Q9Y694	2.A.1.19.25;
Q9Y696	1.A.12.1.6;
Q9Y697	Unknown
Q9Y698	8.A.16.2.1;
Q9Y6A1	Unknown
Q9Y6A2	Unknown
Q9Y6A4	Unknown
Q9Y6A5	Unknown
Q9Y6A9	Unknown
Q9Y6B2	Unknown
Q9Y6B6	Unknown
Q9Y6B7	9.B.278.1.5;
Q9Y6C2	Unknown
Q9Y6C5	2.A.6.6.14;
Q9Y6C9	2.A.29.25.2;
Q9Y6D0	Unknown
Q9Y6D5	Unknown
Q9Y6D6	Unknown
Q9Y6D9	Unknown
Q9Y6E0	Unknown
Q9Y6E2	Unknown
Q9Y6E7	Unknown
Q9Y6F1	Unknown
Q9Y6F6	Unknown
Q9Y6F8	Unknown
Q9Y6F9	Unknown
Q9Y6G3	Unknown
Q9Y6G9	Unknown
Q9Y6H1	Unknown
Q9Y6H3	Unknown
Q9Y6H5	Unknown
Q9Y6H6	8.A.10.3.3;
Q9Y6H8	1.A.24.1.5;
Q9Y6I3	Unknown
Q9Y6I4	Unknown
Q9Y6I7	Unknown
Q9Y6I9	Unknown
Q9Y6J0	Unknown
Q9Y6J6	Unknown
Q9Y6J8	Unknown
Q9Y6J9	Unknown
Q9Y6K0	4.F.1.1.1;
Q9Y6K1	Unknown
Q9Y6K5	Unknown
Q9Y6K8	Unknown
Q9Y6K9	Unknown
Q9Y6L6	2.A.60.1.5;
Q9Y6L7	Unknown
Q9Y6M0	Unknown
Q9Y6M1	Unknown
Q9Y6M4	Unknown
Q9Y6M5	2.A.4.2.6;
Q9Y6M7	2.A.31.2.11;
Q9Y6M9	Unknown
Q9Y6N1	Unknown
Q9Y6N5	Unknown
Q9Y6N6	Unknown
Q9Y6N7	Unknown
Q9Y6N8	Unknown
Q9Y6N9	Unknown
Q9Y6P5	Unknown
Q9Y6Q1	Unknown
Q9Y6Q2	Unknown
Q9Y6Q5	Unknown
Q9Y6Q6	Unknown
Q9Y6Q9	Unknown
Q9Y6R0	Unknown
Q9Y6R1	2.A.31.2.12;
Q9Y6R4	Unknown
Q9Y6R7	Unknown
Q9Y6R9	Unknown
Q9Y6T7	Unknown
Q9Y6U3	Unknown
Q9Y6V0	Unknown
Q9Y6V7	Unknown
Q9Y6W3	Unknown
Q9Y6W5	Unknown
Q9Y6W6	Unknown
Q9Y6W8	Unknown
Q9Y6X0	Unknown
Q9Y6X1	Unknown
Q9Y6X2	Unknown
Q9Y6X3	Unknown
Q9Y6X5	Unknown
Q9Y6X6	Unknown
Q9Y6X8	Unknown
Q9Y6X9	Unknown
Q9Y6Y0	Unknown
Q9Y6Y1	Unknown
Q9Y6Y8	Unknown
Q9Y6Y9	Unknown
Q9Y6Z7	Unknown
W5XKT8	Unknown
A0A024RBG1	Unknown
A0A075B6J9	Unknown
A0A075B6N1	Unknown
A0A087WT01	Unknown
A0A087X0K7	Unknown
A0A0K0K1A5	Unknown
A0A1B0GTB2	Unknown
A0A1B0GTQ4	Unknown
A0A1B0GVQ0	Unknown
A0A5B9	Unknown
A0A7P0TBJ1	Unknown
A0AVI2	Unknown
A0PJW6	8.A.115.1.1;
A0PJW8	Unknown
A0PJX0	Unknown
A0PJX4	Unknown
A0PJZ3	Unknown
A1A5D9	Unknown
A1L020	Unknown
A1L188	Unknown
A1YPR0	Unknown
A2A2V5	Unknown
A2A3K4	Unknown
A2NJV5	Unknown
A2RRD8	Unknown
A2RU54	Unknown
A2RUS2	Unknown
A2VCK2	Unknown
A2VDF0	Unknown
A4D0T7	Unknown
A4D2G3	Unknown
A4D2P6	Unknown
A4FU01	Unknown
A4FU69	Unknown
A4QMS7	Unknown
A5D6W6	Unknown
A5PLN9	Unknown
A6NC51	8.A.113.1.3;
A6NCE7	Unknown
A6NCL1	Unknown
A6NCW0	Unknown
A6ND48	Unknown
A6NDA9	Unknown
A6NDP7	Unknown
A6NDU8	Unknown
A6NDY0	Unknown
A6NEQ0	Unknown
A6NF83	Unknown
A6NFD8	Unknown
A6NFK2	Unknown
A6NFN3	Unknown
A6NFR6	Unknown
A6NGB9	Unknown
A6NGC4	Unknown
A6NGY5	Unknown
A6NH00	Unknown
A6NHC0	Unknown
A6NHQ4	Unknown
A6NHT5	Unknown
A6NI28	Unknown
A6NI79	Unknown
A6NJB7	Unknown
A6NJL1	Unknown
A6NJT0	Unknown
A6NJW9	Unknown
A6NK97	2.A.1.19.35;
A6NKD9	Unknown
A6NKF1	Unknown
A6NL88	8.A.83.1.4;
A6NLJ0	Unknown
A6NLW8	Unknown
A6NLX3	Unknown
A6NM10	Unknown
A6NMB1	Unknown
A6NMB9	Unknown
A6NMN3	Unknown
A6NNA5	Unknown
A6NND4	Unknown
A6NNE9	Unknown
A6NNS2	Unknown
A6NNW6	Unknown
A6XGL0	Unknown
A6ZKI3	Unknown
A7E2F4	Unknown
A7MBM2	Unknown
A8K855	Unknown
A8K979	Unknown
A8MPP1	Unknown
A8MQT2	Unknown
A8MTL3	Unknown
A8MUK1	Unknown
A8MV81	Unknown
A8MWX3	Unknown
A8MWY0	Unknown
A8MXK1	Unknown
A8MYP8	Unknown
B1AL88	Unknown
B2RC85	Unknown
B2RNN3	Unknown
B2RU33	Unknown
B2RXH8	Unknown
B3EWF7	Unknown
B3EWG3	Unknown
B4DJY2	Unknown
B4DS77	8.A.83.1.3;
B7Z8K6	Unknown
B8ZZ34	8.A.83.1.2;
B9EJG8	1.A.154.1.1;8.A.113.1.1;
C0HLU2	Unknown
C0HLV8	Unknown
C0HM02	Unknown
C0HM98	Unknown
C0HMA1	Unknown
E9PAV3	Unknown
E9PQX1	Unknown
G3V0H7	2.A.60.1.29;
G9CGD6	Unknown
H3BRN8	Unknown
I0J062	Unknown
O00295	Unknown
O00458	Unknown
O00515	Unknown
O00534	Unknown
O00570	Unknown
O14545	Unknown
O14599	Unknown
O14602	Unknown
O14626	Unknown
O14668	Unknown
O14709	Unknown
O14718	Unknown
O14753	Unknown
O14841	Unknown
O15016	Unknown
O15034	Unknown
O15063	Unknown
O15069	Unknown
O15090	Unknown
O15235	Unknown
O15321	8.A.68.1.13;
O15335	Unknown
O15375	2.A.1.13.11;
O15403	2.A.1.13.15;
O15539	Unknown
O43247	Unknown
O43301	Unknown
O43345	Unknown
O43347	Unknown
O43414	Unknown
O43555	Unknown
O43638	Unknown
O43657	Unknown
O43677	Unknown
O43692	Unknown
O43736	1.C.81.2.2;
O43812	1.I.1.1.3;
O43824	Unknown
O43908	1.C.111.1.14;
O43930	Unknown
O43934	Unknown
O60224	Unknown
O60225	Unknown
O60234	Unknown
O60245	Unknown
O60262	Unknown
O60279	Unknown
O60299	Unknown
O60330	Unknown
O60347	Unknown
O60412	Unknown
O60422	Unknown
O60522	Unknown
O60542	Unknown
O60676	Unknown
O60732	Unknown
O60765	Unknown
O60774	Unknown
O60811	Unknown
O71037	Unknown
O75064	Unknown
O75095	Unknown
O75123	Unknown
O75153	Unknown
O75157	Unknown
O75310	Unknown
O75325	Unknown
O75335	Unknown
O75346	Unknown
O75352	Unknown
O75363	Unknown
O75388	Unknown
O75394	Unknown
O75437	Unknown
O75459	Unknown
O75493	Unknown
O75526	Unknown
O75541	Unknown
O75596	Unknown
O75635	Unknown
O75678	Unknown
O75690	Unknown
O75711	Unknown
O75715	Unknown
O75764	Unknown
O75820	Unknown
O75830	Unknown
O75901	Unknown
O75953	Unknown
O75954	8.A.40.1.22;
O75973	Unknown
O76001	Unknown
O76002	Unknown
O76009	Unknown
O76099	Unknown
O94772	Unknown
O94854	Unknown
O94903	Unknown
O94952	Unknown
O94988	Unknown
O95007	Unknown
O95025	Unknown
O95076	Unknown
O95081	Unknown
O95084	Unknown
O95164	Unknown
O95178	Unknown
O95222	Unknown
O95336	Unknown
O95371	Unknown
O95411	Unknown
O95620	Unknown
O95625	Unknown
O95661	Unknown
O95665	9.A.14.1.20;
O95685	Unknown
O95757	Unknown
O95759	Unknown
O95780	Unknown
O95800	Unknown
O95838	Unknown
O95841	Unknown
O95918	Unknown
O95976	Unknown
P01566	Unknown
P01569	Unknown
P01599	Unknown
P01601	Unknown
P01611	Unknown
P01614	Unknown
P01624	Unknown
P01703	Unknown
P01714	Unknown
P01715	Unknown
P01717	Unknown
P01718	Unknown
P01733	Unknown
P01743	Unknown
P01762	Unknown
P01763	Unknown
P01766	Unknown
P01767	Unknown
P01782	Unknown
P01824	Unknown
P03979	Unknown
P04211	Unknown
P04430	Unknown
P04432	Unknown
P04433	Unknown
P04435	Unknown
P04437	Unknown
P04808	Unknown
P05013	Unknown
P05015	Unknown
P06310	Unknown
P06315	Unknown
P06331	Unknown
P07311	Unknown
P07316	Unknown
P09001	Unknown
P09093	Unknown
P09105	Unknown
P09630	Unknown
P0C0P6	Unknown
P0C1H6	Unknown
P0C645	Unknown
P0C7H8	Unknown
P0C7M3	Unknown
P0C7M4	Unknown
P0C7M7	Unknown
P0C7P1	Unknown
P0C7U3	Unknown
P0C862	8.A.94.1.2;
P0C8F1	Unknown
P0CE72	Unknown
P0CF74	Unknown
P0CG13	Unknown
P0CG21	Unknown
P0CG29	Unknown
P0CG38	Unknown
P0CG39	Unknown
P0CI25	Unknown
P0CW23	Unknown
P0DJ07	Unknown
P0DKB6	2.A.105.1.13;
P0DMP2	Unknown
P0DN77	Unknown
P0DN78	Unknown
P0DN87	Unknown
P0DTL6	Unknown
P0DTW3	Unknown
P0DUQ2	Unknown
P0DW28	Unknown
P0DW81	Unknown
P0DY56	Unknown
P10072	Unknown
P10266	Unknown
P10915	Unknown
P12872	Unknown
P14621	Unknown
P15088	Unknown
P15621	Unknown
P16260	2.A.29.12.3;
P17019	Unknown
P17025	Unknown
P17026	Unknown
P17029	Unknown
P17030	Unknown
P17031	Unknown
P17032	Unknown
P17035	Unknown
P17038	Unknown
P17039	Unknown
P17097	Unknown
P17098	Unknown
P17538	Unknown
P19961	Unknown
P20382	Unknown
P21506	Unknown
P22090	Unknown
P22531	Unknown
P22532	Unknown
P22676	8.A.82.1.2;
P29762	Unknown
P30408	8.A.75.1.6;
P30953	9.A.14.8.1;
P30954	Unknown
P31267	Unknown
P31277	Unknown
P32314	Unknown
P33552	Unknown
P34820	Unknown
P35325	Unknown
P35410	Unknown
P35542	Unknown
P36537	Unknown
P36915	Unknown
P40313	Unknown
P42696	Unknown
P43363	Unknown
P43627	Unknown
P47874	Unknown
P47883	Unknown
P47887	Unknown
P47888	Unknown
P47890	Unknown
P47893	Unknown
P47972	Unknown
P48060	8.B.9.1.7;
P49406	Unknown
P49441	Unknown
P49750	Unknown
P50120	8.A.33.1.3;
P51504	Unknown
P51508	Unknown
P51522	Unknown
P51689	Unknown
P51815	Unknown
P52737	Unknown
P52741	Unknown
P52746	Unknown
P54792	Unknown
P54793	Unknown
P55082	Unknown
P55103	Unknown
P55808	Unknown
P56277	Unknown
P56278	Unknown
P57058	Unknown
P57077	Unknown
P57723	Unknown
P57773	Unknown
P57775	Unknown
P58062	Unknown
P58166	Unknown
P58173	Unknown
P58182	Unknown
P58294	Unknown
P58317	Unknown
P58549	1.A.27.1.7;
P58557	Unknown
P58658	Unknown
P58872	Unknown
P59025	Unknown
P59045	Unknown
P59074	Unknown
P59282	Unknown
P59533	9.A.14.17.5;
P59534	Unknown
P59535	Unknown
P59537	Unknown
P59538	Unknown
P59540	9.A.14.17.6;
P59543	Unknown
P59796	Unknown
P59797	Unknown
P59826	Unknown
P60153	Unknown
P60331	Unknown
P60369	Unknown
P60413	Unknown
P60509	Unknown
P60608	Unknown
P60827	Unknown
P60893	Unknown
P60983	Unknown
P61550	Unknown
P61565	Unknown
P61566	Unknown
P61567	Unknown
P62684	Unknown
P63123	Unknown
P63126	Unknown
P63129	Unknown
P63130	Unknown
P63131	Unknown
P63132	Unknown
P63133	Unknown
P63135	Unknown
P63136	Unknown
P63145	Unknown
P63215	Unknown
P63313	Unknown
P78414	Unknown
P81133	Unknown
P81877	Unknown
P82663	Unknown
P82675	Unknown
P82912	Unknown
P82921	Unknown
P82933	Unknown
P82970	Unknown
P82980	Unknown
P83859	Unknown
P84101	Unknown
P86791	Unknown
P87889	Unknown
P98169	Unknown
Q00888	Unknown
Q01995	Unknown
Q02045	Unknown
Q02338	Unknown
Q02386	Unknown
Q02509	Unknown
Q03169	1.L.1.1.1;
Q03828	Unknown
Q03936	Unknown
Q05048	Unknown
Q05952	Unknown
Q06732	Unknown
Q07507	Unknown
Q08ER8	Unknown
Q0D2J5	Unknown
Q0P6D6	Unknown
Q0VDG4	Unknown
Q0VFZ6	Unknown
Q12796	Unknown
Q12926	Unknown
Q12950	Unknown
Q12988	Unknown
Q12999	Unknown
Q13103	Unknown
Q13106	Unknown
Q13203	Unknown
Q13401	Unknown
Q13434	Unknown
Q13442	Unknown
Q13474	Unknown
Q13606	Unknown
Q13607	Unknown
Q14093	Unknown
Q14094	Unknown
Q14201	Unknown
Q14206	Unknown
Q14409	Unknown
Q14439	Unknown
Q14576	Unknown
Q14582	Unknown
Q14590	Unknown
Q14593	Unknown
Q14641	Unknown
Q14681	Unknown
Q14952	Unknown
Q14C87	Unknown
Q14CX5	2.A.2.3.10;2.A.2.3.14;
Q15035	9.B.311.2.4;
Q15048	Unknown
Q15181	Unknown
Q15198	8.A.23.1.55;
Q15238	Unknown
Q15390	Unknown
Q15391	9.A.14.13.46;
Q15404	Unknown
Q15612	Unknown
Q15617	Unknown
Q15620	Unknown
Q15651	Unknown
Q15695	Unknown
Q15760	Unknown
Q15773	Unknown
Q15847	Unknown
Q15935	Unknown
Q15937	Unknown
Q16378	Unknown
Q16538	Unknown
Q16589	Unknown
Q17RB0	Unknown
Q17RF5	Unknown
Q17RH7	Unknown
Q17RN3	Unknown
Q17RR3	Unknown
Q17RY6	Unknown
Q1L6U9	Unknown
Q1ZZU3	Unknown
Q24JQ0	2.A.7.13.8;
Q2KJY2	Unknown
Q2L4Q9	Unknown
Q2M1V0	Unknown
Q2M2H8	Unknown
Q2M2I3	Unknown
Q2M3D2	Unknown
Q2M3G4	Unknown
Q2M3X9	Unknown
Q2MJR0	Unknown
Q2NKX9	Unknown
Q2NL68	Unknown
Q2NL82	Unknown
Q2NL98	Unknown
Q2PZI1	Unknown
Q2QL34	Unknown
Q2T9K0	2.A.43.5.1;
Q2T9L4	Unknown
Q2TAP0	Unknown
Q2TBC4	Unknown
Q2VIR3	Unknown
Q2VPB7	Unknown
Q2VWP7	Unknown
Q2VYF4	2.A.97.1.6;
Q30KP8	Unknown
Q30KQ9	Unknown
Q32M78	Unknown
Q32MH5	Unknown
Q32ZL2	Unknown
Q3B726	Unknown
Q3B8N2	Unknown
Q3B8N5	Unknown
Q3BBV0	Unknown
Q3C1V8	Unknown
Q3I5F7	Unknown
Q3KPI0	Unknown
Q3LI77	Unknown
Q3MIN7	Unknown
Q3MIS6	Unknown
Q3MIW9	Unknown
Q3MJ13	Unknown
Q3SXZ7	Unknown
Q3SY17	2.A.29.2.12;
Q3SY52	Unknown
Q3SY77	Unknown
Q3ZCN5	Unknown
Q3ZCQ3	Unknown
Q3ZCT1	Unknown
Q3ZCX4	Unknown
Q495N2	2.A.18.8.4;
Q495X7	Unknown
Q496Y0	Unknown
Q49AH0	Unknown
Q49SQ1	Unknown
Q4G0A6	Unknown
Q4G0F5	9.A.3.1.1;
Q4G0T1	Unknown
Q4G0Z9	Unknown
Q4G112	Unknown
Q4G148	Unknown
Q4G1C9	Unknown
Q4LEZ3	Unknown
Q4U2R6	Unknown
Q4V339	Unknown
Q4VNC0	Unknown
Q4VX76	Unknown
Q4ZIN3	Unknown
Q504Y3	Unknown
Q50KZ9	Unknown
Q52LR7	Unknown
Q52MB2	Unknown
Q52WX2	Unknown
Q53G44	Unknown
Q53GI3	Unknown
Q53QW1	Unknown
Q53RD9	Unknown
Q53S08	Unknown
Q53T59	Unknown
Q562R1	Unknown
Q567V2	Unknown
Q587J7	Unknown
Q58FF8	Unknown
Q58G82	Unknown
Q5BIV9	1.C.48.1.5;
Q5BKT4	Unknown
Q5DT21	Unknown
Q5EBL2	Unknown
Q5FWE3	Unknown
Q5FWF6	Unknown
Q5FYB0	Unknown
Q5GAN6	Unknown
Q5GH76	2.A.112.1.11;
Q5GJ75	Unknown
Q5H9T9	Unknown
Q5H9U9	Unknown
Q5HY92	Unknown
Q5HYI7	Unknown
Q5HYJ1	Unknown
Q5HYL7	Unknown
Q5HYM0	Unknown
Q5J5C9	Unknown
Q5JQC4	Unknown
Q5JR12	Unknown
Q5JRM2	Unknown
Q5JT82	Unknown
Q5JTH9	Unknown
Q5JU69	Unknown
Q5JUW0	Unknown
Q5JUX0	Unknown
Q5JXA9	Unknown
Q5M9Q1	Unknown
Q5MAI5	Unknown
Q5MJ09	Unknown
Q5MJ68	Unknown
Q5QJ74	Unknown
Q5RIA9	Unknown
Q5SRI9	Unknown
Q5SRN2	Unknown
Q5SSQ6	Unknown
Q5SY80	Unknown
Q5SZJ8	Unknown
Q5T013	Unknown
Q5T0D9	Unknown
Q5T0L3	Unknown
Q5T1Q4	2.A.7.24.9;
Q5T215	Unknown
Q5T2E6	Unknown
Q5T2L2	Unknown
Q5T4T1	Unknown
Q5T653	Unknown
Q5T6L9	Unknown
Q5T871	Unknown
Q5TAH2	2.A.36.7.4;
Q5TBC7	Unknown
Q5TC12	Unknown
Q5TC79	Unknown
Q5TDP6	Unknown
Q5TEA6	Unknown
Q5TEC3	Unknown
Q5TEC6	Unknown
Q5TF39	2.A.1.7.27;
Q5TFQ8	Unknown
Q5TH69	Unknown
Q5TH74	Unknown
Q5TYM5	Unknown
Q5TYW1	Unknown
Q5U5R9	Unknown
Q5U623	Unknown
Q5VT97	Unknown
Q5VTE0	Unknown
Q5VTH9	Unknown
Q5VTQ0	Unknown
Q5VU65	Unknown
Q5VU97	8.A.18.2.2;
Q5VUJ9	Unknown
Q5VV17	Unknown
Q5VV52	Unknown
Q5VVH5	Unknown
Q5VWQ0	Unknown
Q5VWW1	Unknown
Q5VXH4	Unknown
Q5VXJ0	Unknown
Q5VXT5	Unknown
Q5VXU1	8.A.118.1.3;
Q5VYS4	Unknown
Q5VZ52	Unknown
Q5VZB9	Unknown
Q5VZP5	Unknown
Q5W0U4	Unknown
Q5XG92	Unknown
Q5XX13	Unknown
Q63HK3	Unknown
Q63HM1	Unknown
Q641Q3	Unknown
Q658Y4	Unknown
Q66K14	Unknown
Q66K41	Unknown
Q66K66	Unknown
Q66LE6	Unknown
Q68BL7	Unknown
Q68BL8	Unknown
Q68CL5	Unknown
Q68CQ7	Unknown
Q68D42	Unknown
Q68D51	Unknown
Q68DH5	9.A.54.3.5;
Q68DN1	Unknown
Q68DU8	Unknown
Q68DY1	Unknown
Q69YU5	Unknown
Q6A1A2	Unknown
Q6A555	Unknown
Q6AZW8	Unknown
Q6B0K9	Unknown
Q6DHY5	Unknown
Q6DWJ6	9.A.14.13.25;
Q6GMV3	Unknown
Q6H9L7	Unknown
Q6IAN0	Unknown
Q6IEE7	8.A.143.1.5;
Q6IFH4	Unknown
Q6IMI4	Unknown
Q6IPR1	Unknown
Q6IPR3	Unknown
Q6IPT4	Unknown
Q6IQ32	Unknown
Q6ISS4	Unknown
Q6IV72	Unknown
Q6J272	Unknown
Q6MZT1	Unknown
Q6MZW2	Unknown
Q6N063	Unknown
Q6NSX1	Unknown
Q6NSZ9	Unknown
Q6NT32	Unknown
Q6NUJ1	Unknown
Q6NUK4	Unknown
Q6NUM6	Unknown
Q6NUM9	Unknown
Q6NUS8	Unknown
Q6NVV7	Unknown
Q6NXE6	Unknown
Q6NXR4	Unknown
Q6NY19	Unknown
Q6P1K8	Unknown
Q6P1L8	Unknown
Q6P1S2	Unknown
Q6P2I3	Unknown
Q6P3R8	Unknown
Q6P3S6	Unknown
Q6P444	Unknown
Q6P499	2.A.7.25.3;
Q6P4A7	2.A.54.1.3;
Q6P4D5	Unknown
Q6P4E1	Unknown
Q6P582	Unknown
Q6P5S2	Unknown
Q6P656	Unknown
Q6P7N7	Unknown
Q6P996	Unknown
Q6P9G4	Unknown
Q6P9H5	Unknown
Q6PB30	Unknown
Q6PEY0	Unknown
Q6PEZ8	Unknown
Q6PF04	Unknown
Q6PI73	Unknown
Q6PII3	Unknown
Q6PIS1	2.A.40.6.4;
Q6PJG2	Unknown
Q6PJQ5	Unknown
Q6PK18	Unknown
Q6PKH6	Unknown
Q6Q8B3	Unknown
Q6QEF8	Unknown
Q6R2W3	Unknown
Q6RSH7	Unknown
Q6SJ96	Unknown
Q6T310	Unknown
Q6T4P5	Unknown
Q6TDP4	Unknown
Q6TDU7	Unknown
Q6UW32	Unknown
Q6UW49	Unknown
Q6UWD8	Unknown
Q6UWH4	Unknown
Q6UWL2	Unknown
Q6UWM5	Unknown
Q6UWM7	Unknown
Q6UWQ7	Unknown
Q6UWT2	Unknown
Q6UWT4	Unknown
Q6UWV2	Unknown
Q6UWW9	Unknown
Q6UX07	Unknown
Q6UX52	Unknown
Q6UX73	Unknown
Q6UXA7	Unknown
Q6UXC1	Unknown
Q6UXE8	Unknown
Q6UXH9	Unknown
Q6UXI7	Unknown
Q6UXK5	Unknown
Q6UXN2	Unknown
Q6UXT9	Unknown
Q6UXU4	8.A.16.5.3;
Q6UXX5	Unknown
Q6UY11	Unknown
Q6VUC0	Unknown
Q6W3E5	Unknown
Q6WBX8	Unknown
Q6X784	Unknown
Q6X9E4	Unknown
Q6XPR3	Unknown
Q6XYB7	Unknown
Q6Y2X3	Unknown
Q6YFQ2	3.D.4.11.1;
Q6YI46	9.B.27.5.1;
Q6ZMD2	2.A.1.49.12;
Q6ZMR3	Unknown
Q6ZMV9	Unknown
Q6ZN11	Unknown
Q6ZN28	8.A.240.1.1;
Q6ZN84	Unknown
Q6ZNA5	Unknown
Q6ZNB6	Unknown
Q6ZNW5	Unknown
Q6ZP65	Unknown
Q6ZR52	Unknown
Q6ZRH7	1.A.1.19.1;
Q6ZS27	Unknown
Q6ZS72	Unknown
Q6ZS81	Unknown
Q6ZS82	Unknown
Q6ZS86	Unknown
Q6ZSG2	Unknown
Q6ZTA4	Unknown
Q6ZTI6	Unknown
Q6ZTR7	Unknown
Q6ZTU2	Unknown
Q6ZUB1	Unknown
Q6ZUT9	Unknown
Q6ZUX3	Unknown
Q6ZVH7	Unknown
Q6ZVX7	Unknown
Q6ZVX9	Unknown
Q6ZW05	Unknown
Q6ZWE6	Unknown
Q6ZWJ8	Unknown
Q6ZWK6	Unknown
Q701N2	Unknown
Q717R9	Unknown
Q71RH2	Unknown
Q71UM5	Unknown
Q75VX8	Unknown
Q76B58	Unknown
Q76KP1	Unknown
Q76M96	Unknown
Q7L0R7	Unknown
Q7L1V2	Unknown
Q7L2K0	Unknown
Q7L3S4	Unknown
Q7L3T8	Unknown
Q7L8C5	Unknown
Q7L8W6	Unknown
Q7L985	Unknown
Q7L9B9	Unknown
Q7LDI9	Unknown
Q7M4L6	Unknown
Q7RTR8	Unknown
Q7RTU9	8.A.186.1.1;
Q7RTV2	Unknown
Q7RTV3	Unknown
Q7RTY5	Unknown
Q7RTY7	Unknown
Q7RTY8	Unknown
Q7RTY9	Unknown
Q7RTZ2	Unknown
Q7Z2K8	Unknown
Q7Z2W9	Unknown
Q7Z340	Unknown
Q7Z398	Unknown
Q7Z3T1	Unknown
Q7Z3Z3	Unknown
Q7Z402	Unknown
Q7Z404	1.A.17.4.14;
Q7Z444	Unknown
Q7Z4H3	Unknown
Q7Z4H9	Unknown
Q7Z4J2	Unknown
Q7Z4M0	Unknown
Q7Z553	Unknown
Q7Z5A4	Unknown
Q7Z5H4	Unknown
Q7Z5H5	Unknown
Q7Z5M8	Unknown
Q7Z601	Unknown
Q7Z6J2	Unknown
Q7Z6K3	Unknown
Q7Z6K4	Unknown
Q7Z6Z6	Unknown
Q7Z713	Unknown
Q7Z745	Unknown
Q7Z7B7	Unknown
Q7Z7F7	Unknown
Q7Z7J5	Unknown
Q7Z7J7	1.A.82.1.7;
Q7Z7L9	Unknown
Q7Z7M1	Unknown
Q86SG7	Unknown
Q86SH2	Unknown
Q86SP6	Unknown
Q86SX3	Unknown
Q86TA1	Unknown
Q86TD4	Unknown
Q86TJ5	Unknown
Q86TN4	Unknown
Q86U38	Unknown
Q86UA1	Unknown
Q86UB2	Unknown
Q86UE3	Unknown
Q86UP6	Unknown
Q86UP8	Unknown
Q86UU1	Unknown
Q86UW8	Unknown
Q86UY8	Unknown
Q86V21	Unknown
Q86VH4	8.A.43.1.20;
Q86VI1	Unknown
Q86VR7	Unknown
Q86VS3	Unknown
Q86VU5	Unknown
Q86VZ4	Unknown
Q86W33	Unknown
Q86W67	Unknown
Q86WC6	Unknown
Q86WI0	Unknown
Q86WK7	Unknown
Q86WK9	Unknown
Q86WN2	Unknown
Q86WS3	Unknown
Q86WW8	Unknown
Q86X10	Unknown
Q86X19	9.B.204.1.1;
Q86X83	Unknown
Q86XD5	Unknown
Q86XH1	Unknown
Q86XI6	Unknown
Q86XN7	Unknown
Q86XP6	Unknown
Q86XR2	Unknown
Q86XR5	Unknown
Q86XT9	Unknown
Q86XW9	Unknown
Q86Y22	Unknown
Q86Y79	Unknown
Q86YE8	Unknown
Q86YH2	Unknown
Q86YL5	Unknown
Q86YQ8	Unknown
Q86YV6	Unknown
Q8IUC0	Unknown
Q8IUE0	Unknown
Q8IUE1	Unknown
Q8IUR0	Unknown
Q8IUZ0	Unknown
Q8IV01	Unknown
Q8IV13	Unknown
Q8IVN3	Unknown
Q8IVV2	Unknown
Q8IW03	Unknown
Q8IW36	Unknown
Q8IW70	Unknown
Q8IW93	Unknown
Q8IWB9	Unknown
Q8IWF6	Unknown
Q8IWP9	Unknown
Q8IWR0	Unknown
Q8IWY8	Unknown
Q8IX06	Unknown
Q8IX18	Unknown
Q8IX29	Unknown
Q8IXS8	Unknown
Q8IXT1	Unknown
Q8IXT2	Unknown
Q8IXY8	Unknown
Q8IXZ3	Unknown
Q8IY42	Unknown
Q8IY50	2.A.7.24.8;
Q8IY67	Unknown
Q8IYD9	Unknown
Q8IYK8	Unknown
Q8IYL2	Unknown
Q8IYN2	Unknown
Q8IYS0	9.B.198.2.7;
Q8IYS4	Unknown
Q8IYU4	Unknown
Q8IYW2	Unknown
Q8IYX0	Unknown
Q8IZ02	Unknown
Q8IZ26	Unknown
Q8IZ57	8.A.122.1.1;
Q8IZ73	Unknown
Q8IZ83	Unknown
Q8IZJ4	Unknown
Q8IZM9	2.A.18.6.11;
Q8IZP7	Unknown
Q8IZS5	Unknown
Q8IZS6	Unknown
Q8IZS7	Unknown
Q8IZT9	Unknown
Q8IZU8	Unknown
Q8IZV2	Unknown
Q8N0T1	Unknown
Q8N0U2	8.A.60.2.1;
Q8N0Y7	Unknown
Q8N109	Unknown
Q8N111	Unknown
Q8N112	Unknown
Q8N118	Unknown
Q8N184	Unknown
Q8N1D0	Unknown
Q8N1G4	Unknown
Q8N1N0	Unknown
Q8N1S5	2.A.5.5.2;
Q8N292	Unknown
Q8N2H3	Unknown
Q8N365	Unknown
Q8N3D4	Unknown
Q8N3J9	Unknown
Q8N3X1	Unknown
Q8N3X6	Unknown
Q8N436	Unknown
Q8N442	Unknown
Q8N461	Unknown
Q8N475	Unknown
Q8N4Q0	Unknown
Q8N4T4	Unknown
Q8N4U5	Unknown
Q8N4Z0	Unknown
Q8N531	Unknown
Q8N5C6	Unknown
Q8N5C7	Unknown
Q8N5H3	Unknown
Q8N5I3	Unknown
Q8N5I9	Unknown
Q8N5L8	Unknown
Q8N5M4	Unknown
Q8N5N7	Unknown
Q8N5S1	2.A.29.23.6;
Q8N628	Unknown
Q8N690	Unknown
Q8N6D5	Unknown
Q8N6M9	Unknown
Q8N6S5	Unknown
Q8N6T0	Unknown
Q8N6V9	Unknown
Q8N6Y1	Unknown
Q8N7A1	Unknown
Q8N7B1	Unknown
Q8N7B9	8.A.82.4.1;
Q8N7K0	Unknown
Q8N7M2	Unknown
Q8N7P3	1.H.1.1.3;
Q8N7R0	Unknown
Q8N7R7	Unknown
Q8N801	Unknown
Q8N806	Unknown
Q8N819	Unknown
Q8N823	Unknown
Q8N831	Unknown
Q8N859	Unknown
Q8N883	Unknown
Q8N8A2	Unknown
Q8N8A6	Unknown
Q8N8F6	Unknown
Q8N8G2	Unknown
Q8N8J6	Unknown
Q8N8K9	Unknown
Q8N8L2	Unknown
Q8N8Q1	Unknown
Q8N8Q9	2.A.7.25.2;
Q8N8U2	Unknown
Q8N8Y5	Unknown
Q8N8Z8	Unknown
Q8N954	Unknown
Q8N988	Unknown
Q8N9H8	Unknown
Q8N9L1	Unknown
Q8N9S9	9.A.3.1.2;
Q8N9V2	Unknown
Q8N9W4	Unknown
Q8N9Z0	Unknown
Q8N9Z9	Unknown
Q8NA19	Unknown
Q8NAA4	9.A.15.2.1;
Q8NAF0	Unknown
Q8NAT2	Unknown
Q8NB37	Unknown
Q8NBF6	Unknown
Q8NBH2	Unknown
Q8NBL3	8.A.16.2.8;
Q8NBM8	Unknown
Q8NBR0	Unknown
Q8NBV4	Unknown
Q8NBX0	Unknown
Q8NC96	Unknown
Q8NCA9	Unknown
Q8NCF0	Unknown
Q8NCK3	Unknown
Q8NCN2	Unknown
Q8NCQ7	Unknown
Q8NCR3	Unknown
Q8NCT3	Unknown
Q8NCV1	Unknown
Q8NCY6	Unknown
Q8ND07	Unknown
Q8ND71	Unknown
Q8ND82	Unknown
Q8NDA2	Unknown
Q8NDH2	Unknown
Q8NDV2	Unknown
Q8NDX6	Unknown
Q8NDX9	Unknown
Q8NE28	Unknown
Q8NE62	Unknown
Q8NEB7	Unknown
Q8NEF3	Unknown
Q8NEF9	Unknown
Q8NEG4	Unknown
Q8NEN0	Unknown
Q8NEP9	Unknown
Q8NET1	Unknown
Q8NEY3	Unknown
Q8NF86	Unknown
Q8NFI3	Unknown
Q8NFJ8	Unknown
Q8NFK1	1.A.24.1.7;
Q8NFW1	Unknown
Q8NG04	2.A.53.2.13;
Q8NG48	Unknown
Q8NG68	Unknown
Q8NGA0	Unknown
Q8NGA4	Unknown
Q8NGC8	Unknown
Q8NGD0	Unknown
Q8NGE3	Unknown
Q8NGG2	Unknown
Q8NGH7	Unknown
Q8NGI2	Unknown
Q8NGK2	Unknown
Q8NGM9	Unknown
Q8NGN3	Unknown
Q8NGQ1	Unknown
Q8NGR2	Unknown
Q8NGR6	Unknown
Q8NGS2	Unknown
Q8NGS8	Unknown
Q8NGT0	Unknown
Q8NGV6	Unknown
Q8NGW1	Unknown
Q8NGW6	Unknown
Q8NGX3	Unknown
Q8NGY0	Unknown
Q8NGY3	Unknown
Q8NH19	Unknown
Q8NH43	Unknown
Q8NH48	Unknown
Q8NH59	Unknown
Q8NH69	Unknown
Q8NH85	Unknown
Q8NH87	Unknown
Q8NH92	Unknown
Q8NH94	Unknown
Q8NHC8	Unknown
Q8NHK3	Unknown
Q8NHM4	Unknown
Q8NHP7	Unknown
Q8NHQ8	Unknown
Q8NHR7	Unknown
Q8NHV5	Unknown
Q8NHY6	Unknown
Q8NI29	Unknown
Q8NI32	8.A.31.1.2;
Q8NI99	Unknown
Q8TAA3	Unknown
Q8TAA5	Unknown
Q8TAE6	Unknown
Q8TAF7	Unknown
Q8TAG6	Unknown
Q8TAK5	Unknown
Q8TAL6	Unknown
Q8TAQ5	Unknown
Q8TAQ9	Unknown
Q8TAV4	8.A.21.1.3;
Q8TB03	8.A.206.1.1;
Q8TB52	Unknown
Q8TB96	Unknown
Q8TBB5	Unknown
Q8TBF4	Unknown
Q8TBF5	Unknown
Q8TBF8	Unknown
Q8TBH0	Unknown
Q8TBP0	Unknown
Q8TBP6	2.A.29.14.6;
Q8TBQ9	Unknown
Q8TBZ0	Unknown
Q8TBZ5	Unknown
Q8TC21	Unknown
Q8TC56	Unknown
Q8TC90	Unknown
Q8TCB6	Unknown
Q8TCC3	Unknown
Q8TCD6	Unknown
Q8TCV5	Unknown
Q8TCW7	Unknown
Q8TCW9	9.A.14.13.38;
Q8TD20	2.A.1.1.87;
Q8TD94	Unknown
Q8TDM0	Unknown
Q8TDN6	Unknown
Q8TDU9	Unknown
Q8TDV2	Unknown
Q8TDV5	Unknown
Q8TDW4	Unknown
Q8TDY8	Unknown
Q8TE69	Unknown
Q8TET4	Unknown
Q8TF21	Unknown
Q8TF39	Unknown
Q8TF45	Unknown
Q8TF64	Unknown
Q8TF68	Unknown
Q8WUA2	Unknown
Q8WUH1	Unknown
Q8WUJ1	Unknown
Q8WUN7	Unknown
Q8WUT4	Unknown
Q8WUX2	Unknown
Q8WUY8	Unknown
Q8WUZ0	Unknown
Q8WV07	Unknown
Q8WV48	Unknown
Q8WV60	Unknown
Q8WVE0	Unknown
Q8WVI0	Unknown
Q8WVL7	Unknown
Q8WW14	Unknown
Q8WW27	Unknown
Q8WWG1	Unknown
Q8WWW8	Unknown
Q8WWY7	Unknown
Q8WX77	Unknown
Q8WXA2	Unknown
Q8WXB4	Unknown
Q8WXD9	Unknown
Q8WXQ8	Unknown
Q8WY22	1.A.74.2.2;
Q8WYN3	Unknown
Q8WYQ4	Unknown
Q8WYQ9	Unknown
Q8WZ60	Unknown
Q8WZ64	Unknown
Q8WZ79	Unknown
Q8WZ84	Unknown
Q8WZ94	Unknown
Q8WZA6	Unknown
Q902F8	Unknown
Q902F9	Unknown
Q92561	Unknown
Q92610	Unknown
Q92617	Unknown
Q92664	Unknown
Q92771	Unknown
Q92828	Unknown
Q92914	Unknown
Q93073	Unknown
Q93075	Unknown
Q969I3	Unknown
Q969M2	Unknown
Q969N4	Unknown
Q969Q0	Unknown
Q969Q4	Unknown
Q969T3	3.A.34.1.1;
Q969V1	Unknown
Q969W8	Unknown
Q96A00	Unknown
Q96A04	Unknown
Q96A05	Unknown
Q96A23	Unknown
Q96A28	Unknown
Q96A35	Unknown
Q96A46	2.A.29.5.8;
Q96A47	Unknown
Q96A73	Unknown
Q96A98	Unknown
Q96A99	Unknown
Q96AC6	Unknown
Q96AM1	9.A.14.13.7;
Q96B45	Unknown
Q96B77	Unknown
Q96BH3	Unknown
Q96BN6	Unknown
Q96BQ1	Unknown
Q96BQ3	Unknown
Q96BU1	Unknown
Q96BV0	Unknown
Q96C01	Unknown
Q96C19	Unknown
Q96C28	Unknown
Q96CH1	Unknown
Q96CW6	Unknown
Q96CX2	Unknown
Q96CX3	Unknown
Q96DC8	Unknown
Q96DD7	Unknown
Q96DT0	Unknown
Q96DU9	Unknown
Q96DX4	Unknown
Q96DY7	Unknown
Q96EF9	Unknown
Q96EK7	Unknown
Q96EN9	Unknown
Q96ER3	Unknown
Q96F05	Unknown
Q96FC7	Unknown
Q96FN9	Unknown
Q96FV2	Unknown
Q96GC5	Unknown
Q96GE9	Unknown
Q96GK7	Unknown
Q96GX2	Unknown
Q96GX8	Unknown
Q96GY0	Unknown
Q96H78	2.A.29.14.7;
Q96HE9	Unknown
Q96HJ9	Unknown
Q96HL8	Unknown
Q96HQ0	Unknown
Q96HQ2	Unknown
Q96I27	Unknown
Q96I36	Unknown
Q96I82	Unknown
Q96ID5	Unknown
Q96IG2	8.A.92.1.17;
Q96IK0	9.B.365.3.1;
Q96IQ7	Unknown
Q96IX9	Unknown
Q96J77	Unknown
Q96J86	Unknown
Q96J88	Unknown
Q96JA4	1.A.37.3.1;
Q96JC4	Unknown
Q96JK4	Unknown
Q96JQ2	Unknown
Q96JT2	2.A.2.4.8;
Q96K49	9.A.14.22.5;
Q96K62	Unknown
Q96KC2	Unknown
Q96KE9	Unknown
Q96KN1	Unknown
Q96KN9	1.A.24.1.8;
Q96KR1	Unknown
Q96KS9	Unknown
Q96KX0	Unknown
Q96KX2	Unknown
Q96L15	Unknown
Q96L94	3.A.34.1.1;
Q96LD1	Unknown
Q96LL3	Unknown
Q96LP2	Unknown
Q96LR4	Unknown
Q96LU7	Unknown
Q96LW2	Unknown
Q96LW9	Unknown
Q96LY2	Unknown
Q96M69	Unknown
Q96M83	Unknown
Q96M89	Unknown
Q96M95	Unknown
Q96MC6	2.A.1.2.104;
Q96ME1	Unknown
Q96ME7	Unknown
Q96MI6	Unknown
Q96MM6	Unknown
Q96MT1	Unknown
Q96MX6	Unknown
Q96N03	8.A.23.1.56;
Q96N06	Unknown
Q96N28	Unknown
Q96N38	Unknown
Q96ND0	Unknown
Q96NK8	Unknown
Q96NL0	Unknown
Q96NL1	8.A.122.2.1;
Q96NU0	Unknown
Q96NU7	Unknown
Q96NX9	Unknown
Q96P50	Unknown
Q96P69	Unknown
Q96PB8	Unknown
Q96PE5	Unknown
Q96PE6	Unknown
Q96PL1	Unknown
Q96PL2	Unknown
Q96PU9	Unknown
Q96QR1	Unknown
Q96QS1	Unknown
Q96QU6	Unknown
Q96QZ0	1.A.25.2.3;
Q96R48	Unknown
Q96RA2	Unknown
Q96RI9	Unknown
Q96RK1	Unknown
Q96RV3	Unknown
Q96S79	Unknown
Q96S90	Unknown
Q96S96	Unknown
Q96SC8	Unknown
Q96SE0	Unknown
Q96SE7	Unknown
Q96SK2	Unknown
Q96SK3	Unknown
Q96SM3	Unknown
Q96SR6	Unknown
Q96T92	Unknown
Q99218	Unknown
Q99445	9.A.71.1.1;
Q99457	Unknown
Q99525	Unknown
Q99618	Unknown
Q99645	Unknown
Q99666	Unknown
Q99678	9.A.14.13.42;
Q99727	Unknown
Q99742	Unknown
Q99805	8.A.68.1.6;
Q99811	Unknown
Q99819	Unknown
Q99865	Unknown
Q99954	Unknown
Q9BPW5	Unknown
Q9BPX5	Unknown
Q9BPY3	Unknown
Q9BQ08	9.B.329.1.2;
Q9BQC6	Unknown
Q9BQI7	Unknown
Q9BQI9	Unknown
Q9BQN1	Unknown
Q9BQQ7	Unknown
Q9BQR3	Unknown
Q9BR84	Unknown
Q9BRJ6	Unknown
Q9BRN9	Unknown
Q9BRP1	Unknown
Q9BRQ4	Unknown
Q9BRR8	Unknown
Q9BRT6	Unknown
Q9BRU2	Unknown
Q9BRY0	2.A.5.3.3;
Q9BSF8	Unknown
Q9BSG0	Unknown
Q9BSH3	Unknown
Q9BSH5	Unknown
Q9BSK1	Unknown
Q9BSN7	8.A.130.1.1;
Q9BT73	Unknown
Q9BT76	8.A.90.2.2;
Q9BTM1	Unknown
Q9BTT6	Unknown
Q9BTV6	Unknown
Q9BU23	Unknown
Q9BU70	Unknown
Q9BUG6	Unknown
Q9BUK0	Unknown
Q9BUN1	Unknown
Q9BUY7	Unknown
Q9BV19	Unknown
Q9BV99	Unknown
Q9BW30	Unknown
Q9BWG4	Unknown
Q9BWU0	Unknown
Q9BWW8	Unknown
Q9BX82	Unknown
Q9BX93	Unknown
Q9BXE9	Unknown
Q9BXG8	Unknown
Q9BXK1	Unknown
Q9BXL5	Unknown
Q9BXT2	8.A.16.1.2;
Q9BXU3	Unknown
Q9BY21	3.A.16.1.4;
Q9BYC2	Unknown
Q9BYC9	Unknown
Q9BYD1	Unknown
Q9BYD2	Unknown
Q9BYD3	Unknown
Q9BYD6	Unknown
Q9BYN8	Unknown
Q9BYQ8	Unknown
Q9BYQ9	Unknown
Q9BZ76	Unknown
Q9BZD7	Unknown
Q9BZE1	Unknown
Q9BZI1	Unknown
Q9BZJ6	Unknown
Q9C002	Unknown
Q9C009	Unknown
Q9C075	Unknown
Q9C099	Unknown
Q9C0B6	1.C.39.17.2;
Q9C0D7	Unknown
Q9C0H5	Unknown
Q9C0H6	Unknown
Q9GZK4	Unknown
Q9GZK6	Unknown
Q9GZM6	Unknown
Q9GZP1	8.A.122.1.2;
Q9GZP4	Unknown
Q9GZP7	9.A.14.12.1;
Q9GZT6	Unknown
Q9GZY4	Unknown
Q9GZZ0	Unknown
Q9H009	Unknown
Q9H091	Unknown
Q9H094	Unknown
Q9H0C3	9.B.366.1.1;
Q9H0I9	Unknown
Q9H0U9	Unknown
Q9H0V1	8.A.171.1.1;
Q9H0X4	Unknown
Q9H158	Unknown
Q9H175	Unknown
Q9H1A7	Unknown
Q9H1C0	Unknown
Q9H1E5	Unknown
Q9H1U4	Unknown
Q9H1Z8	Unknown
Q9H1Z9	8.A.40.1.10;
Q9H205	9.A.14.8.2;
Q9H207	Unknown
Q9H208	Unknown
Q9H209	Unknown
Q9H210	Unknown
Q9H213	Unknown
Q9H2A3	Unknown
Q9H2C8	Unknown
Q9H2F9	Unknown
Q9H2T7	1.I.1.1.3;
Q9H2X8	Unknown
Q9H2Y7	Unknown
Q9H2Y9	2.A.60.1.16;
Q9H330	2.A.86.4.1;
Q9H336	Unknown
Q9H339	Unknown
Q9H340	Unknown
Q9H341	Unknown
Q9H342	Unknown
Q9H347	Unknown
Q9H3C7	Unknown
Q9H3E2	3.A.34.1.1;
Q9H3G5	Unknown
Q9H3Z7	Unknown
Q9H426	Unknown
Q9H4A4	Unknown
Q9H4B8	Unknown
Q9H4G1	Unknown
Q9H4I8	Unknown
Q9H4K1	Unknown
Q9H501	Unknown
Q9H511	Unknown
Q9H568	Unknown
Q9H5L6	Unknown
Q9H609	Unknown
Q9H665	Unknown
Q9H6A0	Unknown
Q9H6A9	Unknown
Q9H6D8	Unknown
Q9H6F2	Unknown
Q9H6X4	9.B.232.1.8;
Q9H6X5	Unknown
Q9H6Y2	Unknown
Q9H720	Unknown
Q9H756	Unknown
Q9H7C9	Unknown
Q9H7R0	Unknown
Q9H7R5	Unknown
Q9H7T0	1.A.1.19.1;
Q9H7U1	Unknown
Q9H857	Unknown
Q9H898	Unknown
Q9H8J5	Unknown
Q9H8Y1	Unknown
Q9H920	Unknown
Q9H930	Unknown
Q9H967	Unknown
Q9H9H5	Unknown
Q9H9L3	Unknown
Q9H9Y2	Unknown
Q9H9Y4	Unknown
Q9HA64	Unknown
Q9HA92	Unknown
Q9HAT1	Unknown
Q9HAY2	Unknown
Q9HB09	Unknown
Q9HB40	Unknown
Q9HBQ8	Unknown
Q9HBR0	2.A.18.6.16;
Q9HBU9	Unknown
Q9HBV1	Unknown
Q9HC38	Unknown
Q9HC56	Unknown
Q9HCC6	Unknown
Q9HCG1	Unknown
Q9HCI6	Unknown
Q9HCJ6	Unknown
Q9HCL0	Unknown
Q9HCN2	Unknown
Q9HCT0	Unknown
Q9HD33	Unknown
Q9HD64	Unknown
Q9HDB9	Unknown
Q9N2J8	Unknown
Q9NP92	Unknown
Q9NPB8	Unknown
Q9NPD7	Unknown
Q9NPH6	Unknown
Q9NPI7	Unknown
Q9NQ03	Unknown
Q9NQ60	Unknown
Q9NQA3	Unknown
Q9NQE7	Unknown
Q9NQN1	Unknown
Q9NQS1	Unknown
Q9NQT6	Unknown
Q9NQX6	Unknown
Q9NR77	1.A.126.1.3;
Q9NRG7	Unknown
Q9NRH1	Unknown
Q9NRJ1	Unknown
Q9NRJ5	Unknown
Q9NRM2	Unknown
Q9NRN5	Unknown
Q9NRR1	Unknown
Q9NRU3	1.A.112.1.5;
Q9NRV9	Unknown
Q9NRX3	Unknown
Q9NRY5	Unknown
Q9NS25	Unknown
Q9NS26	Unknown
Q9NS28	Unknown
Q9NS66	Unknown
Q9NS93	Unknown
Q9NS98	Unknown
Q9NSD7	9.A.14.13.21;
Q9NSI2	Unknown
Q9NSI5	Unknown
Q9NSY0	Unknown
Q9NTI7	Unknown
Q9NTU4	1.A.1.19.1;
Q9NTU7	Unknown
Q9NTX5	Unknown
Q9NTZ6	Unknown
Q9NU02	Unknown
Q9NUA8	Unknown
Q9NUG6	Unknown
Q9NUP1	Unknown
Q9NUP7	Unknown
Q9NUQ6	Unknown
Q9NUQ8	3.A.1.121.9;
Q9NUV9	Unknown
Q9NV39	Unknown
Q9NV66	Unknown
Q9NV72	Unknown
Q9NVG8	Unknown
Q9NVQ4	Unknown
Q9NVR7	Unknown
Q9NVS2	Unknown
Q9NVZ3	Unknown
Q9NW68	Unknown
Q9NWA0	Unknown
Q9NWC5	8.A.253.1.1;
Q9NWM3	Unknown
Q9NWV4	Unknown
Q9NWW0	Unknown
Q9NX20	Unknown
Q9NX38	Unknown
Q9NX45	Unknown
Q9NXF7	Unknown
Q9NXH3	Unknown
Q9NXK6	Unknown
Q9NXL2	Unknown
Q9NXL6	1.A.79.1.2;
Q9NXN4	Unknown
Q9NY43	Unknown
Q9NY57	Unknown
Q9NYF5	Unknown
Q9NYJ1	Unknown
Q9NYL4	Unknown
Q9NYL9	Unknown
Q9NYN1	Unknown
Q9NYV9	Unknown
Q9NYW1	Unknown
Q9NYW2	Unknown
Q9NYW3	Unknown
Q9NYW6	Unknown
Q9NYW7	Unknown
Q9NZ32	Unknown
Q9NZH5	Unknown
Q9NZL6	Unknown
Q9NZQ0	Unknown
Q9NZQ9	Unknown
Q9NZT2	Unknown
Q9NZW5	Unknown
Q9P015	Unknown
Q9P031	Unknown
Q9P0J6	Unknown
Q9P0M4	Unknown
Q9P0M9	Unknown
Q9P104	Unknown
Q9P1Y6	Unknown
Q9P203	Unknown
Q9P218	Unknown
Q9P227	Unknown
Q9P242	Unknown
Q9P260	Unknown
Q9P265	Unknown
Q9P291	Unknown
Q9P299	Unknown
Q9P2D8	1.A.1.11.15;
Q9P2F8	Unknown
Q9P2J8	Unknown
Q9P2J9	Unknown
Q9P2N5	Unknown
Q9P2P1	Unknown
Q9P2V4	Unknown
Q9QC07	Unknown
Q9UBG7	Unknown
Q9UBK7	Unknown
Q9UBL0	Unknown
Q9UBU6	2.A.133.1.4;
Q9UDV7	Unknown
Q9UDX5	Unknown
Q9UH62	Unknown
Q9UH90	Unknown
Q9UHA3	Unknown
Q9UHF5	Unknown
Q9UHP9	Unknown
Q9UHR6	Unknown
Q9UHV5	Unknown
Q9UI15	Unknown
Q9UII5	Unknown
Q9UIM3	Unknown
Q9UJ04	Unknown
Q9UJ42	9.A.14.19.1;
Q9UJ99	Unknown
Q9UJG1	Unknown
Q9UJK0	Unknown
Q9UJU3	Unknown
Q9UJV8	Unknown
Q9UJW7	Unknown
Q9UK08	Unknown
Q9UK11	Unknown
Q9UK12	Unknown
Q9UK13	Unknown
Q9UK85	Unknown
Q9UKD2	Unknown
Q9UKH3	Unknown
Q9UKJ0	Unknown
Q9UKJ3	Unknown
Q9UKL2	Unknown
Q9UKR3	Unknown
Q9UKR8	Unknown
Q9UKT6	Unknown
Q9UKY3	Unknown
Q9UL36	Unknown
Q9UL58	Unknown
Q9ULE3	Unknown
Q9ULJ7	9.A.3.1.1;
Q9ULK2	Unknown
Q9ULK6	Unknown
Q9ULL1	Unknown
Q9ULR5	Unknown
Q9ULS5	8.A.109.1.5;
Q9ULS6	1.A.1.2.16;
Q9ULZ0	Unknown
Q9UN30	Unknown
Q9UN67	Unknown
Q9UN71	Unknown
Q9UN75	Unknown
Q9UNL2	Unknown
Q9UNN4	Unknown
Q9UPC5	Unknown
Q9UQ10	Unknown
Q9UQ72	Unknown
Q9UQG0	Unknown
Q9Y248	Unknown
Q9Y2A4	Unknown
Q9Y2B0	Unknown
Q9Y2B5	Unknown
Q9Y2G4	Unknown
Q9Y2H8	Unknown
Q9Y2L6	Unknown
Q9Y2M2	Unknown
Q9Y2P8	Unknown
Q9Y2Q1	Unknown
Q9Y2Q9	Unknown
Q9Y2R9	Unknown
Q9Y2T4	Unknown
Q9Y2T5	Unknown
Q9Y2U2	Unknown
Q9Y324	Unknown
Q9Y330	Unknown
Q9Y334	Unknown
Q9Y3B6	3.A.27.1.1;
Q9Y3B7	Unknown
Q9Y3C0	9.A.3.1.2;
Q9Y3C7	Unknown
Q9Y3D9	Unknown
Q9Y3E0	Unknown
Q9Y3E1	Unknown
Q9Y3E2	Unknown
Q9Y421	Unknown
Q9Y426	Unknown
Q9Y471	Unknown
Q9Y4H4	Unknown
Q9Y4I5	Unknown
Q9Y4K1	Unknown
Q9Y4X0	Unknown
Q9Y543	Unknown
Q9Y573	Unknown
Q9Y575	Unknown
Q9Y576	Unknown
Q9Y585	Unknown
Q9Y586	Unknown
Q9Y597	Unknown
Q9Y5A6	Unknown
Q9Y5E2	Unknown
Q9Y5E4	Unknown
Q9Y5E5	Unknown
Q9Y5E6	Unknown
Q9Y5E7	Unknown
Q9Y5E8	Unknown
Q9Y5E9	Unknown
Q9Y5F0	Unknown
Q9Y5F1	Unknown
Q9Y5F3	Unknown
Q9Y5F6	Unknown
Q9Y5F8	Unknown
Q9Y5F9	Unknown
Q9Y5G0	Unknown
Q9Y5G1	Unknown
Q9Y5G2	Unknown
Q9Y5G3	Unknown
Q9Y5G4	Unknown
Q9Y5G5	Unknown
Q9Y5G6	Unknown
Q9Y5G7	Unknown
Q9Y5G8	Unknown
Q9Y5G9	Unknown
Q9Y5H0	Unknown
Q9Y5H1	Unknown
Q9Y5H2	Unknown
Q9Y5H3	Unknown
Q9Y5H4	Unknown
Q9Y5H6	Unknown
Q9Y5H7	Unknown
Q9Y5I0	Unknown
Q9Y5I1	Unknown
Q9Y5I4	Unknown
Q9Y5J9	Unknown
Q9Y5M8	Unknown
Q9Y5P1	Unknown
Q9Y5R4	Unknown
Q9Y5R8	Unknown
Q9Y5W5	Unknown
Q9Y5X2	3.A.34.1.1;
Q9Y5Z6	Unknown
Q9Y644	Unknown
Q9Y651	Unknown
Q9Y661	Unknown
Q9Y680	Unknown
Q9Y689	Unknown
Q9Y6G1	2.A.126.1.19;
Q9Y6G5	Unknown
Q9Y6I0	Unknown
Q9Y6I8	1.B.69.1.1;
Q9Y6Q3	Unknown
Q9Y6S9	Unknown
Q9YNA8	Unknown
U3KPV4	Unknown
W6CW81	Unknown
A0A075B6H7	Unknown
A0A075B6H8	Unknown
A0A075B6H9	Unknown
A0A075B6I0	Unknown
A0A075B6I1	Unknown
A0A075B6I3	Unknown
A0A075B6I4	Unknown
A0A075B6I6	Unknown
A0A075B6I7	Unknown
A0A075B6I9	Unknown
A0A075B6J1	Unknown
A0A075B6J2	Unknown
A0A075B6J6	Unknown
A0A075B6K0	Unknown
A0A075B6K2	Unknown
A0A075B6K4	Unknown
A0A075B6K5	Unknown
A0A075B6K6	Unknown
A0A075B6L2	Unknown
A0A075B6L6	Unknown
A0A075B6N2	Unknown
A0A075B6N3	Unknown
A0A075B6N4	Unknown
A0A075B6P5	Unknown
A0A075B6Q5	Unknown
A0A075B6R0	Unknown
A0A075B6R2	Unknown
A0A075B6R9	Unknown
A0A075B6S2	Unknown
A0A075B6S4	Unknown
A0A075B6S5	Unknown
A0A075B6S6	Unknown
A0A075B6S9	Unknown
A0A075B6T6	Unknown
A0A075B6T7	Unknown
A0A075B6T8	Unknown
A0A075B6U4	Unknown
A0A075B6V5	Unknown
A0A075B6W5	Unknown
A0A075B6X5	Unknown
A0A075B734	Unknown
A0A075B767	Unknown
A0A087WSX0	Unknown
A0A087WSY4	Unknown
A0A087WSY6	Unknown
A0A087WSZ0	Unknown
A0A087WSZ9	Unknown
A0A087WT02	Unknown
A0A087WT03	Unknown
A0A087WUV0	Unknown
A0A087WV62	Unknown
A0A087WVF3	Unknown
A0A087WW87	Unknown
A0A087WXM9	Unknown
A0A087X0M5	Unknown
A0A087X179	Unknown
A0A096LNW5	Unknown
A0A096LP55	Unknown
A0A0A0MRZ7	Unknown
A0A0A0MRZ8	Unknown
A0A0A0MRZ9	Unknown
A0A0A0MS00	Unknown
A0A0A0MS01	Unknown
A0A0A0MS02	Unknown
A0A0A0MS03	Unknown
A0A0A0MS04	Unknown
A0A0A0MS05	Unknown
A0A0A0MS06	Unknown
A0A0A0MS14	Unknown
A0A0A0MS15	Unknown
A0A0A0MT36	Unknown
A0A0A6YYC5	Unknown
A0A0A6YYD4	Unknown
A0A0A6YYG2	Unknown
A0A0A6YYG3	Unknown
A0A0A6YYJ7	Unknown
A0A0A6YYK1	Unknown
A0A0A6YYK4	Unknown
A0A0A6YYK6	Unknown
A0A0A6YYK7	Unknown
A0A0A6YYL3	Unknown
A0A0B4J1U3	Unknown
A0A0B4J1U4	Unknown
A0A0B4J1U6	Unknown
A0A0B4J1U7	Unknown
A0A0B4J1V0	Unknown
A0A0B4J1V1	Unknown
A0A0B4J1V2	Unknown
A0A0B4J1V6	Unknown
A0A0B4J1V7	Unknown
A0A0B4J1X5	Unknown
A0A0B4J1X8	Unknown
A0A0B4J1Y8	Unknown
A0A0B4J1Y9	Unknown
A0A0B4J1Z2	Unknown
A0A0B4J234	Unknown
A0A0B4J235	Unknown
A0A0B4J237	Unknown
A0A0B4J238	Unknown
A0A0B4J240	Unknown
A0A0B4J241	Unknown
A0A0B4J244	Unknown
A0A0B4J245	Unknown
A0A0B4J248	Unknown
A0A0B4J249	Unknown
A0A0B4J262	Unknown
A0A0B4J263	Unknown
A0A0B4J264	Unknown
A0A0B4J265	Unknown
A0A0B4J266	Unknown
A0A0B4J268	Unknown
A0A0B4J271	Unknown
A0A0B4J272	Unknown
A0A0B4J273	Unknown
A0A0B4J274	Unknown
A0A0B4J275	Unknown
A0A0B4J276	Unknown
A0A0B4J277	Unknown
A0A0B4J279	Unknown
A0A0B4J280	Unknown
A0A0B4J2D9	Unknown
A0A0B4J2E0	Unknown
A0A0B4J2H0	Unknown
A0A0C4DH24	Unknown
A0A0C4DH25	Unknown
A0A0C4DH26	Unknown
A0A0C4DH27	Unknown
A0A0C4DH28	Unknown
A0A0C4DH29	Unknown
A0A0C4DH30	Unknown
A0A0C4DH31	Unknown
A0A0C4DH32	Unknown
A0A0C4DH33	Unknown
A0A0C4DH34	Unknown
A0A0C4DH35	Unknown
A0A0C4DH36	Unknown
A0A0C4DH38	Unknown
A0A0C4DH39	Unknown
A0A0C4DH41	Unknown
A0A0C4DH42	Unknown
A0A0C4DH43	Unknown
A0A0C4DH55	Unknown
A0A0C4DH59	Unknown
A0A0C4DH67	Unknown
A0A0C4DH68	Unknown
A0A0C4DH69	Unknown
A0A0C4DH72	Unknown
A0A0C4DH73	Unknown
A0A0G2JMI3	Unknown
A0A0G2JS06	Unknown
A0A0J9YVY3	Unknown
A0A0J9YX35	Unknown
A0A0J9YX75	Unknown
A0A0J9YXX1	Unknown
A0A0J9YXY3	Unknown
A0A0K0K1A3	Unknown
A0A0K0K1B3	Unknown
A0A0K0K1C0	Unknown
A0A0K0K1C4	Unknown
A0A0K0K1D8	Unknown
A0A0K0K1E9	Unknown
A0A0K0K1G6	Unknown
A0A0K0K1G8	Unknown
A0A0U1RQF7	Unknown
A0A0U1RRN3	Unknown
A0A1B0GTK4	Unknown
A0A1B0GUS4	Unknown
A0A1B0GVD1	Unknown
A0A1B0GVH4	Unknown
A0A1B0GWG4	Unknown
A0A1B0GX31	Unknown
A0A1B0GX49	Unknown
A0A1B0GX51	Unknown
A0A1B0GX56	Unknown
A0A1B0GX68	Unknown
A0A1B0GX78	Unknown
A0A1B0GX95	Unknown
A0A1B0GXF2	Unknown
A0A1W2PPD8	Unknown
A0A1W2PPM1	Unknown
A0A1W2PQD8	Unknown
A0A1W2PR19	Unknown
A0A1W2PR82	Unknown
A0A286YEU6	Unknown
A0A2R8Y4L6	Unknown
A0A2R8Y619	Unknown
A0A2R8YED5	Unknown
A0A2Z4LIS9	Unknown
A0A3B3IS91	Unknown
A0A3B3IT45	Unknown
A0A3B3IU63	Unknown
A0A3G1DIU6	Unknown
A0A455ZAR2	Unknown
A0A494C1R9	Unknown
A0A539	Unknown
A0A576	Unknown
A0A577	Unknown
A0A578	Unknown
A0A584	Unknown
A0A589	Unknown
A0A590UK83	Unknown
A0A597	Unknown
A0A599	Unknown
A0A5A2	Unknown
A0A5A6	Unknown
A0A5B0	Unknown
A0A5B6	Unknown
A0A5B7	Unknown
A0A7L8Y648	Unknown
A0A804HLA8	Unknown
A0AUZ9	Unknown
A0JD32	Unknown
A0JD36	Unknown
A0JD37	Unknown
A0PJE2	Unknown
A0PJX2	Unknown
A1A4F0	Unknown
A1A4V9	Unknown
A1A580	Unknown
A1IGU5	Unknown
A1L168	Unknown
A1L1A6	Unknown
A1L3X4	Unknown
A1L453	Unknown
A2A3L6	Unknown
A2A3N6	Unknown
A2AJT9	Unknown
A2CJ06	Unknown
A2RRH5	Unknown
A2RRL7	Unknown
A2RTY3	Unknown
A2RU48	Unknown
A2RUR9	Unknown
A2RUU4	Unknown
A3KFT3	Unknown
A4D0V7	Unknown
A4D1S0	Unknown
A4D1U4	Unknown
A4D2H0	Unknown
A4FU49	Unknown
A4QPH2	Unknown
A5PL33	Unknown
A5PLK6	Unknown
A5PLN7	Unknown
A6H8M9	Unknown
A6NC42	Unknown
A6NC78	Unknown
A6NC86	Unknown
A6NCC3	Unknown
A6NCI4	Unknown
A6NCM1	Unknown
A6NCN2	Unknown
A6NCV1	Unknown
A6NCW7	Unknown
A6NDD5	Unknown
A6NDH6	Unknown
A6NDI0	Unknown
A6NDL8	Unknown
A6NDN3	Unknown
A6NDR6	Unknown
A6NDS4	Unknown
A6NDX5	Unknown
A6NE52	Unknown
A6NEC2	Unknown
A6NEL2	Unknown
A6NER0	Unknown
A6NES4	Unknown
A6NET4	Unknown
A6NF34	Unknown
A6NF89	Unknown
A6NFC5	Unknown
A6NFC9	Unknown
A6NFI3	Unknown
A6NFQ7	Unknown
A6NG13	Unknown
A6NGD5	Unknown
A6NGE7	Unknown
A6NGJ6	Unknown
A6NGN9	Unknown
A6NH21	Unknown
A6NH52	Unknown
A6NH57	Unknown
A6NHA9	Unknown
A6NHG4	Unknown
A6NHG9	Unknown
A6NHJ4	Unknown
A6NHM9	Unknown
A6NHN0	Unknown
A6NHS7	Unknown
A6NI72	Unknown
A6NI87	Unknown
A6NIE9	Unknown
A6NIJ9	Unknown
A6NIR3	Unknown
A6NIZ1	Unknown
A6NJG6	Unknown
A6NJV1	Unknown
A6NJW4	Unknown
A6NJY4	Unknown
A6NJZ3	Unknown
A6NJZ7	Unknown
A6NK02	Unknown
A6NK53	Unknown
A6NK59	Unknown
A6NK75	Unknown
A6NKD2	Unknown
A6NKG5	Unknown
A6NKK0	Unknown
A6NKQ9	Unknown
A6NKT7	Unknown
A6NKX4	2.A.1.19.23;
A6NL08	Unknown
A6NL26	Unknown
A6NL82	Unknown
A6NLP5	Unknown
A6NLU0	Unknown
A6NM03	Unknown
A6NM11	Unknown
A6NM28	Unknown
A6NM43	Unknown
A6NM45	Unknown
A6NM76	Unknown
A6NMS3	Unknown
A6NMS7	Unknown
A6NMT0	Unknown
A6NMU1	Unknown
A6NMX2	Unknown
A6NMZ2	Unknown
A6NMZ5	Unknown
A6NN14	Unknown
A6NN92	Unknown
A6NNF4	Unknown
A6NNM3	Unknown
A6NNP5	Unknown
A6NP11	Unknown
A6NP61	Unknown
A6PVL3	Unknown
A6PVS8	Unknown
A6QL64	Unknown
A7E2U8	Unknown
A8K0R7	Unknown
A8K0S8	Unknown
A8K5M9	Unknown
A8MPS7	Unknown
A8MPX8	Unknown
A8MT70	Unknown
A8MTI9	Unknown
A8MTL9	Unknown
A8MTY0	Unknown
A8MTY7	Unknown
A8MUH7	Unknown
A8MUM7	Unknown
A8MUV8	Unknown
A8MV23	Unknown
A8MVA2	Unknown
A8MVS5	Unknown
A8MVU1	Unknown
A8MVW0	Unknown
A8MVZ5	Unknown
A8MWA4	Unknown
A8MWD9	Unknown
A8MWK0	Unknown
A8MX76	Unknown
A8MXE2	Unknown
A8MXU0	Unknown
A8MXY4	Unknown
A8MXZ3	Unknown
A8MYV0	Unknown
A8MYZ6	Unknown
A8MZ26	1.A.1.19.1;
B1AJZ9	Unknown
B1AKI9	Unknown
B1APH4	Unknown
B2CW77	Unknown
B2RN74	Unknown
B2RXH4	Unknown
B3SHH9	Unknown
B4DH59	Unknown
B4DU55	Unknown
B4DX44	Unknown
B4DXR9	Unknown
B5ME19	Unknown
B7ZAP0	Unknown
B7ZBB8	Unknown
B7ZC32	Unknown
B9A064	Unknown
B9A6J9	Unknown
C0HLZ6	Unknown
C0HM01	Unknown
C0HM83	Unknown
C0HMD6	Unknown
C9J069	Unknown
C9J1S8	Unknown
C9J2P7	Unknown
C9J798	Unknown
C9JCN9	Unknown
C9JDP6	Unknown
C9JH25	Unknown
C9JJH3	Unknown
C9JLJ4	Unknown
C9JLR9	Unknown
C9JPN9	Unknown
C9JQI7	Unknown
C9JQL5	Unknown
C9JSJ3	Unknown
C9JUS6	Unknown
C9JVI0	Unknown
C9JXX5	Unknown
D6R901	Unknown
D6R9N7	Unknown
D6RA61	Unknown
D6RBQ6	Unknown
D6RCP7	Unknown
D6RIA3	Unknown
D6RJB6	Unknown
E2RYF6	Unknown
E2RYF7	Unknown
E7ETH6	Unknown
E9PB15	Unknown
E9PQ53	Unknown
F7VJQ1	Unknown
G5E9R7	Unknown
H3BSY2	Unknown
I3L273	Unknown
I3L3R5	Unknown
L0R6Q1	Unknown
L0R819	Unknown
O00110	Unknown
O00398	Unknown
O00479	Unknown
O00634	Unknown
O14498	Unknown
O14562	Unknown
O14581	Unknown
O14598	Unknown
O14604	Unknown
O14715	Unknown
O14921	Unknown
O14990	Unknown
O15037	Unknown
O15050	Unknown
O15255	Unknown
O15442	Unknown
O15480	Unknown
O15482	Unknown
O43246	2.A.3.3.6;
O43325	Unknown
O43361	Unknown
O43423	Unknown
O43869	Unknown
O60268	Unknown
O60287	Unknown
O60290	Unknown
O60309	Unknown
O60320	1.A.37.4.1;
O60397	Unknown
O60403	Unknown
O60404	Unknown
O60431	Unknown
O60518	Unknown
O60575	Unknown
O60637	8.A.40.1.16;
O60739	Unknown
O60809	Unknown
O60810	Unknown
O75071	Unknown
O75290	Unknown
O75333	Unknown
O75373	Unknown
O75467	Unknown
O75474	Unknown
O75949	Unknown
O76000	Unknown
O76038	Unknown
O76087	Unknown
O76100	Unknown
O94819	Unknown
O95006	Unknown
O95013	Unknown
O95156	Unknown
O95157	Unknown
O95158	Unknown
O95170	Unknown
O95221	Unknown
O95424	Unknown
O95478	Unknown
O95502	Unknown
O95521	Unknown
O95522	Unknown
O95744	Unknown
O95857	Unknown
O95969	Unknown
O96001	Unknown
P01737	Unknown
P03986	Unknown
P09131	2.A.28.1.8;
P0C025	Unknown
P0C091	Unknown
P0C263	Unknown
P0C5J1	Unknown
P0C5Y4	Unknown
P0C604	Unknown
P0C617	Unknown
P0C623	Unknown
P0C626	Unknown
P0C628	Unknown
P0C629	Unknown
P0C646	Unknown
P0C6A0	Unknown
P0C6S8	Unknown
P0C7A2	Unknown
P0C7H9	Unknown
P0C7I0	Unknown
P0C7I6	Unknown
P0C7N1	Unknown
P0C7P4	Unknown
P0C7Q2	Unknown
P0C7Q6	2.A.7.28.6;
P0C7T2	Unknown
P0C7T3	Unknown
P0C7T4	Unknown
P0C7U1	Unknown
P0C7V7	Unknown
P0C7X1	Unknown
P0C7X4	Unknown
P0C851	8.A.64.1.1;
P0C860	Unknown
P0C881	Unknown
P0CB38	Unknown
P0CF51	Unknown
P0CG00	Unknown
P0CG01	Unknown
P0CG12	Unknown
P0CG22	Unknown
P0CG31	Unknown
P0CG34	Unknown
P0CG35	Unknown
P0CG36	Unknown
P0CG40	Unknown
P0CH99	Unknown
P0CI26	Unknown
P0CJ72	Unknown
P0CJ79	Unknown
P0CK96	2.A.7.9.7;
P0CK97	Unknown
P0CL82	Unknown
P0CV98	Unknown
P0CV99	Unknown
P0CW00	Unknown
P0CW01	Unknown
P0CW20	Unknown
P0DJD0	Unknown
P0DJD1	Unknown
P0DKB5	Unknown
P0DKV0	Unknown
P0DM35	Unknown
P0DMU2	Unknown
P0DMU9	Unknown
P0DN37	Unknown
P0DN80	Unknown
P0DN81	Unknown
P0DN82	Unknown
P0DP01	Unknown
P0DP02	Unknown
P0DP03	Unknown
P0DP04	Unknown
P0DP06	Unknown
P0DP07	Unknown
P0DP08	Unknown
P0DP09	Unknown
P0DP72	Unknown
P0DP73	Unknown
P0DP74	Unknown
P0DPA2	Unknown
P0DPB5	Unknown
P0DPF3	Unknown
P0DPF4	Unknown
P0DPF7	Unknown
P0DPI2	Unknown
P0DQD5	Unknown
P0DSN7	Unknown
P0DTE1	Unknown
P0DTE2	Unknown
P0DTL5	Unknown
P0DTW1	Unknown
P0DUH7	Unknown
P0DV77	Unknown
P0DX53	Unknown
P0DXC1	Unknown
P0DY26	Unknown
P10075	Unknown
P11465	Unknown
P11844	Unknown
P12525	Unknown
P15421	Unknown
P16415	Unknown
P16562	Unknown
P17017	Unknown
P20962	Unknown
P29377	Unknown
P31275	Unknown
P43359	Unknown
P43362	Unknown
P43366	Unknown
P47881	Unknown
P47884	Unknown
P47944	Unknown
P48741	Unknown
P51523	Unknown
P51786	Unknown
P51861	Unknown
P52740	Unknown
P52743	Unknown
P52943	Unknown
P55822	Unknown
P56749	Unknown
P57060	Unknown
P58170	Unknown
P58180	Unknown
P58181	Unknown
P58417	Unknown
P58511	Unknown
P59536	Unknown
P59539	Unknown
P59541	Unknown
P59544	Unknown
P59551	Unknown
P59646	1.A.27.1.6;
P59861	Unknown
P59922	Unknown
P60673	Unknown
P60985	Unknown
P61129	Unknown
P61236	Unknown
P61570	Unknown
P62502	Unknown
P62683	Unknown
P62685	Unknown
P63119	Unknown
P63120	Unknown
P63121	Unknown
P63122	Unknown
P63124	Unknown
P63125	Unknown
P63127	Unknown
P63302	Unknown
P82664	Unknown
P82909	Unknown
P84157	Unknown
Q008S8	Unknown
Q02325	Unknown
Q03924	Unknown
Q03938	Unknown
Q05BV3	Unknown
Q05DH4	Unknown
Q06250	Unknown
Q075Z2	Unknown
Q08AF3	Unknown
Q08AI6	2.A.18.6.18;
Q08AN1	Unknown
Q09MP3	Unknown
Q0P651	Unknown
Q0P6D2	Unknown
Q0VAA5	Unknown
Q0VAF6	Unknown
Q0VDE8	9.B.434.1.1;
Q0VG73	Unknown
Q0VGE8	Unknown
Q107X0	Unknown
Q13046	Unknown
Q13066	Unknown
Q13069	Unknown
Q13072	Unknown
Q13296	Unknown
Q13536	Unknown
Q14146	Unknown
Q14390	Unknown
Q14507	Unknown
Q14549	Unknown
Q14586	Unknown
Q14588	Unknown
Q14761	Unknown
Q147U1	Unknown
Q14DG7	Unknown
Q15032	Unknown
Q15270	Unknown
Q15434	Unknown
Q15486	Unknown
Q15527	Unknown
Q15615	Unknown
Q15619	Unknown
Q15622	Unknown
Q16048	Unknown
Q16517	1.A.50.7.1;
Q16557	Unknown
Q16559	Unknown
Q16609	Unknown
Q16626	Unknown
Q17R55	Unknown
Q17RC7	Unknown
Q17RG1	Unknown
Q1ED39	Unknown
Q1KMD3	Unknown
Q1W4C9	Unknown
Q1X8D7	Unknown
Q1XH10	Unknown
Q1ZYL8	8.A.55.3.1;
Q2KHR3	Unknown
Q2M218	Unknown
Q2M296	Unknown
Q2M2W7	Unknown
Q2M329	Unknown
Q2M3V2	Unknown
Q2M3W8	Unknown
Q2M5E4	Unknown
Q2QD12	Unknown
Q2TAA2	Unknown
Q2TAA8	Unknown
Q2TAL5	Unknown
Q2TB10	Unknown
Q2TBF2	Unknown
Q2TV78	Unknown
Q2VPJ9	Unknown
Q2VY69	Unknown
Q2WGJ8	8.A.214.1.1;
Q2WGN9	Unknown
Q309B1	Unknown
Q30KQ1	Unknown
Q30KQ4	Unknown
Q30KQ5	Unknown
Q30KQ8	Unknown
Q30KR1	Unknown
Q32P51	Unknown
Q3B7J2	Unknown
Q3B7T3	Unknown
Q3BBV2	Unknown
Q3KNT7	Unknown
Q3KNW1	Unknown
Q3KP31	Unknown
Q3KQV9	Unknown
Q3KQZ1	2.A.29.15.2;
Q3LI61	Unknown
Q3LI73	Unknown
Q3LI81	Unknown
Q3LI83	Unknown
Q3MIX3	Unknown
Q3SXZ3	Unknown
Q3ZCQ2	Unknown
Q3ZCT8	Unknown
Q3ZCW2	Unknown
Q400G9	Unknown
Q494W8	Unknown
Q494X3	Unknown
Q495B1	Unknown
Q496H8	Unknown
Q499Z3	Unknown
Q499Z4	Unknown
Q49A92	Unknown
Q49AA0	Unknown
Q49AG3	Unknown
Q49AR2	Unknown
Q4G0I0	Unknown
Q4G0S7	Unknown
Q4KMZ1	Unknown
Q4KMZ8	8.A.118.1.2;
Q4VXA5	Unknown
Q4W5P6	Unknown
Q502W7	Unknown
Q504U0	Unknown
Q50LG9	Unknown
Q52LA3	Unknown
Q52LD8	Unknown
Q52M58	Unknown
Q52M93	Unknown
Q53EQ6	Unknown
Q53FE4	Unknown
Q53RY4	Unknown
Q53S58	Unknown
Q53S99	Unknown
Q53SF7	Unknown
Q587I9	Unknown
Q58A44	Unknown
Q58FF3	Unknown
Q58FF6	Unknown
Q58FG0	Unknown
Q58FG1	Unknown
Q5BJE1	Unknown
Q5BLP8	Unknown
Q5CZA5	Unknown
Q5EBM4	Unknown
Q5FYA8	Unknown
Q5GH70	2.A.112.1.12;
Q5GH72	Unknown
Q5GH73	Unknown
Q5GH77	2.A.112.1.7;
Q5H913	Unknown
Q5H9K5	Unknown
Q5H9M0	Unknown
Q5H9R4	Unknown
Q5HY98	Unknown
Q5HYK9	Unknown
Q5HYR2	Unknown
Q5I0G3	Unknown
Q5I0X7	Unknown
Q5JNZ3	Unknown
Q5JPB2	Unknown
Q5JPF3	Unknown
Q5JPI3	Unknown
Q5JQF8	Unknown
Q5JQS5	Unknown
Q5JQS6	Unknown
Q5JRC9	Unknown
Q5JRS4	Unknown
Q5JRV8	9.B.200.1.1;
Q5JS37	Unknown
Q5JS54	Unknown
Q5JSS6	Unknown
Q5JTD7	Unknown
Q5JU00	Unknown
Q5JU67	Unknown
Q5JUK9	Unknown
Q5JV73	Unknown
Q5JVG2	Unknown
Q5JVG8	Unknown
Q5JWR5	Unknown
Q5JX69	Unknown
Q5JXM2	Unknown
Q5MCW4	Unknown
Q5PT55	2.A.28.1.6;
Q5R387	Unknown
Q5SNV9	Unknown
Q5SRH9	Unknown
Q5SV17	Unknown
Q5SV97	Unknown
Q5SVQ8	Unknown
Q5SWX8	Unknown
Q5SXM1	Unknown
Q5SY68	Unknown
Q5SYE7	Unknown
Q5SZD1	Unknown
Q5SZD4	Unknown
Q5SZI1	Unknown
Q5T0B9	Unknown
Q5T1A1	Unknown
Q5T1J5	Unknown
Q5T1N1	Unknown
Q5T1S8	Unknown
Q5T292	Unknown
Q5T3I0	Unknown
Q5T5D7	Unknown
Q5T5J6	Unknown
Q5T5M9	Unknown
Q5T5S1	Unknown
Q5T681	Unknown
Q5T6J7	Unknown
Q5T764	Unknown
Q5T7M9	Unknown
Q5T7N2	Unknown
Q5T9S5	Unknown
Q5TAG4	Unknown
Q5TC63	Unknown
Q5TEA3	Unknown
Q5TF21	Unknown
Q5TFE4	Unknown
Q5TFG8	Unknown
Q5TG30	Unknown
Q5TGI0	Unknown
Q5TGI4	Unknown
Q5TGS1	Unknown
Q5TGY1	Unknown
Q5THK1	Unknown
Q5TI25	Unknown
Q5TIE3	Unknown
Q5TYX0	Unknown
Q5TZ20	Unknown
Q5TZJ5	Unknown
Q5U3C3	9.B.457.1.1;
Q5UAW9	Unknown
Q5VIY5	Unknown
Q5VSG8	Unknown
Q5VT79	Unknown
Q5VTJ3	Unknown
Q5VTL8	Unknown
Q5VTM2	Unknown
Q5VTU8	Unknown
Q5VU69	Unknown
Q5VUD6	Unknown
Q5VUJ5	Unknown
Q5VUJ6	Unknown
Q5VUY0	Unknown
Q5VVM6	Unknown
Q5VVW2	Unknown
Q5VW22	Unknown
Q5VWI1	Unknown
Q5VWK0	Unknown
Q5VX52	Unknown
Q5VXM1	Unknown
Q5VXU3	Unknown
Q5VYM1	Unknown
Q5VYV0	Unknown
Q5VYV7	Unknown
Q5VZ03	Unknown
Q5VZ19	Unknown
Q5VZ46	Unknown
Q5VZ66	Unknown
Q5VZ72	8.A.55.2.2;
Q5VZI3	Unknown
Q5VZR4	Unknown
Q5W0A0	Unknown
Q5W0B7	Unknown
Q5W0V3	Unknown
Q5W186	Unknown
Q5W5W9	Unknown
Q5XG99	Unknown
Q5XKK7	Unknown
Q5XKR9	Unknown
Q5XUX1	Unknown
Q5YKI7	Unknown
Q63HM2	Unknown
Q63HM9	Unknown
Q63ZE4	2.A.1.19.27;
Q64ET8	Unknown
Q658K8	Unknown
Q658L1	Unknown
Q658N2	Unknown
Q68CR1	Unknown
Q68DI1	Unknown
Q68DY9	Unknown
Q69YL0	Unknown
Q69YN2	Unknown
Q69YU3	Unknown
Q6AHZ1	Unknown
Q6AI08	Unknown
Q6AI12	Unknown
Q6AW86	Unknown
Q6B0B8	Unknown
Q6BEB4	Unknown
Q6DD87	Unknown
Q6DHV5	Unknown
Q6DKI1	Unknown
Q6EBC2	Unknown
Q6EEV4	Unknown
Q6EKJ0	Unknown
Q6GPI1	Unknown
Q6ICC9	Unknown
Q6ICG6	Unknown
Q6ICH7	Unknown
Q6IEE8	Unknown
Q6IEU7	Unknown
Q6IEV9	Unknown
Q6IEY1	Unknown
Q6IEZ7	Unknown
Q6IF00	Unknown
Q6IF36	Unknown
Q6IF42	Unknown
Q6IF63	Unknown
Q6IF82	Unknown
Q6IF99	Unknown
Q6IFG1	Unknown
Q6IFN5	Unknown
Q6IN97	Unknown
Q6IPT2	Unknown
Q6IPX1	Unknown
Q6IPX3	Unknown
Q6IQ21	Unknown
Q6IS14	1.I.1.1.3;
Q6JVE6	Unknown
Q6JVE9	Unknown
Q6L8G5	Unknown
Q6MZZ7	Unknown
Q6NSI8	Unknown
Q6NSJ2	Unknown
Q6NSW5	Unknown
Q6NT04	Unknown
Q6NT52	Unknown
Q6NT89	Unknown
Q6NUN7	Unknown
Q6NV75	Unknown
Q6NVV3	Unknown
Q6NVV9	Unknown
Q6NW29	Unknown
Q6NX49	Unknown
Q6NXP2	Unknown
Q6NXT1	Unknown
Q6NZ63	Unknown
Q6P093	Unknown
Q6P161	Unknown
Q6P280	Unknown
Q6P387	Unknown
Q6P3V2	Unknown
Q6P474	Unknown
Q6P5R6	Unknown
Q6P5X7	Unknown
Q6P6B1	Unknown
Q6P6B7	Unknown
Q6P995	Unknown
Q6P9A1	Unknown
Q6P9A3	Unknown
Q6P9G0	Unknown
Q6PCB5	Unknown
Q6PDA7	Unknown
Q6PEW0	Unknown
Q6PEX7	Unknown
Q6PF15	Unknown
Q6PG37	Unknown
Q6PH81	Unknown
Q6PI47	Unknown
Q6PI97	Unknown
Q6PID6	Unknown
Q6PII5	Unknown
Q6PIV7	2.A.29.15.3;
Q6PJE2	Unknown
Q6PK04	Unknown
Q6PK81	Unknown
Q6PP77	2.A.112.1.6;
Q6Q6R5	Unknown
Q6S545	Unknown
Q6S5H5	Unknown
Q6S8J7	Unknown
Q6T423	2.A.1.19.33;
Q6TFL3	Unknown
Q6U949	Unknown
Q6UE05	Unknown
Q6UQ28	Unknown
Q6URK8	Unknown
Q6UW01	Unknown
Q6UW02	Unknown
Q6UW10	Unknown
Q6UWE3	Unknown
Q6UWF7	Unknown
Q6UWI4	Unknown
Q6UWJ8	Unknown
Q6UWM9	Unknown
Q6UWN0	Unknown
Q6UWN8	Unknown
Q6UWP8	Unknown
Q6UWQ5	Unknown
Q6UWS5	Unknown
Q6UWU2	Unknown
Q6UWV7	Unknown
Q6UWX4	Unknown
Q6UWY5	Unknown
Q6UX68	2.A.112.1.14;
Q6UX72	Unknown
Q6UX82	Unknown
Q6UXB1	Unknown
Q6UXB3	Unknown
Q6UXD7	2.A.1.28.8;
Q6UXF7	Unknown
Q6UXN7	Unknown
Q6UXS0	Unknown
Q6UXT6	Unknown
Q6UXU6	Unknown
Q6UXV1	8.A.55.2.1;
Q6UXY8	1.A.17.4.16;
Q6UY01	Unknown
Q6UY18	Unknown
Q6UY27	Unknown
Q6V702	Unknown
Q6V9R5	Unknown
Q6XE38	Unknown
Q6ZMB5	2.A.82.1.9;
Q6ZMN8	Unknown
Q6ZMS4	Unknown
Q6ZMV5	Unknown
Q6ZMW2	Unknown
Q6ZMW3	Unknown
Q6ZMY6	Unknown
Q6ZMY9	Unknown
Q6ZN01	Unknown
Q6ZN06	Unknown
Q6ZN19	Unknown
Q6ZN32	Unknown
Q6ZN68	Unknown
Q6ZN79	Unknown
Q6ZNA1	Unknown
Q6ZNC4	Unknown
Q6ZNF0	Unknown
Q6ZNG1	Unknown
Q6ZNG2	Unknown
Q6ZNG9	Unknown
Q6ZNI0	Unknown
Q6ZNM6	Unknown
Q6ZNR0	8.A.58.2.3;
Q6ZP01	Unknown
Q6ZPB5	Unknown
Q6ZQQ6	Unknown
Q6ZQV5	Unknown
Q6ZR62	Unknown
Q6ZRF7	Unknown
Q6ZRR5	Unknown
Q6ZRS4	Unknown
Q6ZS11	Unknown
Q6ZS30	Unknown
Q6ZSI9	Unknown
Q6ZSS3	Unknown
Q6ZT07	Unknown
Q6ZT77	Unknown
Q6ZU65	Unknown
Q6ZU67	Unknown
Q6ZU69	Unknown
Q6ZUJ4	Unknown
Q6ZUK4	9.B.422.1.1;
Q6ZUS6	Unknown
Q6ZUT6	Unknown
Q6ZUV0	Unknown
Q6ZV50	Unknown
Q6ZV89	Unknown
Q6ZVC0	Unknown
Q6ZVF9	Unknown
Q6ZVL6	Unknown
Q6ZVT6	Unknown
Q6ZVZ8	Unknown
Q6ZWB6	Unknown
Q719I0	Unknown
Q71RC9	Unknown
Q75NE6	Unknown
Q765I0	Unknown
Q76G19	Unknown
Q76KD6	Unknown
Q76KX8	Unknown
Q7L0X2	Unknown
Q7L211	Unknown
Q7L311	Unknown
Q7L945	Unknown
Q7RTS6	1.A.110.1.3;
Q7RTT3	Unknown
Q7RTT4	Unknown
Q7RTT5	Unknown
Q7RTT6	Unknown
Q7RTU0	Unknown
Q7RTU5	Unknown
Q7RTV5	Unknown
Q7RTX9	2.A.1.13.12;
Q7RTY3	Unknown
Q7Z2Q7	Unknown
Q7Z2Y8	Unknown
Q7Z304	Unknown
Q7Z309	Unknown
Q7Z388	Unknown
Q7Z3E2	Unknown
Q7Z3J3	Unknown
Q7Z3V5	Unknown
Q7Z422	Unknown
Q7Z4L0	3.D.4.11.1;
Q7Z4L9	Unknown
Q7Z4R8	Unknown
Q7Z4W2	Unknown
Q7Z4Y8	Unknown
Q7Z572	Unknown
Q7Z5A8	Unknown
Q7Z5A9	Unknown
Q7Z5J8	Unknown
Q7Z5L0	Unknown
Q7Z5L3	8.A.94.1.6;
Q7Z5L4	Unknown
Q7Z5M5	Unknown
Q7Z5S9	2.A.7.8.3;
Q7Z5Y7	Unknown
Q7Z692	Unknown
Q7Z6M2	Unknown
Q7Z6W1	Unknown
Q7Z6W7	Unknown
Q7Z736	Unknown
Q7Z7B8	Unknown
Q7Z7J9	Unknown
Q7Z7K0	Unknown
Q7Z7K2	Unknown
Q86SI9	Unknown
Q86SM5	Unknown
Q86T20	Unknown
Q86T29	Unknown
Q86T75	Unknown
Q86TE4	Unknown
Q86UF2	Unknown
Q86UV7	Unknown
Q86V35	Unknown
Q86V71	Unknown
Q86V85	Unknown
Q86V87	Unknown
Q86V88	Unknown
Q86VE3	Unknown
Q86VG3	Unknown
Q86VQ1	Unknown
Q86VR8	Unknown
Q86VY9	Unknown
Q86VZ2	Unknown
Q86W25	Unknown
Q86W34	Unknown
Q86WR6	Unknown
Q86WR7	Unknown
Q86WZ6	Unknown
Q86XA9	Unknown
Q86XD8	Unknown
Q86XG9	Unknown
Q86XN6	Unknown
Q86XS5	Unknown
Q86XU0	Unknown
Q86XZ4	Unknown
Q86YB7	Unknown
Q86YG4	Unknown
Q86YN1	Unknown
Q86YQ2	Unknown
Q86YR6	Unknown
Q8IUA0	Unknown
Q8IUB2	Unknown
Q8IUB3	Unknown
Q8IUB5	Unknown
Q8IUF1	Unknown
Q8IUH2	Unknown
Q8IUK8	Unknown
Q8IUL8	Unknown
Q8IUS5	Unknown
Q8IV03	Unknown
Q8IV33	Unknown
Q8IV35	Unknown
Q8IV38	Unknown
Q8IV42	Unknown
Q8IV50	Unknown
Q8IVA1	Unknown
Q8IVC4	Unknown
Q8IVF6	Unknown
Q8IVN8	Unknown
Q8IVU1	Unknown
Q8IVU9	Unknown
Q8IVV8	8.A.118.1.5;
Q8IVW1	Unknown
Q8IVY1	Unknown
Q8IW50	Unknown
Q8IW92	Unknown
Q8IWB4	Unknown
Q8IX94	Unknown
Q8IXE1	Unknown
Q8IXF9	1.A.8.4.2;
Q8IXM7	Unknown
Q8IXQ4	Unknown
Q8IXT5	Unknown
Q8IXX5	Unknown
Q8IY51	Unknown
Q8IY85	Unknown
Q8IYA7	Unknown
Q8IYB9	Unknown
Q8IYK2	Unknown
Q8IYL3	Unknown
Q8IYM0	Unknown
Q8IYN0	Unknown
Q8IYP2	Unknown
Q8IYS2	Unknown
Q8IYS8	Unknown
Q8IYW4	Unknown
Q8IZ13	Unknown
Q8IZ16	Unknown
Q8IZ40	Unknown
Q8IZ81	Unknown
Q8IZD0	Unknown
Q8IZM8	Unknown
Q8IZN7	Unknown
Q8IZP2	Unknown
Q8IZU2	Unknown
Q8IZY5	Unknown
Q8N0U6	Unknown
Q8N0U7	Unknown
Q8N0V4	Unknown
Q8N0Y3	Unknown
Q8N0Y5	Unknown
Q8N0Z2	Unknown
Q8N0Z8	Unknown
Q8N0Z9	Unknown
Q8N127	Unknown
Q8N129	Unknown
Q8N141	Unknown
Q8N146	Unknown
Q8N148	Unknown
Q8N162	Unknown
Q8N1A6	Unknown
Q8N1D5	Unknown
Q8N1E2	Unknown
Q8N1L4	Unknown
Q8N1W2	Unknown
Q8N228	Unknown
Q8N283	Unknown
Q8N2E2	Unknown
Q8N2I2	Unknown
Q8N2X6	Unknown
Q8N323	Unknown
Q8N328	Unknown
Q8N336	Unknown
Q8N349	Unknown
Q8N3F9	Unknown
Q8N3H0	Unknown
Q8N3R3	Unknown
Q8N3S3	1.A.152.1.3;
Q8N3T6	Unknown
Q8N3Z0	Unknown
Q8N3Z3	Unknown
Q8N413	2.A.29.8.7;
Q8N434	2.A.1.82.6;
Q8N456	Unknown
Q8N468	2.A.1.7.24;
Q8N4B4	Unknown
Q8N4E4	Unknown
Q8N4F7	Unknown
Q8N4H0	Unknown
Q8N4S0	Unknown
Q8N4V2	Unknown
Q8N567	Unknown
Q8N584	Unknown
Q8N587	Unknown
Q8N5J4	Unknown
Q8N5T2	Unknown
Q8N5U1	Unknown
Q8N5W9	Unknown
Q8N5X7	Unknown
Q8N660	Unknown
Q8N687	Unknown
Q8N688	Unknown
Q8N699	Unknown
Q8N6M5	Unknown
Q8N6M8	Unknown
Q8N6N3	Unknown
Q8N6N6	Unknown
Q8N6N7	Unknown
Q8N6Q1	Unknown
Q8N6Y2	Unknown
Q8N782	Unknown
Q8N7C7	Unknown
Q8N7F7	Unknown
Q8N7G0	Unknown
Q8N7M0	Unknown
Q8N7P1	Unknown
Q8N7Q3	Unknown
Q8N7S2	Unknown
Q8N7X1	Unknown
Q8N7X2	Unknown
Q8N7Z5	Unknown
Q8N815	Unknown
Q8N878	Unknown
Q8N8C0	Unknown
Q8N8D1	Unknown
Q8N8F7	Unknown
Q8N8M0	Unknown
Q8N8R5	Unknown
Q8N8U3	Unknown
Q8N8Z6	Unknown
Q8N944	Unknown
Q8N957	Unknown
Q8N961	Unknown
Q8N967	Unknown
Q8N972	Unknown
Q8N998	Unknown
Q8N9B8	Unknown
Q8N9F8	Unknown
Q8N9K5	Unknown
Q8N9M1	Unknown
Q8N9N7	Unknown
Q8N9T8	Unknown
Q8N9U0	Unknown
Q8N9V7	Unknown
Q8N9W8	Unknown
Q8N9Y4	Unknown
Q8NA23	Unknown
Q8NA47	Unknown
Q8NA69	Unknown
Q8NAA5	Unknown
Q8NAB2	Unknown
Q8NB42	Unknown
Q8NB46	Unknown
Q8NB50	Unknown
Q8NBE8	Unknown
Q8NBP5	2.A.1.2.105;
Q8NC74	Unknown
Q8NCI6	Unknown
Q8NCL8	Unknown
Q8NCL9	Unknown
Q8NCN5	Unknown
Q8NCQ5	Unknown
Q8NCR9	9.A.46.1.3;
Q8NCX0	Unknown
Q8ND24	Unknown
Q8ND61	Unknown
Q8NDB6	Unknown
Q8NDW4	Unknown
Q8NDY3	Unknown
Q8NDY6	Unknown
Q8NDZ0	Unknown
Q8NDZ6	Unknown
Q8NE00	2.A.18.10.1;
Q8NE18	Unknown
Q8NE22	Unknown
Q8NE65	Unknown
Q8NEA5	Unknown
Q8NEC7	Unknown
Q8NEG5	Unknown
Q8NEG7	Unknown
Q8NEK5	Unknown
Q8NEM1	Unknown
Q8NEM2	Unknown
Q8NEP7	Unknown
Q8NES8	Unknown
Q8NEW7	1.A.9.1.22;8.A.116.1.2;
Q8NFI4	Unknown
Q8NFQ5	Unknown
Q8NFQ6	Unknown
Q8NFR7	Unknown
Q8NFU4	Unknown
Q8NFV5	Unknown
Q8NFZ6	Unknown
Q8NG35	Unknown
Q8NG41	Unknown
Q8NG75	Unknown
Q8NG76	Unknown
Q8NG77	Unknown
Q8NG78	Unknown
Q8NG80	Unknown
Q8NG81	Unknown
Q8NG83	Unknown
Q8NG84	Unknown
Q8NG85	Unknown
Q8NG92	Unknown
Q8NG94	Unknown
Q8NG95	Unknown
Q8NG97	Unknown
Q8NG99	Unknown
Q8NGA1	Unknown
Q8NGA2	Unknown
Q8NGA5	Unknown
Q8NGA6	Unknown
Q8NGA8	Unknown
Q8NGB2	Unknown
Q8NGB4	Unknown
Q8NGB6	Unknown
Q8NGB8	Unknown
Q8NGB9	Unknown
Q8NGC0	Unknown
Q8NGC1	Unknown
Q8NGC2	Unknown
Q8NGC3	Unknown
Q8NGC4	Unknown
Q8NGC5	Unknown
Q8NGC6	Unknown
Q8NGC7	Unknown
Q8NGC9	Unknown
Q8NGD1	Unknown
Q8NGD2	Unknown
Q8NGD3	Unknown
Q8NGD4	Unknown
Q8NGD5	Unknown
Q8NGE0	Unknown
Q8NGE1	Unknown
Q8NGE2	Unknown
Q8NGE5	Unknown
Q8NGE7	Unknown
Q8NGE8	Unknown
Q8NGE9	Unknown
Q8NGF0	Unknown
Q8NGF1	Unknown
Q8NGF3	Unknown
Q8NGF4	Unknown
Q8NGF6	Unknown
Q8NGF7	Unknown
Q8NGF8	Unknown
Q8NGF9	Unknown
Q8NGG0	Unknown
Q8NGG1	Unknown
Q8NGG3	Unknown
Q8NGG4	Unknown
Q8NGG5	Unknown
Q8NGG6	Unknown
Q8NGG7	Unknown
Q8NGG8	Unknown
Q8NGH3	Unknown
Q8NGH5	Unknown
Q8NGH6	Unknown
Q8NGH8	Unknown
Q8NGH9	Unknown
Q8NGI0	Unknown
Q8NGI1	Unknown
Q8NGI3	Unknown
Q8NGI4	Unknown
Q8NGI6	Unknown
Q8NGI7	Unknown
Q8NGI9	Unknown
Q8NGJ0	Unknown
Q8NGJ1	Unknown
Q8NGJ2	Unknown
Q8NGJ3	Unknown
Q8NGJ4	Unknown
Q8NGJ5	Unknown
Q8NGJ6	Unknown
Q8NGJ7	Unknown
Q8NGJ8	Unknown
Q8NGJ9	Unknown
Q8NGK0	Unknown
Q8NGK1	Unknown
Q8NGK3	Unknown
Q8NGK4	Unknown
Q8NGK5	Unknown
Q8NGK6	Unknown
Q8NGK9	Unknown
Q8NGL0	Unknown
Q8NGL1	Unknown
Q8NGL2	Unknown
Q8NGL3	Unknown
Q8NGL4	Unknown
Q8NGL6	Unknown
Q8NGL7	Unknown
Q8NGL9	Unknown
Q8NGM1	Unknown
Q8NGM8	Unknown
Q8NGN0	Unknown
Q8NGN1	Unknown
Q8NGN2	Unknown
Q8NGN4	Unknown
Q8NGN5	Unknown
Q8NGN6	Unknown
Q8NGN7	Unknown
Q8NGN8	Unknown
Q8NGP0	Unknown
Q8NGP2	Unknown
Q8NGP3	Unknown
Q8NGP4	Unknown
Q8NGP6	Unknown
Q8NGP8	Unknown
Q8NGP9	Unknown
Q8NGQ2	Unknown
Q8NGQ3	Unknown
Q8NGQ4	Unknown
Q8NGQ5	Unknown
Q8NGQ6	Unknown
Q8NGR1	Unknown
Q8NGR3	Unknown
Q8NGR4	Unknown
Q8NGR5	Unknown
Q8NGR8	Unknown
Q8NGR9	Unknown
Q8NGS0	Unknown
Q8NGS1	Unknown
Q8NGS3	Unknown
Q8NGS4	Unknown
Q8NGS5	Unknown
Q8NGS6	Unknown
Q8NGS7	Unknown
Q8NGS9	Unknown
Q8NGT1	Unknown
Q8NGT2	Unknown
Q8NGT5	Unknown
Q8NGT7	Unknown
Q8NGT9	Unknown
Q8NGU1	Unknown
Q8NGU2	Unknown
Q8NGU4	Unknown
Q8NGU9	Unknown
Q8NGV0	Unknown
Q8NGV5	Unknown
Q8NGV7	Unknown
Q8NGX0	Unknown
Q8NGX1	Unknown
Q8NGX2	Unknown
Q8NGX5	Unknown
Q8NGX6	Unknown
Q8NGX8	Unknown
Q8NGX9	Unknown
Q8NGY1	Unknown
Q8NGY2	Unknown
Q8NGY5	Unknown
Q8NGY6	Unknown
Q8NGY7	Unknown
Q8NGY9	Unknown
Q8NGZ0	Unknown
Q8NGZ2	Unknown
Q8NGZ3	Unknown
Q8NGZ4	Unknown
Q8NGZ5	Unknown
Q8NGZ6	Unknown
Q8NGZ9	Unknown
Q8NH00	Unknown
Q8NH01	Unknown
Q8NH02	Unknown
Q8NH03	Unknown
Q8NH04	Unknown
Q8NH05	Unknown
Q8NH06	Unknown
Q8NH07	Unknown
Q8NH08	Unknown
Q8NH09	Unknown
Q8NH10	Unknown
Q8NH16	Unknown
Q8NH18	Unknown
Q8NH37	Unknown
Q8NH40	Unknown
Q8NH41	Unknown
Q8NH42	Unknown
Q8NH49	Unknown
Q8NH50	Unknown
Q8NH51	Unknown
Q8NH53	Unknown
Q8NH54	Unknown
Q8NH55	Unknown
Q8NH56	Unknown
Q8NH57	Unknown
Q8NH60	Unknown
Q8NH61	Unknown
Q8NH63	Unknown
Q8NH64	Unknown
Q8NH67	Unknown
Q8NH70	Unknown
Q8NH72	Unknown
Q8NH73	Unknown
Q8NH74	Unknown
Q8NH76	Unknown
Q8NH79	Unknown
Q8NH80	Unknown
Q8NH81	Unknown
Q8NH83	Unknown
Q8NH89	Unknown
Q8NH90	Unknown
Q8NH93	Unknown
Q8NH95	Unknown
Q8NHA4	Unknown
Q8NHA6	Unknown
Q8NHA8	Unknown
Q8NHB1	Unknown
Q8NHB7	Unknown
Q8NHB8	Unknown
Q8NHC5	Unknown
Q8NHC6	Unknown
Q8NHC7	Unknown
Q8NHR9	Unknown
Q8NHS2	Unknown
Q8NHS4	Unknown
Q8NHU0	Unknown
Q8NHW5	Unknown
Q8NHW6	Unknown
Q8NHY5	Unknown
Q8TA94	Unknown
Q8TAA1	Unknown
Q8TAI1	Unknown
Q8TAV0	Unknown
Q8TAV5	Unknown
Q8TAW3	Unknown
Q8TAY7	Unknown
Q8TB22	Unknown
Q8TB69	Unknown
Q8TBR7	Unknown
Q8TC17	Unknown
Q8TCB0	Unknown
Q8TCN5	Unknown
Q8TD55	Unknown
Q8TD86	Unknown
Q8TDU5	Unknown
Q8TE96	Unknown
Q8TEE9	Unknown
Q8TEQ0	3.A.34.1.1;
Q8TF08	3.D.4.11.1;
Q8TF20	Unknown
Q8TF27	Unknown
Q8TF32	Unknown
Q8TF44	Unknown
Q8TF61	Unknown
Q8WTP9	Unknown
Q8WTR8	Unknown
Q8WTU2	Unknown
Q8WU76	Unknown
Q8WUD4	Unknown
Q8WUH6	8.A.101.1.1;
Q8WUR7	Unknown
Q8WUS8	Unknown
Q8WUT9	2.A.29.23.7;
Q8WUY9	Unknown
Q8WV15	9.B.200.1.2;
Q8WV83	2.A.7.24.6;
Q8WVC6	Unknown
Q8WVE6	Unknown
Q8WVF2	Unknown
Q8WVI7	Unknown
Q8WW18	Unknown
Q8WW32	Unknown
Q8WW33	Unknown
Q8WW36	Unknown
Q8WW52	Unknown
Q8WW62	Unknown
Q8WWA1	Unknown
Q8WWU7	Unknown
Q8WWX0	Unknown
Q8WX39	Unknown
Q8WXE0	Unknown
Q8WXF5	Unknown
Q8WXJ9	Unknown
Q8WXT5	Unknown
Q8WYK1	Unknown
Q8WZ33	Unknown
Q8WZ71	Unknown
Q8WZ92	Unknown
Q8WZA0	Unknown
Q92527	Unknown
Q92576	Unknown
Q92670	Unknown
Q93083	Unknown
Q969E1	Unknown
Q969M1	Unknown
Q969W3	Unknown
Q969Y0	Unknown
Q96AB3	Unknown
Q96AQ9	Unknown
Q96B33	1.H.1.1.4;
Q96BJ8	Unknown
Q96BM0	Unknown
Q96BQ5	Unknown
Q96BX8	Unknown
Q96C34	Unknown
Q96C57	Unknown
Q96C90	Unknown
Q96CD0	Unknown
Q96CS4	Unknown
Q96CT2	Unknown
Q96DC7	Unknown
Q96DD0	Unknown
Q96DL1	Unknown
Q96DS6	Unknown
Q96DY2	Unknown
Q96E16	Unknown
Q96E39	Unknown
Q96E66	Unknown
Q96EH5	Unknown
Q96EI5	Unknown
Q96EK2	Unknown
Q96EL2	Unknown
Q96ES6	Unknown
Q96ET8	Unknown
Q96EZ4	Unknown
Q96F63	Unknown
Q96FB5	Unknown
Q96FV0	Unknown
Q96G27	Unknown
Q96GE5	Unknown
Q96GT9	Unknown
Q96GU1	Unknown
Q96H12	Unknown
Q96H40	Unknown
Q96H79	Unknown
Q96HA4	Unknown
Q96HP4	Unknown
Q96HV5	9.B.27.1.9;
Q96IC2	Unknown
Q96IM9	Unknown
Q96JF6	Unknown
Q96JM4	Unknown
Q96K17	Unknown
Q96K37	2.A.7.9.9;
Q96K75	Unknown
Q96KC9	Unknown
Q96KD3	Unknown
Q96KF2	Unknown
Q96KJ4	Unknown
Q96KT7	2.A.7.28.5;
Q96KV6	Unknown
Q96KW9	Unknown
Q96L03	Unknown
Q96L11	Unknown
Q96LB0	Unknown
Q96LK8	Unknown
Q96LQ0	Unknown
Q96LT6	Unknown
Q96LU5	Unknown
Q96LW1	Unknown
Q96M20	Unknown
Q96M34	Unknown
Q96M43	Unknown
Q96M53	Unknown
Q96M93	Unknown
Q96MC5	Unknown
Q96MF6	Unknown
Q96MK2	Unknown
Q96MN5	Unknown
Q96MR9	Unknown
Q96MS3	Unknown
Q96MU6	Unknown
Q96MW1	Unknown
Q96MY1	Unknown
Q96N20	Unknown
Q96N22	Unknown
Q96N46	Unknown
Q96NA8	Unknown
Q96ND8	Unknown
Q96NG8	Unknown
Q96NI8	Unknown
Q96NJ3	Unknown
Q96NJ5	Unknown
Q96NJ6	Unknown
Q96NS1	Unknown
Q96NS5	Unknown
Q96NT1	Unknown
Q96P64	Unknown
Q96P67	Unknown
Q96P88	Unknown
Q96PG2	1.A.37.2.1;
Q96PI1	Unknown
Q96PT3	Unknown
Q96PT4	Unknown
Q96PX6	Unknown
Q96QA6	Unknown
Q96QD5	Unknown
Q96QE4	8.A.43.1.43;
Q96QH8	Unknown
Q96QK8	Unknown
Q96R05	Unknown
Q96R08	Unknown
Q96R09	Unknown
Q96R27	Unknown
Q96R28	Unknown
Q96R30	Unknown
Q96R45	Unknown
Q96R47	Unknown
Q96R54	Unknown
Q96R67	Unknown
Q96R69	Unknown
Q96R72	Unknown
Q96R84	Unknown
Q96RB7	Unknown
Q96RC9	Unknown
Q96RD0	Unknown
Q96RD1	Unknown
Q96RD2	Unknown
Q96RD3	Unknown
Q96RM1	Unknown
Q96RT6	Unknown
Q96S19	Unknown
Q96S86	Unknown
Q96S95	Unknown
Q96SF2	Unknown
Q96SL8	Unknown
Q96T25	Unknown
Q96T75	Unknown
Q96TA0	Unknown
Q99463	Unknown
Q99470	Unknown
Q99603	Unknown
Q99676	Unknown
Q99679	Unknown
Q99680	Unknown
Q9BPW4	Unknown
Q9BQ13	Unknown
Q9BQ48	Unknown
Q9BQ75	Unknown
Q9BQD1	Unknown
Q9BQE6	Unknown
Q9BQP9	Unknown
Q9BQS6	Unknown
Q9BQY6	Unknown
Q9BR09	Unknown
Q9BR10	Unknown
Q9BR26	1.N.1.1.1;
Q9BR77	Unknown
Q9BRH9	Unknown
Q9BRP7	Unknown
Q9BSC4	Unknown
Q9BSG5	9.B.92.2.1;
Q9BSJ1	Unknown
Q9BSK0	Unknown
Q9BSY4	Unknown
Q9BTE0	Unknown
Q9BTV7	Unknown
Q9BTY7	Unknown
Q9BUA6	Unknown
Q9BUJ0	Unknown
Q9BV87	Unknown
Q9BV97	Unknown
Q9BVM2	Unknown
Q9BVV8	Unknown
Q9BW72	8.A.112.1.5;
Q9BWD3	Unknown
Q9BWM5	Unknown
Q9BWT6	Unknown
Q9BWV2	Unknown
Q9BWW9	Unknown
Q9BX51	Unknown
Q9BX69	Unknown
Q9BX73	Unknown
Q9BXJ2	Unknown
Q9BXM9	Unknown
Q9BXN6	Unknown
Q9BXU8	Unknown
Q9BXW7	Unknown
Q9BXX2	Unknown
Q9BXX3	Unknown
Q9BXY0	Unknown
Q9BXY5	Unknown
Q9BY19	Unknown
Q9BY31	Unknown
Q9BY60	Unknown
Q9BY71	Unknown
Q9BY89	Unknown
Q9BYD9	Unknown
Q9BYE4	Unknown
Q9BYG7	Unknown
Q9BYJ0	Unknown
Q9BYT5	Unknown
Q9BYU5	Unknown
Q9BZE3	Unknown
Q9BZK3	Unknown
Q9BZW5	8.A.93.2.4;
Q9C010	Unknown
Q9C0B7	Unknown
Q9C0B9	Unknown
Q9C0D4	Unknown
Q9C0I3	Unknown
Q9C0I9	Unknown
Q9C0K3	Unknown
Q9GIP4	Unknown
Q9GZK3	Unknown
Q9GZK7	Unknown
Q9GZM3	Unknown
Q9GZN6	2.A.22.6.5;
Q9GZN8	Unknown
Q9GZP8	Unknown
Q9GZU3	Unknown
Q9GZW5	Unknown
Q9GZY1	Unknown
Q9H0K4	Unknown
Q9H0M5	Unknown
Q9H0R4	Unknown
Q9H106	Unknown
Q9H114	Unknown
Q9H195	Unknown
Q9H1C3	Unknown
Q9H1C7	Unknown
Q9H1H1	Unknown
Q9H1K6	Unknown
Q9H1M0	Unknown
Q9H1M3	Unknown
Q9H1Q7	Unknown
Q9H1Z4	Unknown
Q9H2C5	Unknown
Q9H2I8	Unknown
Q9H2Z4	Unknown
Q9H321	Unknown
Q9H322	Unknown
Q9H343	Unknown
Q9H344	Unknown
Q9H346	Unknown
Q9H3H9	Unknown
Q9H3V2	Unknown
Q9H3W5	Unknown
Q9H3Y0	Unknown
Q9H3Y8	Unknown
Q9H425	Unknown
Q9H4I0	Unknown
Q9H5J0	Unknown
Q9H628	Unknown
Q9H6B1	Unknown
Q9H6Y5	Unknown
Q9H7J1	Unknown
Q9H7L2	Unknown
Q9H7X2	Unknown
Q9H7Y0	Unknown
Q9H819	Unknown
Q9H841	2.A.7.25.10;
Q9H853	Unknown
Q9H8G1	Unknown
Q9H8G2	Unknown
Q9H8M1	Unknown
Q9H8S5	Unknown
Q9H8U3	Unknown
Q9H939	Unknown
Q9H963	Unknown
Q9H972	Unknown
Q9H9S3	3.A.5.9.1;
Q9H9S4	Unknown
Q9HA90	Unknown
Q9HAH1	Unknown
Q9HB31	Unknown
Q9HBF5	Unknown
Q9HBJ0	Unknown
Q9HBL6	Unknown
Q9HBL7	Unknown
Q9HBT7	Unknown
Q9HC44	Unknown
Q9HC57	Unknown
Q9HCE3	Unknown
Q9HCJ3	Unknown
Q9HCJ5	Unknown
Q9HCK1	Unknown
Q9HCL3	Unknown
Q9HCM7	Unknown
Q9HCS5	Unknown
Q9HCZ1	Unknown
Q9HD45	Unknown
Q9HDB8	Unknown
Q9NNX9	Unknown
Q9NNZ3	Unknown
Q9NNZ6	Unknown
Q9NQ35	Unknown
Q9NQF3	Unknown
Q9NRC9	Unknown
Q9NRD0	Unknown
Q9NRP2	Unknown
Q9NS67	Unknown
Q9NS85	Unknown
Q9NSJ1	Unknown
Q9NSY2	Unknown
Q9NU23	Unknown
Q9NUG4	Unknown
Q9NUZ1	Unknown
Q9NVA4	Unknown
Q9NVE4	Unknown
Q9NVM1	Unknown
Q9NVM6	Unknown
Q9NVR0	Unknown
Q9NW07	Unknown
Q9NW61	Unknown
Q9NW82	Unknown
Q9NWL6	Unknown
Q9NX00	8.A.184.1.1;
Q9NX05	Unknown
Q9NX31	Unknown
Q9NX77	Unknown
Q9NXD2	Unknown
Q9NXH8	Unknown
Q9NXJ0	Unknown
Q9NXP7	Unknown
Q9NXS3	Unknown
Q9NXT0	Unknown
Q9NXU5	Unknown
Q9NXZ1	Unknown
Q9NY87	Unknown
Q9NYF3	Unknown
Q9NYS7	Unknown
Q9NYT0	Unknown
Q9NYT6	Unknown
Q9NZF1	Unknown
Q9NZH4	Unknown
Q9NZP0	Unknown
Q9NZP2	Unknown
Q9NZP5	Unknown
Q9P016	Unknown
Q9P1A2	Unknown
Q9P1P4	Unknown
Q9P1P5	Unknown
Q9P1Q5	Unknown
Q9P1V8	Unknown
Q9P1Z9	Unknown
Q9P215	Unknown
Q9P255	Unknown
Q9P281	Unknown
Q9P2B7	Unknown
Q9P2C4	8.A.56.1.5;
Q9P2D6	Unknown
Q9P2F5	Unknown
Q9P2S6	Unknown
Q9P2Z0	Unknown
Q9UBI9	Unknown
Q9UC06	Unknown
Q9UD57	Unknown
Q9UDX4	Unknown
Q9UF02	Unknown
Q9UF47	Unknown
Q9UFN0	Unknown
Q9UG63	3.A.1.121.11;
Q9UGF5	Unknown
Q9UGF6	Unknown
Q9UGF7	Unknown
Q9UGV2	Unknown
Q9UH36	Unknown
Q9UIG5	Unknown
Q9UJ72	Unknown
Q9UJC5	Unknown
Q9UJH8	Unknown
Q9UJJ7	Unknown
Q9UJN7	Unknown
Q9UJT0	Unknown
Q9UK10	Unknown
Q9UK28	8.A.84.1.1;
Q9UKI3	Unknown
Q9UKQ9	Unknown
Q9UKY7	Unknown
Q9UL59	Unknown
Q9ULD9	Unknown
Q9ULL0	Unknown
Q9ULM0	Unknown
Q9UMS5	1.A.152.1.2;
Q9UND3	1.I.1.1.3;
Q9UNX3	Unknown
Q9UPR6	Unknown
Q9UQ74	Unknown
Q9XRX5	Unknown
Q9Y225	Unknown
Q9Y236	Unknown
Q9Y242	Unknown
Q9Y247	Unknown
Q9Y291	Unknown
Q9Y2E4	Unknown
Q9Y2F9	Unknown
Q9Y2G7	Unknown
Q9Y2H5	Unknown
Q9Y2K5	Unknown
Q9Y2L8	Unknown
Q9Y2P0	Unknown
Q9Y2R5	Unknown
Q9Y2S6	Unknown
Q9Y312	Unknown
Q9Y343	3.A.34.1.1;
Q9Y3B1	Unknown
Q9Y3B9	Unknown
Q9Y3C1	Unknown
Q9Y3D5	Unknown
Q9Y3M9	Unknown
Q9Y3N9	Unknown
Q9Y3P4	Unknown
Q9Y3T6	Unknown
Q9Y3X0	Unknown
Q9Y485	8.A.92.1.18;
Q9Y4A0	Unknown
Q9Y4A9	Unknown
Q9Y4E6	Unknown
Q9Y4F5	Unknown
Q9Y519	2.A.82.1.3;
Q9Y534	Unknown
Q9Y536	Unknown
Q9Y581	Unknown
Q9Y5P0	Unknown
Q9Y5P2	Unknown
Q9Y5Y3	Unknown
Q9Y605	Unknown
Q9Y614	Unknown
Q9Y693	1.A.82.1.6;
Q9Y6F7	Unknown
Q9Y6R6	Unknown
Q9Y6U7	Unknown
Q9Y6X4	Unknown
A0A024R1R8	Unknown
A0A075B6S0	Unknown
A0A075B6Y3	Unknown
A0A075B6Y9	Unknown
A0A075B700	Unknown
A0A075B706	Unknown
A0A075B759	Unknown
A0A087WTH1	Unknown
A0A087WUL8	Unknown
A0A087WWS6	Unknown
A0A087WXS9	Unknown
A0A087X1G2	Unknown
A0A096LNP1	Unknown
A0A096LP49	Unknown
A0A096LPK9	Unknown
A0A0A0MT70	Unknown
A0A0A0MT76	Unknown
A0A0A0MT78	Unknown
A0A0A0MT87	Unknown
A0A0A0MT89	Unknown
A0A0A0MT94	Unknown
A0A0A0MTA4	Unknown
A0A0A0MTA7	Unknown
A0A0B4J200	Unknown
A0A0B4J2A2	Unknown
A0A0C4DH62	Unknown
A0A0D9SF12	Unknown
A0A0G2JMD5	Unknown
A0A0J9YWL9	Unknown
A0A0J9YWP8	Unknown
A0A0J9YWX3	Unknown
A0A0J9YX06	Unknown
A0A0J9YX57	Unknown
A0A0J9YXA8	Unknown
A0A0J9YXG5	Unknown
A0A0J9YXM7	Unknown
A0A0J9YXV3	Unknown
A0A0J9YY54	Unknown
A0A0U1RQE8	Unknown
A0A0U1RQI7	Unknown
A0A0U1RR11	Unknown
A0A0U1RRI6	Unknown
A0A0U1RRK4	Unknown
A0A0U1RRL7	Unknown
A0A0X1KG70	Unknown
A0A183	Unknown
A0A1B0GTD5	Unknown
A0A1B0GTH6	Unknown
A0A1B0GTH9	Unknown
A0A1B0GTI8	Unknown
A0A1B0GTL2	Unknown
A0A1B0GTR0	Unknown
A0A1B0GTR4	Unknown
A0A1B0GTS1	Unknown
A0A1B0GTU1	Unknown
A0A1B0GTY4	Unknown
A0A1B0GTZ2	Unknown
A0A1B0GUA7	Unknown
A0A1B0GUI7	Unknown
A0A1B0GUJ8	Unknown
A0A1B0GUV7	Unknown
A0A1B0GUW6	Unknown
A0A1B0GUW7	Unknown
A0A1B0GUX0	Unknown
A0A1B0GUY1	Unknown
A0A1B0GV03	Unknown
A0A1B0GV85	Unknown
A0A1B0GVB3	Unknown
A0A1B0GVG4	Unknown
A0A1B0GVH7	Unknown
A0A1B0GVK7	Unknown
A0A1B0GVN3	Unknown
A0A1B0GVQ3	Unknown
A0A1B0GVR7	Unknown
A0A1B0GVS7	Unknown
A0A1B0GVV1	Unknown
A0A1B0GVX0	Unknown
A0A1B0GVY4	Unknown
A0A1B0GVZ6	Unknown
A0A1B0GW64	Unknown
A0A1B0GWB2	Unknown
A0A1B0GWH4	Unknown
A0A1B0GWH6	Unknown
A0A1B0GWK0	Unknown
A0A1W2PP81	Unknown
A0A1W2PPE2	Unknown
A0A1W2PPF3	Unknown
A0A1W2PPG7	Unknown
A0A1W2PPH5	Unknown
A0A1W2PPK0	Unknown
A0A1W2PPL8	Unknown
A0A1W2PPW3	Unknown
A0A1W2PQ09	Unknown
A0A1W2PQ27	Unknown
A0A1W2PQ64	Unknown
A0A1W2PQ72	Unknown
A0A1W2PQ73	Unknown
A0A1W2PQC6	Unknown
A0A1W2PQJ5	Unknown
A0A1W2PQL4	Unknown
A0A1W2PQU2	Unknown
A0A1W2PR48	Unknown
A0A1W2PR64	Unknown
A0A1W2PR75	Unknown
A0A1W2PR95	Unknown
A0A1W2PRP0	Unknown
A0A1W2PRV1	Unknown
A0A1W2PS18	Unknown
A0A286YEV6	Unknown
A0A286YEX9	Unknown
A0A286YEY9	Unknown
A0A286YF01	Unknown
A0A286YF46	Unknown
A0A286YF58	Unknown
A0A286YF60	Unknown
A0A286YF77	Unknown
A0A286YFB4	Unknown
A0A286YFG1	Unknown
A0A2R8Y4L2	Unknown
A0A2R8Y4Y8	Unknown
A0A2R8Y7Y5	Unknown
A0A2R8YCJ5	Unknown
A0A2R8YFL7	Unknown
A0A2R8YFM6	Unknown
A0A3B3IRV3	Unknown
A0A3B3IT33	Unknown
A0A3B3IU46	Unknown
A0A3G1DJK2	Unknown
A0A3G1DJN1	Unknown
A0A3G1DJQ2	Unknown
A0A494BZU4	Unknown
A0A494C071	Unknown
A0A494C086	Unknown
A0A494C0Z2	Unknown
A0A494C103	Unknown
A0A494C191	Unknown
A0A494C1I1	Unknown
A0A5F9ZHS7	Unknown
A0A6I8PU40	Unknown
A0A7I2V3R4	Unknown
A0A8V8TMC4	Unknown
A0A8V8TNH8	Unknown
A0A8V8TPE2	Unknown
A0PG75	Unknown
A0PJX8	Unknown
A0PJZ0	Unknown
A0ZSE6	Unknown
A1A4G5	Unknown
A1L157	Unknown
A1L162	Unknown
A1L170	Unknown
A1L429	Unknown
A1L443	Unknown
A2A2Z9	Unknown
A2A368	Unknown
A2RU37	Unknown
A2RU67	Unknown
A2RUQ5	Unknown
A2RUT3	Unknown
A3QJZ6	Unknown
A3QJZ7	Unknown
A4D1E1	Unknown
A4D1F6	Unknown
A4D1Z8	Unknown
A4D263	Unknown
A4FU28	Unknown
A4IF30	2.A.7.24.14;
A4QPB2	Unknown
A5PLL1	Unknown
A5YM69	Unknown
A6NC05	Unknown
A6NC57	Unknown
A6NC62	Unknown
A6NC97	Unknown
A6NCF5	Unknown
A6NCF6	Unknown
A6NCI5	Unknown
A6NCI8	Unknown
A6NCJ1	Unknown
A6NCK2	Unknown
A6NCL2	Unknown
A6NCL7	Unknown
A6NCN8	Unknown
A6NCQ9	Unknown
A6ND91	Unknown
A6NDE8	Unknown
A6NDK9	Unknown
A6NDL7	Unknown
A6NDX4	Unknown
A6NDY2	Unknown
A6NDZ8	Unknown
A6NE01	Unknown
A6NE02	Unknown
A6NE82	Unknown
A6NEE1	Unknown
A6NEF3	Unknown
A6NEH6	Unknown
A6NEH8	Unknown
A6NEK1	Unknown
A6NEL3	Unknown
A6NEN9	Unknown
A6NEQ2	Unknown
A6NER3	Unknown
A6NEV1	Unknown
A6NEY8	Unknown
A6NF01	1.I.1.1.3;
A6NFA0	Unknown
A6NFE2	Unknown
A6NFF2	Unknown
A6NFH5	Unknown
A6NFN9	Unknown
A6NFT4	Unknown
A6NFU0	Unknown
A6NFU8	Unknown
A6NFY4	Unknown
A6NFZ4	Unknown
A6NGA9	8.A.16.3.2;
A6NGB0	Unknown
A6NGB7	Unknown
A6NGE4	Unknown
A6NGG3	Unknown
A6NGH7	Unknown
A6NGH8	Unknown
A6NGK3	Unknown
A6NGN4	Unknown
A6NGR9	Unknown
A6NGS2	Unknown
A6NGU7	Unknown
A6NGW2	Unknown
A6NGY1	Unknown
A6NGZ8	Unknown
A6NH11	Unknown
A6NH13	Unknown
A6NHN6	Unknown
A6NHP3	Unknown
A6NHY2	Unknown
A6NHZ5	Unknown
A6NI03	Unknown
A6NI47	Unknown
A6NI56	Unknown
A6NI86	Unknown
A6NIE6	Unknown
A6NIJ5	Unknown
A6NIK2	Unknown
A6NIN4	Unknown
A6NIV6	Unknown
A6NIY4	Unknown
A6NJ08	Unknown
A6NJ64	Unknown
A6NJ69	Unknown
A6NJ88	Unknown
A6NJG2	Unknown
A6NJJ6	Unknown
A6NJQ4	Unknown
A6NJR5	Unknown
A6NJU9	Unknown
A6NJY1	Unknown
A6NK44	Unknown
A6NKC0	Unknown
A6NKC9	Unknown
A6NKF7	Unknown
A6NKH3	Unknown
A6NKL6	Unknown
A6NKN8	Unknown
A6NKP2	Unknown
A6NKU9	Unknown
A6NKW6	Unknown
A6NLC5	Unknown
A6NLC8	Unknown
A6NLE4	Unknown
A6NLI5	Unknown
A6NLU5	Unknown
A6NLX4	Unknown
A6NM36	Unknown
A6NM62	Unknown
A6NMA1	Unknown
A6NMD0	Unknown
A6NMD2	Unknown
A6NMK7	Unknown
A6NMK8	Unknown
A6NN73	Unknown
A6NN90	Unknown
A6NNA2	Unknown
A6NNC1	Unknown
A6NNJ1	Unknown
A6NNL0	Unknown
A6NNL5	Unknown
A6NNT2	Unknown
A6NNV3	Unknown
A6PVI3	Unknown
A6PVY3	Unknown
A7E2S9	Unknown
A8K010	Unknown
A8MQ11	Unknown
A8MQ14	Unknown
A8MQB3	Unknown
A8MRT5	Unknown
A8MSI8	Unknown
A8MT19	Unknown
A8MT33	Unknown
A8MT65	Unknown
A8MTB9	Unknown
A8MTT3	Unknown
A8MTW9	Unknown
A8MUL3	Unknown
A8MUN3	Unknown
A8MUP6	Unknown
A8MUU1	Unknown
A8MUX0	Unknown
A8MUZ8	Unknown
A8MV57	Unknown
A8MVJ9	Unknown
A8MVX0	Unknown
A8MWA6	Unknown
A8MWL6	Unknown
A8MWL7	Unknown
A8MWV9	Unknown
A8MX19	Unknown
A8MX34	Unknown
A8MXJ8	Unknown
A8MXQ7	Unknown
A8MXT2	Unknown
A8MXV6	Unknown
A8MXZ1	Unknown
A8MYA2	Unknown
A8MYB1	Unknown
A8MYZ0	Unknown
A8MZ36	Unknown
A8MZ97	Unknown
A8MZA4	Unknown
A8MZH6	Unknown
B0FP48	8.A.90.2.3;
B1AH88	Unknown
B1AK76	Unknown
B1AL46	Unknown
B1ANH7	Unknown
B1ANS9	Unknown
B1ANY3	Unknown
B1ATL7	Unknown
B2RBV5	Unknown
B2RD01	Unknown
B2RV13	Unknown
B2RXF0	Unknown
B3GLJ2	Unknown
B3KS81	Unknown
B4DYI2	Unknown
B4DZS4	Unknown
B4E2M5	Unknown
B5MCY1	Unknown
B5MD39	Unknown
B6SEH8	Unknown
B6SEH9	Unknown
B7Z1M9	Unknown
B7Z368	Unknown
B7Z6K7	Unknown
B7ZW38	Unknown
C0HLS1	Unknown
C0HME5	Unknown
C9J202	Unknown
C9J3V5	Unknown
C9J7I0	Unknown
C9JBD0	Unknown
C9JG80	Unknown
C9JI98	Unknown
C9JJ37	Unknown
C9JL84	Unknown
C9JN71	Unknown
C9JTQ0	Unknown
C9JVW0	8.A.135.2.1;
D3DTV9	Unknown
D6RBM5	Unknown
D6REC4	Unknown
D6RF30	Unknown
D6RGX4	Unknown
E5RG02	Unknown
E5RHQ5	Unknown
E5RIL1	Unknown
E5RJ46	Unknown
E5RJM6	Unknown
E5RQL4	Unknown
E7ERA6	Unknown
E7EW31	Unknown
E9PGG2	Unknown
E9PI22	Unknown
E9PJ23	Unknown
E9PJI5	Unknown
E9PKD4	Unknown
E9PQR5	Unknown
F2Z333	Unknown
F5GYI3	Unknown
F5H284	Unknown
F5H4A9	Unknown
F5H4B4	Unknown
F8VTS6	Unknown
F8W0I5	Unknown
F8W1W9	Unknown
F8WBI6	Unknown
F8WCM5	Unknown
G3V211	Unknown
H0UI37	Unknown
H0Y354	Unknown
H0Y7S4	Unknown
H0YKK7	Unknown
H0YM25	Unknown
H3BPF8	Unknown
H3BPM6	Unknown
H3BQB6	Unknown
H3BQJ8	Unknown
H3BQL2	Unknown
H3BQW9	Unknown
H3BR10	Unknown
H3BS89	Unknown
H3BTG2	Unknown
H3BU77	Unknown
H3BUK9	Unknown
H3BV12	Unknown
H7BZ55	Unknown
H7C241	Unknown
H7C350	Unknown
I1YAP6	Unknown
I3L0S3	Unknown
I3L1E1	Unknown
I3L3L1	Unknown
I6L899	Unknown
K7EIQ3	Unknown
M0QZC1	Unknown
O00193	Unknown
O14603	Unknown
O14609	Unknown
O14683	Unknown
O15172	Unknown
O15428	Unknown
O43261	Unknown
O43304	Unknown
O60688	Unknown
O60813	Unknown
O75200	Unknown
O75264	Unknown
O75391	Unknown
O76042	Unknown
O95177	Unknown
O95397	Unknown
O95473	Unknown
O95561	Unknown
O95567	Unknown
O95626	Unknown
O95873	Unknown
O96002	Unknown
P09565	Unknown
P0C221	Unknown
P0C2L3	Unknown
P0C2S0	Unknown
P0C2W7	Unknown
P0C2Y1	Unknown
P0C671	Unknown
P0C672	Unknown
P0C6C1	Unknown
P0C6P0	Unknown
P0C7L1	Unknown
P0C7M6	Unknown
P0C7M8	Unknown
P0C7N4	Unknown
P0C7N5	Unknown
P0C7N8	Unknown
P0C7P2	Unknown
P0C7Q5	2.A.7.28.4;
P0C7T7	Unknown
P0C7T8	Unknown
P0C7V0	Unknown
P0C7V4	Unknown
P0C7V6	Unknown
P0C7V8	Unknown
P0C7V9	Unknown
P0C7W0	Unknown
P0C7W8	Unknown
P0C7W9	Unknown
P0C7X0	Unknown
P0C7X3	Unknown
P0C853	Unknown
P0C854	Unknown
P0C864	Unknown
P0C866	Unknown
P0C874	Unknown
P0CAT3	Unknown
P0CB33	Unknown
P0CB48	Unknown
P0CE71	Unknown
P0CF75	Unknown
P0CG23	Unknown
P0CG24	Unknown
P0CG32	Unknown
P0CG33	Unknown
P0CG41	Unknown
P0CI00	Unknown
P0CI01	Unknown
P0CJ68	Unknown
P0CJ69	Unknown
P0CJ70	Unknown
P0CJ71	Unknown
P0CJ73	Unknown
P0CJ74	Unknown
P0CJ75	Unknown
P0CJ76	Unknown
P0CJ77	Unknown
P0CJ78	Unknown
P0CJ85	Unknown
P0CJ86	Unknown
P0CJ87	Unknown
P0CJ88	Unknown
P0CJ89	Unknown
P0CJ90	Unknown
P0CJ92	Unknown
P0CL80	Unknown
P0CL81	Unknown
P0CL83	Unknown
P0CL84	Unknown
P0CL85	Unknown
P0CW19	Unknown
P0CW21	Unknown
P0CW24	Unknown
P0CW27	Unknown
P0DI80	1.A.113.5.1;
P0DJ93	Unknown
P0DJG4	Unknown
P0DJH9	Unknown
P0DJR0	Unknown
P0DKX0	Unknown
P0DKX4	Unknown
P0DL12	Unknown
P0DMB1	Unknown
P0DMB2	Unknown
P0DMP1	Unknown
P0DMQ5	8.A.135.2.2;
P0DMR1	Unknown
P0DMR2	Unknown
P0DMR3	Unknown
P0DMT0	1.A.50.3.1;
P0DMU7	Unknown
P0DMU8	Unknown
P0DMV0	Unknown
P0DN25	Unknown
P0DN26	Unknown
P0DO92	Unknown
P0DO97	Unknown
P0DOY5	Unknown
P0DP42	Unknown
P0DP75	Unknown
P0DPA3	Unknown
P0DPD5	Unknown
P0DPE3	Unknown
P0DPF2	Unknown
P0DPF6	Unknown
P0DPH9	Unknown
P0DPI3	Unknown
P0DPI4	Unknown
P0DPQ3	Unknown
P0DPR3	Unknown
P0DQW0	Unknown
P0DSN6	Unknown
P0DSO1	Unknown
P0DSO2	Unknown
P0DSO3	Unknown
P0DTA3	Unknown
P0DTE0	Unknown
P0DTF9	Unknown
P0DTL4	Unknown
P0DUD1	Unknown
P0DUD2	Unknown
P0DUD3	Unknown
P0DUD4	Unknown
P0DUQ1	Unknown
P0DUX0	Unknown
P0DUX1	Unknown
P0DV73	Unknown
P0DV74	Unknown
P0DV75	Unknown
P0DV76	Unknown
P0DV79	Unknown
P0DW11	Unknown
P0DW12	Unknown
P0DW13	Unknown
P0DW14	Unknown
P0DW85	Unknown
P0DX00	Unknown
P0DX01	Unknown
P0DX02	Unknown
P0DX04	Unknown
P0DX52	Unknown
P0DY27	Unknown
P0DY57	Unknown
P49223	Unknown
P56555	Unknown
P58505	Unknown
P58512	Unknown
P58550	Unknown
P59036	Unknown
P59037	Unknown
P59052	Unknown
P59091	Unknown
P59095	Unknown
P60606	Unknown
P61568	Unknown
P61571	Unknown
P61572	Unknown
P61573	Unknown
P61574	Unknown
P61575	Unknown
P61576	Unknown
P61578	Unknown
P61579	Unknown
P61580	Unknown
P61581	Unknown
P61582	Unknown
P61583	Unknown
P86434	Unknown
P86478	Unknown
P86481	Unknown
P86496	Unknown
P86790	Unknown
Q05C16	Unknown
Q08AI8	Unknown
Q08E93	Unknown
Q0D2K2	Unknown
Q0D2K5	Unknown
Q0IIN9	Unknown
Q0P5P2	Unknown
Q0P641	Unknown
Q0P670	Unknown
Q0P6H9	Unknown
Q0VAA2	Unknown
Q0VDI3	Unknown
Q0VF49	Unknown
Q0Z7S8	Unknown
Q12766	Unknown
Q13070	Unknown
Q13278	Unknown
Q13670	Unknown
Q14236	Unknown
Q147U7	Unknown
Q15053	Unknown
Q15195	Unknown
Q156A1	Unknown
Q15846	Unknown
Q15940	Unknown
Q16473	Unknown
Q17RA5	Unknown
Q17RM4	Unknown
Q17RP2	Unknown
Q17RQ9	Unknown
Q1A5X6	Unknown
Q1A5X7	Unknown
Q1AE95	Unknown
Q1T7F1	Unknown
Q1W209	Unknown
Q2M238	Unknown
Q2M243	Unknown
Q2M2E5	Unknown
Q2M3A8	Unknown
Q2TAM9	Unknown
Q30KP9	Unknown
Q30KQ7	Unknown
Q32M84	Unknown
Q32M92	Unknown
Q3B7S5	Unknown
Q3C1V0	Unknown
Q3C1V1	Unknown
Q3C1V9	Unknown
Q3KRA6	Unknown
Q3LHN0	Unknown
Q3LHN1	Unknown
Q3LI54	Unknown
Q3LI58	Unknown
Q3LI60	Unknown
Q3LI62	Unknown
Q3LI63	Unknown
Q3LI68	Unknown
Q3MIP1	Unknown
Q3MIV0	Unknown
Q3MJ40	Unknown
Q3SXM0	Unknown
Q3SY05	Unknown
Q3SYA9	Unknown
Q3Y452	Unknown
Q3ZCU0	Unknown
Q3ZCV2	Unknown
Q3ZLR7	Unknown
Q494R0	Unknown
Q495Y7	Unknown
Q495Y8	Unknown
Q495Z4	Unknown
Q49A33	Unknown
Q49AM3	Unknown
Q49AS3	Unknown
Q4AC99	Unknown
Q4G0G2	Unknown
Q4G0G5	Unknown
Q4G0N0	Unknown
Q4G0N7	Unknown
Q4QY38	Unknown
Q4UJ75	Unknown
Q4V321	Unknown
Q4V326	Unknown
Q4V348	Unknown
Q4VC31	Unknown
Q4VC39	Unknown
Q4VX62	Unknown
Q4W4Y0	Unknown
Q4W5G0	Unknown
Q502X0	Unknown
Q52LC2	Unknown
Q537H7	Unknown
Q538Z0	Unknown
Q53LP3	Unknown
Q53RE8	Unknown
Q53SZ7	Unknown
Q569G3	Unknown
Q569K6	Unknown
Q59GN2	Unknown
Q5BKU9	Unknown
Q5BKY1	Unknown
Q5BKY6	Unknown
Q5BKY9	Unknown
Q5CZ79	Unknown
Q5DJT8	Unknown
Q5EBN2	Unknown
Q5FWF7	Unknown
Q5GAN3	Unknown
Q5GAN4	Unknown
Q5H8A3	Unknown
Q5H943	Unknown
Q5H9B9	Unknown
Q5H9E4	Unknown
Q5H9J9	Unknown
Q5H9L2	Unknown
Q5HY64	Unknown
Q5HYC2	Unknown
Q5HYW3	Unknown
Q5I0X4	3.A.20.1.1;
Q5JNZ5	Unknown
Q5JQD4	Unknown
Q5JRK9	Unknown
Q5JSJ4	Unknown
Q5JSQ8	Unknown
Q5JTB6	Unknown
Q5JTN6	Unknown
Q5JTZ5	Unknown
Q5JUQ0	Unknown
Q5JUR7	Unknown
Q5JVX7	Unknown
Q5JWF8	Unknown
Q5JXB2	Unknown
Q5JXX7	9.B.356.1.1;
Q5JYT7	Unknown
Q5K130	Unknown
Q5K131	Unknown
Q5MJ07	Unknown
Q5MJ08	Unknown
Q5MNV8	Unknown
Q5NE16	Unknown
Q5QFB9	Unknown
Q5QJ38	Unknown
Q5R3I4	Unknown
Q5SQ80	Unknown
Q5SQH8	Unknown
Q5SQS7	Unknown
Q5SQS8	Unknown
Q5SR53	Unknown
Q5SRD1	Unknown
Q5SVJ3	Unknown
Q5SVZ6	Unknown
Q5SWH9	Unknown
Q5SWL7	Unknown
Q5SWL8	Unknown
Q5SY13	Unknown
Q5SZB4	Unknown
Q5T035	Unknown
Q5T036	Unknown
Q5T089	Unknown
Q5T0U0	Unknown
Q5T0Z8	Unknown
Q5T2N8	Unknown
Q5T2Q4	Unknown
Q5T4H9	Unknown
Q5T4I8	Unknown
Q5T5F5	Unknown
Q5T5N4	Unknown
Q5T6C5	Unknown
Q5T6M2	Unknown
Q5T6R2	Unknown
Q5T6X4	Unknown
Q5T742	Unknown
Q5T750	Unknown
Q5T8I3	Unknown
Q5T8R8	Unknown
Q5T953	Unknown
Q5T9Z0	Unknown
Q5TAA0	Unknown
Q5TBE3	Unknown
Q5TBK1	Unknown
Q5TC04	Unknown
Q5TC84	Unknown
Q5TF58	Unknown
Q5TG53	Unknown
Q5TGJ6	Unknown
Q5TGL8	Unknown
Q5TGP6	Unknown
Q5TYW2	Unknown
Q5U4N7	Unknown
Q5U4P2	Unknown
Q5U5X8	Unknown
Q5U649	Unknown
Q5VSP4	Unknown
Q5VSR9	Unknown
Q5VT03	Unknown
Q5VT28	Unknown
Q5VT98	Unknown
Q5VTA0	Unknown
Q5VTL7	Unknown
Q5VU36	Unknown
Q5VU92	Unknown
Q5VUR7	Unknown
Q5VUY2	Unknown
Q5VV16	Unknown
Q5VVB8	Unknown
Q5VVC0	Unknown
Q5VVH2	Unknown
Q5VVP1	Unknown
Q5VW00	Unknown
Q5VWM3	Unknown
Q5VWM4	Unknown
Q5VWM6	Unknown
Q5VXD3	Unknown
Q5VXH5	Unknown
Q5VYP0	Unknown
Q5VYY1	Unknown
Q5VZ18	Unknown
Q5VZQ5	Unknown
Q5VZR2	Unknown
Q5W064	Unknown
Q5W0N0	Unknown
Q5W150	Unknown
Q5W188	Unknown
Q629K1	Unknown
Q63HN1	Unknown
Q658T7	Unknown
Q68CR7	Unknown
Q68D20	Unknown
Q68DL7	Unknown
Q69YW2	Unknown
Q69YZ2	Unknown
Q6B9Z1	Unknown
Q6DCA0	Unknown
Q6GV28	Unknown
Q6ICI0	Unknown
Q6IE37	Unknown
Q6IE38	Unknown
Q6IPW1	Unknown
Q6JVE5	Unknown
Q6L9T8	Unknown
Q6MZM9	Unknown
Q6MZN7	Unknown
Q6NSI1	Unknown
Q6NSI3	Unknown
Q6NT46	Unknown
Q6NUI1	Unknown
Q6NV74	Unknown
Q6NVV0	Unknown
Q6NVV1	Unknown
Q6NXN4	Unknown
Q6NXP0	Unknown
Q6NXP6	Unknown
Q6P047	Unknown
Q6P0A1	Unknown
Q6P1M9	Unknown
Q6P1R3	Unknown
Q6P1X6	Unknown
Q6P2C0	Unknown
Q6P2I7	Unknown
Q6P2S7	Unknown
Q6P3W6	Unknown
Q6P3X3	Unknown
Q6P3X8	Unknown
Q6P575	Unknown
Q6PDB4	Unknown
Q6PEV8	Unknown
Q6PGQ1	Unknown
Q6PIY5	Unknown
Q6PK57	Unknown
Q6Q795	Unknown
Q6QAJ8	Unknown
Q6T311	Unknown
Q6UDR6	Unknown
Q6UWF9	Unknown
Q6UWH6	Unknown
Q6UWW0	Unknown
Q6UXB0	Unknown
Q6UXD1	Unknown
Q6UXP3	Unknown
Q6UXP7	Unknown
Q6UXQ8	Unknown
Q6UXR4	Unknown
Q6UXR6	Unknown
Q6UXU0	Unknown
Q6UY13	Unknown
Q6UYE1	Unknown
Q6WQI6	Unknown
Q6WRX3	Unknown
Q6X4T0	Unknown
Q6XLA1	Unknown
Q6XXX2	Unknown
Q6ZMT9	Unknown
Q6ZMU1	Unknown
Q6ZMV8	Unknown
Q6ZN03	Unknown
Q6ZN08	Unknown
Q6ZN92	Unknown
Q6ZNB5	Unknown
Q6ZNQ3	Unknown
Q6ZP68	Unknown
Q6ZQN5	Unknown
Q6ZQQ2	Unknown
Q6ZQT0	Unknown
Q6ZQY2	Unknown
Q6ZRC1	Unknown
Q6ZRK6	Unknown
Q6ZRP0	Unknown
Q6ZRR7	Unknown
Q6ZRT6	Unknown
Q6ZRV3	Unknown
Q6ZS02	Unknown
Q6ZS62	Unknown
Q6ZSC3	Unknown
Q6ZSJ8	Unknown
Q6ZSR3	Unknown
Q6ZSR9	Unknown
Q6ZST2	Unknown
Q6ZST4	Unknown
Q6ZSU1	Unknown
Q6ZT52	Unknown
Q6ZTB9	Unknown
Q6ZTK2	Unknown
Q6ZTZ1	Unknown
Q6ZU45	Unknown
Q6ZUA9	Unknown
Q6ZUB0	Unknown
Q6ZUF6	Unknown
Q6ZUL3	Unknown
Q6ZUS5	Unknown
Q6ZUU3	Unknown
Q6ZV70	Unknown
Q6ZV77	Unknown
Q6ZV80	Unknown
Q6ZVK1	9.B.201.1.1;
Q6ZVN7	Unknown
Q6ZVS7	Unknown
Q6ZVW7	Unknown
Q6ZW13	Unknown
Q6ZWI9	Unknown
Q71RG6	Unknown
Q75LS8	Unknown
Q75MW2	Unknown
Q7L4S7	Unknown
Q7Z2F6	Unknown
Q7Z2R9	Unknown
Q7Z2V1	Unknown
Q7Z2X7	Unknown
Q7Z3B0	Unknown
Q7Z4B0	Unknown
Q7Z4S9	Unknown
Q7Z5D8	Unknown
Q7Z5U6	Unknown
Q7Z6I8	Unknown
Q7Z7L8	Unknown
Q86SG4	Unknown
Q86SH4	Unknown
Q86SY8	Unknown
Q86T23	Unknown
Q86TI4	Unknown
Q86TZ1	Unknown
Q86U02	Unknown
Q86U17	Unknown
Q86UD1	Unknown
Q86UD7	Unknown
Q86UF4	Unknown
Q86UP9	Unknown
Q86V59	Unknown
Q86WZ0	Unknown
Q86X40	Unknown
Q86X53	Unknown
Q86X59	Unknown
Q86X60	Unknown
Q86XI8	Unknown
Q86Y27	Unknown
Q86Y28	Unknown
Q86Y29	Unknown
Q86Y30	Unknown
Q8IU53	Unknown
Q8IUI4	Unknown
Q8IV32	Unknown
Q8IV56	Unknown
Q8IVB5	Unknown
Q8IVE0	Unknown
Q8IVF1	Unknown
Q8IVJ8	Unknown
Q8IVK1	Unknown
Q8IWA6	Unknown
Q8IWD5	2.A.1.65.10;
Q8IWF7	Unknown
Q8IWF9	Unknown
Q8IWN6	Unknown
Q8IX95	Unknown
Q8IXL9	Unknown
Q8IXQ8	Unknown
Q8IXR5	Unknown
Q8IXR9	Unknown
Q8IXS0	Unknown
Q8IY45	Unknown
Q8IYA2	Unknown
Q8IYD2	Unknown
Q8IYN6	Unknown
Q8IYQ7	Unknown
Q8IZ63	Unknown
Q8IZJ6	Unknown
Q8IZP6	Unknown
Q8IZQ5	Unknown
Q8MH63	Unknown
Q8N0U4	Unknown
Q8N0V1	Unknown
Q8N0W5	Unknown
Q8N0W7	Unknown
Q8N123	Unknown
Q8N1P7	Unknown
Q8N1V8	Unknown
Q8N1Y9	Unknown
Q8N239	Unknown
Q8N2C3	Unknown
Q8N2G6	Unknown
Q8N2R8	Unknown
Q8N2U0	Unknown
Q8N309	Unknown
Q8N319	Unknown
Q8N326	Unknown
Q8N398	Unknown
Q8N412	Unknown
Q8N431	Unknown
Q8N446	Unknown
Q8N485	Unknown
Q8N4B5	Unknown
Q8N4C9	Unknown
Q8N4K4	Unknown
Q8N4L4	Unknown
Q8N4P6	Unknown
Q8N4W6	Unknown
Q8N535	Unknown
Q8N5N4	Unknown
Q8N5Q1	Unknown
Q8N5S3	Unknown
Q8N5U0	Unknown
Q8N5W8	Unknown
Q8N614	Unknown
Q8N6C7	Unknown
Q8N6G2	Unknown
Q8N6L7	Unknown
Q8N6N2	Unknown
Q8N6Q8	Unknown
Q8N6V4	Unknown
Q8N755	Unknown
Q8N769	Unknown
Q8N7C4	Unknown
Q8N7L0	Unknown
Q8N7N1	Unknown
Q8N7Q2	Unknown
Q8N7R1	Unknown
Q8N7S6	Unknown
Q8N7U9	Unknown
Q8N7X8	Unknown
Q8N7Y1	Unknown
Q8N7Z2	Unknown
Q8N808	2.A.7.28.7;
Q8N813	Unknown
Q8N816	Unknown
Q8N888	Unknown
Q8N8A8	Unknown
Q8N8D7	8.A.118.1.4;
Q8N8E1	Unknown
Q8N8H1	Unknown
Q8N8I0	Unknown
Q8N8I6	Unknown
Q8N8J7	Unknown
Q8N8L6	Unknown
Q8N8Z3	Unknown
Q8N910	Unknown
Q8N945	Unknown
Q8N9B4	Unknown
Q8N9C0	Unknown
Q8N9R0	Unknown
Q8N9R6	Unknown
Q8N9T2	Unknown
Q8N9U9	Unknown
Q8N9V3	Unknown
Q8N9W7	Unknown
Q8N9X5	Unknown
Q8N9Z2	Unknown
Q8NA03	Unknown
Q8NA57	Unknown
Q8NA66	Unknown
Q8NA70	Unknown
Q8NA75	Unknown
Q8NA92	Unknown
Q8NAA6	Unknown
Q8NAJ2	Unknown
Q8NAP1	Unknown
Q8NAV2	Unknown
Q8NBB2	Unknown
Q8NBC4	Unknown
Q8NBP0	Unknown
Q8NBT3	9.A.14.26.4;
Q8NBZ9	Unknown
Q8NC38	Unknown
Q8NC54	Unknown
Q8NCJ5	Unknown
Q8NCQ2	Unknown
Q8NCQ3	Unknown
Q8NCS4	Unknown
Q8NCU4	Unknown
Q8ND94	Unknown
Q8NDY4	Unknown
Q8NDY8	Unknown
Q8NEA4	Unknown
Q8NEE0	Unknown
Q8NEE8	Unknown
Q8NEG2	Unknown
Q8NEL0	Unknown
Q8NEQ5	Unknown
Q8NET4	Unknown
Q8NEX5	Unknown
Q8NEX6	Unknown
Q8NF67	Unknown
Q8NFP0	Unknown
Q8NH21	Unknown
Q8NHX4	Unknown
Q8NI28	Unknown
Q8TAC1	Unknown
Q8TAD7	Unknown
Q8TAF5	Unknown
Q8TAL5	Unknown
Q8TAT8	Unknown
Q8TB05	Unknown
Q8TBR4	Unknown
Q8TBR5	Unknown
Q8TBZ9	Unknown
Q8TC99	Unknown
Q8TCA0	Unknown
Q8TCP9	Unknown
Q8TCZ7	Unknown
Q8TD33	Unknown
Q8TD35	Unknown
Q8TD47	Unknown
Q8TD90	Unknown
Q8TDY3	Unknown
Q8TE82	Unknown
Q8TEF2	Unknown
Q8WTQ4	Unknown
Q8WTZ4	Unknown
Q8WU43	Unknown
Q8WUB2	Unknown
Q8WUY1	Unknown
Q8WVF5	Unknown
Q8WW59	Unknown
Q8WWF1	Unknown
Q8WWF6	Unknown
Q8WWF8	Unknown
Q8WWM1	Unknown
Q8WWR9	Unknown
Q8WXS4	Unknown
Q8WZB0	Unknown
Q92623	Unknown
Q92628	Unknown
Q969E4	Unknown
Q969H9	Unknown
Q96A19	Unknown
Q96A22	Unknown
Q96AQ1	Unknown
Q96AQ2	Unknown
Q96AT1	Unknown
Q96B54	Unknown
Q96B70	Unknown
Q96CN7	Unknown
Q96CP2	Unknown
Q96CX6	Unknown
Q96D70	Unknown
Q96DE9	Unknown
Q96DM1	Unknown
Q96EE4	Unknown
Q96EK9	Unknown
Q96EX1	Unknown
Q96F83	Unknown
Q96FA7	Unknown
Q96FF7	Unknown
Q96FK6	Unknown
Q96FQ7	Unknown
Q96GI7	Unknown
Q96H35	Unknown
Q96HG1	Unknown
Q96HH4	Unknown
Q96HM7	Unknown
Q96HZ7	Unknown
Q96I45	Unknown
Q96IR2	Unknown
Q96IW2	Unknown
Q96K31	Unknown
Q96KF7	Unknown
Q96KT0	Unknown
Q96KW2	Unknown
Q96LI9	Unknown
Q96LM9	Unknown
Q96LP6	Unknown
Q96LR7	Unknown
Q96LS8	Unknown
Q96LZ2	Unknown
Q96M19	Unknown
Q96M60	Unknown
Q96MC4	Unknown
Q96MC9	Unknown
Q96MD7	8.A.207.1.1;
Q96MP5	Unknown
Q96MR7	Unknown
Q96MU5	Unknown
Q96MW7	Unknown
Q96MZ0	Unknown
Q96MZ4	Unknown
Q96N35	Unknown
Q96N53	Unknown
Q96NR7	Unknown
Q96NS8	Unknown
Q96PG1	Unknown
Q96PP4	Unknown
Q96PQ5	Unknown
Q96PS1	Unknown
Q96PY0	Unknown
Q96QU4	Unknown
Q99440	Unknown
Q9BPX7	Unknown
Q9BQ49	Unknown
Q9BQM9	Unknown
Q9BR11	Unknown
Q9BS92	Unknown
Q9BTA0	Unknown
Q9BTX7	Unknown
Q9BU68	Unknown
Q9BVG4	Unknown
Q9BVR0	Unknown
Q9BVW6	1.A.124.1.1;
Q9BWJ2	Unknown
Q9BXQ6	Unknown
Q9BXU2	Unknown
Q9BYL1	Unknown
Q9BYS8	Unknown
Q9BZ19	Unknown
Q9BZ68	Unknown
Q9BZ81	Unknown
Q9BZ97	Unknown
Q9BZA5	Unknown
Q9BZE7	Unknown
Q9BZP3	Unknown
Q9C073	Unknown
Q9GZL8	Unknown
Q9GZU0	Unknown
Q9H098	Unknown
Q9H0H9	Unknown
Q9H0P7	Unknown
Q9H0Q0	Unknown
Q9H0W7	Unknown
Q9H1F0	Unknown
Q9H1X3	Unknown
Q9H246	Unknown
Q9H2J1	Unknown
Q9H489	Unknown
Q9H496	Unknown
Q9H4G8	Unknown
Q9H4R4	Unknown
Q9H560	Unknown
Q9H579	Unknown
Q9H606	Unknown
Q9H607	Unknown
Q9H6K5	Unknown
Q9H6N6	Unknown
Q9H7B7	Unknown
Q9H7F4	Unknown
Q9H7M6	Unknown
Q9H8W2	Unknown
Q9H8W3	Unknown
Q9H8X3	Unknown
Q9H9A6	Unknown
Q9H9R9	Unknown
Q9HAH7	Unknown
Q9HAU6	Unknown
Q9HBI5	Unknown
Q9HBX3	Unknown
Q9HC47	Unknown
Q9HD87	Unknown
Q9NPU4	Unknown
Q9NQ32	Unknown
Q9NQ39	Unknown
Q9NQR7	Unknown
Q9NRI6	Unknown
Q9NRJ2	Unknown
Q9NRP4	Unknown
Q9NSQ0	Unknown
Q9NU53	Unknown
Q9NUB4	Unknown
Q9NUC0	Unknown
Q9NUD7	Unknown
Q9NUJ7	Unknown
Q9NUR3	Unknown
Q9NVV2	Unknown
Q9NWW7	Unknown
Q9NX36	Unknown
Q9NZY2	Unknown
Q9P1F3	Unknown
Q9P1G2	Unknown
Q9P217	Unknown
Q9P298	Unknown
Q9P2W6	Unknown
Q9P2X7	Unknown
Q9P2X8	Unknown
Q9UBP8	Unknown
Q9UEU5	Unknown
Q9UFV1	Unknown
Q9UH64	Unknown
Q9UHA2	Unknown
Q9UHL3	Unknown
Q9UHQ7	Unknown
Q9UIY3	Unknown
Q9UJQ7	Unknown
Q9UK00	Unknown
Q9ULE4	Unknown
Q9ULG3	Unknown
Q9ULI1	Unknown
Q9ULN7	Unknown
Q9UNZ5	Unknown
Q9Y2B9	Unknown
Q9Y442	Unknown
Q9Y546	Unknown
Q9Y5L5	Unknown
Q9Y5M1	Unknown
Q9Y5P3	Unknown
Q9Y5V0	Unknown
Q9Y675	Unknown
Q9Y6J3	Unknown
Q9Y6Z4	Unknown
S4R3P1	Unknown
S4R3Y5	Unknown
X6R8D5	Unknown
X6R8R1	Unknown
A0A087WV53	Unknown
A0A087WWA1	Unknown
A0A096LPI5	Unknown
A0A0B4J1W7	Unknown
A0A0C4DGP1	Unknown
A0A0J9YX94	Unknown
A0A0J9YXQ4	Unknown
A0A0U1RQG5	Unknown
A0A0U1RQS6	Unknown
A0A0U1RR37	Unknown
A0A0U1RRA0	Unknown
A0A1B0GTC6	Unknown
A0A1B0GTI1	Unknown
A0A1B0GTJ6	Unknown
A0A1B0GTK5	Unknown
A0A1B0GTR3	Unknown
A0A1B0GTU2	Unknown
A0A1B0GU29	Unknown
A0A1B0GU33	Unknown
A0A1B0GU71	Unknown
A0A1B0GUA5	Unknown
A0A1B0GUA6	Unknown
A0A1B0GUA9	Unknown
A0A1B0GUC4	Unknown
A0A1B0GUQ0	Unknown
A0A1B0GUS0	Unknown
A0A1B0GUT2	Unknown
A0A1B0GUU1	Unknown
A0A1B0GUV1	Unknown
A0A1B0GV22	Unknown
A0A1B0GV90	Unknown
A0A1B0GV96	Unknown
A0A1B0GVG6	Unknown
A0A1B0GVH6	Unknown
A0A1B0GVM5	Unknown
A0A1B0GVM6	Unknown
A0A1B0GVT2	Unknown
A0A1B0GVZ2	Unknown
A0A1B0GVZ9	Unknown
A0A1B0GW35	Unknown
A0A1B0GW54	Unknown
A0A1B0GWI6	Unknown
A0A1W2PP97	Unknown
A0A1W2PPE3	Unknown
A0A286YF18	Unknown
A0A286YFK9	Unknown
A0A2R8Y2Y2	Unknown
A0A3B3IT52	Unknown
A0A3G1DJL1	Unknown
A0A3G1DJL7	Unknown
A0A411D538	Unknown
A0A494C0N9	Unknown
A0A494C0Y3	Unknown
A0A5F9ZH02	Unknown
A0A8I5KY20	Unknown
A1L4L8	Unknown
A1L4Q6	Unknown
A2JGV3	Unknown
A4D0Y5	Unknown
A4D1N5	Unknown
A4D250	Unknown
A4QN01	Unknown
A6NCS6	Unknown
A6NDN8	Unknown
A6NF36	Unknown
A6NFE3	Unknown
A6NGY3	Unknown
A6NHR8	Unknown
A6NHS1	Unknown
A6NIU2	Unknown
A6NJI1	Unknown
A6NJI9	Unknown
A6NKX1	Unknown
A6NL46	Unknown
A6NM66	Unknown
A6NML5	1.A.37.7.1;
A6NNH2	Unknown
A6NNX1	Unknown
A8K554	Unknown
A8MT66	Unknown
A8MTL0	Unknown
A8MTZ7	Unknown
A8MU10	Unknown
A8MU93	Unknown
A8MUA0	Unknown
A8MUI8	Unknown
A8MUU9	Unknown
A8MV24	Unknown
A8MV72	Unknown
A8MVM7	Unknown
A8MWE9	Unknown
A8MWP4	Unknown
A8MX80	Unknown
A8MY62	Unknown
A8MYJ7	Unknown
A8MYZ5	Unknown
A8MZ25	Unknown
A8MZF0	Unknown
A8MZG2	Unknown
B1AMM8	Unknown
B3EWG5	Unknown
B3EWG6	Unknown
B5MCN3	Unknown
B9A014	Unknown
C0HMD7	Unknown
C9J302	Unknown
C9J3I9	Unknown
C9J6K1	Unknown
C9JC47	Unknown
C9JFL3	Unknown
D0EPY3	Unknown
E9PIF3	Unknown
E9PRG8	Unknown
F2Z398	Unknown
F2Z3F1	Unknown
F8WFD2	Unknown
H3BMG3	Unknown
H3BNL1	Unknown
H3BNL8	Unknown
J3KSC0	Unknown
O15225	Unknown
O15544	Unknown
O60384	Unknown
O60756	Unknown
P0C5K6	Unknown
P0C5K7	Unknown
P0C7U9	Unknown
P0C841	Unknown
P0C875	Unknown
P0C879	Unknown
P0C880	Unknown
P0CE67	Unknown
P0CF97	Unknown
P0CG42	Unknown
P0CG43	Unknown
P0CH98	Unknown
P0CZ25	Unknown
P0DH78	Unknown
P0DKL9	Unknown
P0DM63	Unknown
P0DMQ9	Unknown
P0DMU3	Unknown
P0DMV1	Unknown
P0DMV2	Unknown
P0DMW3	Unknown
P0DMW4	Unknown
P0DMW5	Unknown
P0DP71	Unknown
P0DPP9	Unknown
P0DQW1	Unknown
P0DV60	Unknown
P0DXC3	Unknown
P13985	Unknown
P58513	Unknown
P59020	Unknown
P59022	Unknown
Q05BU3	Unknown
Q0P140	Unknown
Q0VDD5	Unknown
Q0VFX4	Unknown
Q13166	Unknown
Q14602	Unknown
Q14695	Unknown
Q1RN00	Unknown
Q2M2D7	Unknown
Q3B7I2	Unknown
Q3ZM63	Unknown
Q495D7	Unknown
Q499Y3	Unknown
Q4KMX7	Unknown
Q52M75	Unknown
Q53H64	Unknown
Q56UQ5	Unknown
Q5JQF7	Unknown
Q5PR19	Unknown
Q5STR5	Unknown
Q5SY85	Unknown
Q5T0J3	Unknown
Q5T3Y7	Unknown
Q5T7N8	Unknown
Q5T7P6	Unknown
Q5T7R7	Unknown
Q5T870	Unknown
Q5TEZ4	Unknown
Q5TEZ5	Unknown
Q5VSD8	Unknown
Q5VT33	Unknown
Q5VT40	Unknown
Q5VUE5	Unknown
Q5VVS0	Unknown
Q6AWC8	Unknown
Q6IC83	Unknown
Q6NUR6	Unknown
Q6P435	Unknown
Q6UWF5	Unknown
Q6UXP9	Unknown
Q6UXQ4	Unknown
Q6UXR8	Unknown
Q6UXV3	Unknown
Q6W349	Unknown
Q6XCG6	Unknown
Q6ZMV7	Unknown
Q6ZPA2	Unknown
Q6ZQT7	Unknown
Q6ZQY7	Unknown
Q6ZR03	Unknown
Q6ZR54	Unknown
Q6ZR85	Unknown
Q6ZRG5	Unknown
Q6ZRM9	Unknown
Q6ZRN7	Unknown
Q6ZRP5	Unknown
Q6ZRU5	Unknown
Q6ZRX8	Unknown
Q6ZS46	Unknown
Q6ZS49	Unknown
Q6ZS52	Unknown
Q6ZS92	Unknown
Q6ZSA8	Unknown
Q6ZSB3	Unknown
Q6ZSK4	Unknown
Q6ZSN1	Unknown
Q6ZSR6	Unknown
Q6ZSV7	Unknown
Q6ZTC4	Unknown
Q6ZTI0	Unknown
Q6ZTR6	Unknown
Q6ZTY9	Unknown
Q6ZUG5	Unknown
Q6ZUT4	Unknown
Q6ZV60	Unknown
Q6ZVH6	Unknown
Q6ZVL8	Unknown
Q6ZVQ6	Unknown
Q6ZVU0	Unknown
Q6ZWC4	Unknown
Q71F78	Unknown
Q86TA4	Unknown
Q86TU6	Unknown
Q86U37	Unknown
Q86UQ5	Unknown
Q8IXQ3	Unknown
Q8IYB0	Unknown
Q8IZM0	Unknown
Q8N1I8	Unknown
Q8N1L1	Unknown
Q8N1X5	Unknown
Q8N2A0	Unknown
Q8N2B8	Unknown
Q8N2C9	Unknown
Q8N377	Unknown
Q8N3U1	Unknown
Q8N4M7	Unknown
Q8N616	Unknown
Q8N6K4	Unknown
Q8N6U2	Unknown
Q8N7H1	Unknown
Q8N7P7	Unknown
Q8N812	Unknown
Q8N814	Unknown
Q8N8G6	Unknown
Q8N8J0	Unknown
Q8N8P6	Unknown
Q8N8V8	Unknown
Q8N976	Unknown
Q8N9G6	Unknown
Q8N9L7	Unknown
Q8N9P0	Unknown
Q8N9P6	Unknown
Q8N9X3	Unknown
Q8NA96	Unknown
Q8NA97	Unknown
Q8NAE3	Unknown
Q8NAQ8	Unknown
Q8NBF4	Unknown
Q8NBR9	Unknown
Q8NFD4	Unknown
Q8TB33	Unknown
Q8TCH9	Unknown
Q8TEV8	Unknown
Q8WU49	Unknown
Q8WXQ3	Unknown
Q8WY50	Unknown
Q8WZ26	Unknown
Q8WZ69	Unknown
Q8WZA8	Unknown
Q96BT1	Unknown
Q96CB5	Unknown
Q96IR3	Unknown
Q96IT6	Unknown
Q96KT6	Unknown
Q96KX1	Unknown
Q96LM1	Unknown
Q96M15	Unknown
Q96M42	Unknown
Q96M66	Unknown
Q96M78	Unknown
Q96M85	Unknown
Q96MF0	Unknown
Q96MF4	Unknown
Q96MH7	Unknown
Q96MT0	Unknown
Q96MT4	Unknown
Q96N68	Unknown
Q96NJ1	Unknown
Q96PS6	Unknown
Q96T59	Unknown
Q9BR46	Unknown
Q9BRP9	Unknown
Q9BTD1	Unknown
Q9BTK2	Unknown
Q9BXW3	Unknown
Q9BZ98	Unknown
Q9BZA0	Unknown
Q9BZK8	Unknown
Q9BZS9	Unknown
Q9H0A3	Unknown
Q9H1L0	Unknown
Q9H2U6	Unknown
Q9H354	Unknown
Q9H379	Unknown
Q9H478	Unknown
Q9H521	Unknown
Q9H693	Unknown
Q9H7T3	Unknown
Q9H8Q6	Unknown
Q9H8V8	Unknown
Q9HAA7	Unknown
Q9NRI7	Unknown
Q9NZ38	Unknown
Q9P1C3	Unknown
Q9P1D8	Unknown
Q9P1J3	Unknown
Q9UF83	Unknown
Q9UFV3	Unknown
Q9UHT4	Unknown
Q9UHU1	Unknown
Q9UI25	Unknown
Q9UI54	Unknown
Q9UI72	Unknown
Q9Y3F1	Unknown
Q9Y4M8	Unknown
Q9Y6C7	Unknown
