Entry	Gene	Secretome location	Subcellular main location
Q9NQ94	A1CF		Nucleoplasm
Q9NPC4	A4GALT		Mitochondria
Q9NRG9	AAAS		Nuclear membrane
Q86V21	AACS		Vesicles
Q8N5Z0	AADAT		Plasma membrane
Q6PD74	AAGAB		Nuclear speckles, Cytosol
Q2M2I8	AAK1		Plasma membrane
Q9H7C9	AAMDC		Nucleoplasm
Q13685	AAMP		Microtubules
Q16613	AANAT		Cytosol
Q9Y312	AAR2		Cytosol
Q4LEZ3	AARD		Lipid droplets
P49588	AARS1		Cytosol
Q5JTZ9	AARS2		Mitochondria
Q9BTE6	AARSD1		Nuclear membrane, Cytosol
Q9UDR5	AASS		Mitochondria
Q9NY61	AATF		Nucleoli
Q6ZMQ8	AATK		Mitochondria
P80404	ABAT		Mitochondria
O95477	ABCA1		Plasma membrane
Q86UK0	ABCA12		Vesicles, Plasma membrane
Q86UQ4	ABCA13		Nucleoplasm, Vesicles
Q9BZC7	ABCA2		Vesicles
Q99758	ABCA3		Nucleoplasm, Vesicles
P78363	ABCA4		Endoplasmic reticulum
Q8WWZ7	ABCA5		Nucleoplasm
Q8N139	ABCA6		Nucleoplasm
Q8IZY2	ABCA7		Golgi apparatus, Plasma membrane
O94911	ABCA8		Nucleoplasm
Q8IUA7	ABCA9		Endoplasmic reticulum
P08183	ABCB1		Plasma membrane
O95342	ABCB11		Nucleoplasm, Plasma membrane, Cytosol
P21439	ABCB4		Nucleoplasm, Plasma membrane
Q9NP58	ABCB6	Intracellular and membrane	Golgi apparatus
O75027	ABCB7		Mitochondria
Q9NUT2	ABCB8		Mitochondria
Q9NP78	ABCB9		Vesicles
P33527	ABCC1		Plasma membrane
O15438	ABCC3		Plasma membrane
O15439	ABCC4		Plasma membrane
O15440	ABCC5		Plasma membrane, Cell Junctions
O95255	ABCC6		Plasma membrane
Q09428	ABCC8		Nucleoli, Golgi apparatus
O60706	ABCC9		Nucleoplasm, Plasma membrane
P28288	ABCD3		Peroxisomes
P61221	ABCE1		Cytosol
Q8NE71	ABCF1		Cytosol
Q9UG63	ABCF2		Cytosol
	ABCF2-H2BK1		Cytosol
Q9NUQ8	ABCF3		Cytosol
P45844	ABCG1		Golgi apparatus, Vesicles
Q9UNQ0	ABCG2		Plasma membrane
Q9H221	ABCG8		Vesicles
Q9NUJ1	ABHD10		Mitochondria
Q8NFV4	ABHD11		Mitochondria
Q7Z5M8	ABHD12B		Nucleoplasm
Q7L211	ABHD13		Cytosol
Q9BUJ0	ABHD14A		Vesicles
	ABHD14A-ACY1		Vesicles
Q96IU4	ABHD14B		Nucleoplasm, Nucleoli
Q6UXT9	ABHD15	Secreted to blood	Nucleoplasm, Cytosol
Q9H3Z7	ABHD16B		Nucleoplasm
Q96GS6	ABHD17A		Vesicles
Q0P651	ABHD18	Intracellular and membrane	Nuclear membrane
P08910	ABHD2		Cytosol, Flagellar centriole
Q8WU67	ABHD3		Nucleoplasm, Plasma membrane
Q8TB40	ABHD4		Nucleoplasm
Q8WTS1	ABHD5		Vesicles, Cytosol
Q9BV23	ABHD6		Vesicles
Q96I13	ABHD8		Nucleoplasm
Q8IZP0	ABI1		Plasma membrane, Cell Junctions
Q9NYB9	ABI2		Nucleoplasm
Q9NX38	ABITRAM		Nucleoplasm, Cytosol
P00519	ABL1		Nucleoplasm
P42684	ABL2		Cytosol
O14639	ABLIM1		Cytosol
Q6H8Q1	ABLIM2		Mitochondria
O94929	ABLIM3		Nucleoplasm
Q12979	ABR		Cytosol
Q9P1F3	ABRACL		Nucleoplasm
Q6UWZ7	ABRAXAS1		Nuclear bodies
Q15018	ABRAXAS2		Cytosol
Q9ULW3	ABT1		Vesicles
Q969K4	ABTB1		Cytosol
Q8N961	ABTB2		Nucleoplasm
A6QL63	ABTB3		Nucleoplasm
P09110	ACAA1		Peroxisomes
P42765	ACAA2		Mitochondria
Q13085	ACACA		Cytosol
Q9H845	ACAD9		Mitochondria
P11310	ACADM		Mitochondria
P16219	ACADS		Mitochondria
P45954	ACADSB		Mitochondria
P49748	ACADVL		Mitochondria
Q15027	ACAP1		Golgi apparatus
Q15057	ACAP2		Endosomes
Q96P50	ACAP3		Nucleoplasm
P24752	ACAT1		Mitochondria
P35610	ACAT1		Mitochondria
O75908	ACAT2		Cytosol
Q9BWD1	ACAT2		Cytosol
Q9H3P7	ACBD3		Golgi apparatus
Q8NC06	ACBD4		Nucleoplasm, Vesicles
Q5T8D3	ACBD5		Peroxisomes
Q9BR61	ACBD6		Nucleoplasm
Q8N6N7	ACBD7		Vesicles, Cytosol
Q96QU6	ACCS		Golgi apparatus
Q4AC99	ACCSL		Cytosol
Q96AP0	ACD		Nuclear bodies
P12821	ACE	Secreted to blood	Vesicles
P22303	ACHE	Intracellular and membrane	Golgi apparatus
Q9UKV3	ACIN1		Nucleoplasm
O00590	ACKR2		Vesicles, Cytosol
P25106	ACKR3		Vesicles, Plasma membrane
Q9NPB9	ACKR4		Vesicles, Mitochondria
P53396	ACLY		Cytosol
Q8TDX5	ACMSD		Cytosol
P21399	ACO1		Mitochondria, Cytosol
Q99798	ACO2		Mitochondria
A6NK06	ACOD1		Mitochondria
Q86TX2	ACOT1		Mitochondria
Q8WXI4	ACOT11		Cytosol
Q8WYK0	ACOT12		Cytosol
Q9NPJ3	ACOT13		Cell Junctions
P49753	ACOT2		Mitochondria
O00154	ACOT7		Cytosol
O14734	ACOT8		Vesicles
Q9Y305	ACOT9		Plasma membrane, Cytosol
Q15067	ACOX1		Peroxisomes
Q99424	ACOX2		Vesicles
O15254	ACOX3		Peroxisomes
Q9NUZ1	ACOXL		Cytosol
P24666	ACP1		Nucleoplasm
Q9BZG2	ACP4		Plasma membrane
P13686	ACP5	Intracellular and membrane	Cytosol
Q8NEB7	ACRBP	Secreted in male reproductive system	Nucleoplasm, Vesicles
P26436	ACRV1	Secreted in male reproductive system	Acrosome
Q96GR2	ACSBG1		Vesicles
Q5FVE4	ACSBG2		Cytosol
Q96CM8	ACSF2		Nucleoplasm, Microtubules, Cytosol
Q4G176	ACSF3		Mitochondria
P33121	ACSL1		Vesicles
O95573	ACSL3		Nucleoli, Nucleoli rim
O60488	ACSL4		Golgi apparatus
Q9ULC5	ACSL5		Mitochondria
Q9UKU0	ACSL6		Vesicles
Q6NUN0	ACSM5		Vesicles
Q9NR19	ACSS2		Nucleoplasm
Q9H6R3	ACSS3		Mitochondria
P62736	ACTA2		Actin filaments
Q5JWF8	ACTL10		Vesicles, Plasma membrane
O96019	ACTL6A		Nucleoplasm
O94805	ACTL6B		Nucleoli rim
Q9Y615	ACTL7A		Perinuclear theca
Q9H568	ACTL8		Cytosol
Q8TC94	ACTL9		Acrosome, Equatorial segment
P12814	ACTN1		Plasma membrane, Actin filaments, Focal adhesion sites
P35609	ACTN2		Actin filaments, Focal adhesion sites
Q08043	ACTN3		Actin filaments, Focal adhesion sites
O43707	ACTN4		Actin filaments, Focal adhesion sites
Q9NZ32	ACTR10		Vesicles, Plasma membrane
P61163	ACTR1A		Microtubules
P42025	ACTR1B		Microtubules
P61160	ACTR2		Cytosol
Q9GZN1	ACTR6		Plasma membrane, Cytosol
Q9H981	ACTR8		Nucleoplasm
Q9BYD9	ACTRT3		Nucleoplasm
P36896	ACVR1B		Cytosol
P27037	ACVR2A		Cytosol
Q03154	ACY1		Vesicles
P07311	ACYP1		Cytosol
P14621	ACYP2		Nucleoplasm
P00813	ADA		Plasma membrane
Q6DHV7	ADAL		Nucleoplasm
O14672	ADAM10	Intracellular and membrane	Vesicles, Plasma membrane
O43184	ADAM12	Secreted in female reproductive system	Plasma membrane
Q13444	ADAM15		Vesicles
P78536	ADAM17		Cytosol
Q9H013	ADAM19		Vesicles
Q9P0K1	ADAM22		Cell Junctions
O75077	ADAM23	Secreted in brain	Nucleoplasm, Plasma membrane
Q9UKQ2	ADAM23	Secreted in brain	Nucleoplasm, Plasma membrane
	ADAM28	Secreted to blood	Plasma membrane
Q9UKF2	ADAM30		Mid piece
Q8TC27	ADAM32		Principal piece
Q9BZ11	ADAM33		Plasma membrane
Q13443	ADAM9	Secreted - unknown location	Vesicles
Q9UHI8	ADAMTS1	Secreted to extracellular matrix	Plasma membrane
P58397	ADAMTS12	Secreted to extracellular matrix	Nucleoli
Q76LX8	ADAMTS13	Secreted to blood	Vesicles
Q8WXS8	ADAMTS14	Secreted to extracellular matrix	Golgi apparatus, Vesicles
Q8TE58	ADAMTS15	Secreted to extracellular matrix	Cytosol
Q8TE57	ADAMTS16	Secreted to extracellular matrix	Vesicles
Q8TE56	ADAMTS17	Secreted to extracellular matrix	Nucleoplasm
Q8TE60	ADAMTS18	Secreted to extracellular matrix	Midbody, Mitotic spindle
Q8TE59	ADAMTS19	Secreted to extracellular matrix	Vesicles, Midbody
O95450	ADAMTS2	Secreted to extracellular matrix	Plasma membrane
P59510	ADAMTS20	Secreted to extracellular matrix	Golgi apparatus, Primary cilium
O15072	ADAMTS3	Secreted to extracellular matrix	Intermediate filaments
O75173	ADAMTS4	Secreted to extracellular matrix	Nuclear speckles
Q9UKP4	ADAMTS7	Secreted to extracellular matrix	Vesicles
Q9P2N4	ADAMTS9	Secreted to extracellular matrix	Endoplasmic reticulum
Q8N6G6	ADAMTSL1	Secreted in other tissues	Vesicles
Q86TH1	ADAMTSL2	Secreted in other tissues	Vesicles
P82987	ADAMTSL3	Secreted in other tissues	Vesicles
Q6UY14	ADAMTSL4	Secreted to extracellular matrix	Plasma membrane, Cytosol
Q6ZMM2	ADAMTSL5	Secreted to extracellular matrix	Golgi apparatus
O75689	ADAP1		Plasma membrane, Cytosol
P55265	ADAR		Nucleoli
P78563	ADARB1		Nucleoplasm
Q9NS39	ADARB2		Nucleoplasm
Q9BUB4	ADAT1		Nucleoplasm
Q7Z6V5	ADAT2		Golgi apparatus
Q96EY9	ADAT3		Nucleoplasm
Q86TW2	ADCK1		Nucleoplasm
Q7Z695	ADCK2		Centrosome, Cytosol
Q3MIX3	ADCK5		Plasma membrane, Cytosol
Q08828	ADCY1		Mitochondria
Q08462	ADCY2		Golgi apparatus, Vesicles
O60266	ADCY3		Nucleoplasm, Primary cilium
Q8NFM4	ADCY4		Mitochondria
O95622	ADCY5		Vesicles, Plasma membrane
O43306	ADCY6		Golgi apparatus
P51828	ADCY7		Plasma membrane
P40145	ADCY8		Plasma membrane, Cytosol
O60503	ADCY9		Plasma membrane, Cytosol
P41586	ADCYAP1R1		Vesicles
P35611	ADD1		Plasma membrane
P35612	ADD2		Nucleoplasm, Cytosol
Q9UEY8	ADD3		Plasma membrane
Q8N7X0	ADGB		Mid piece
Q96PE1	ADGRA2		Plasma membrane
O60241	ADGRB2	Intracellular and membrane	Plasma membrane
Q6QNK2	ADGRD1		Plasma membrane
Q9UHX3	ADGRE2		Vesicles
P48960	ADGRE5	Secreted to blood	Plasma membrane
Q8IZF5	ADGRF3		Golgi apparatus
Q8IZF3	ADGRF4		Mitochondria
Q8IZP9	ADGRG2		Plasma membrane, Cytosol
Q8IZF4	ADGRG5		Nuclear membrane, Vesicles
Q96K78	ADGRG7		Plasma membrane
O95490	ADGRL2		Plasma membrane
Q8WXG9	ADGRV1		Vesicles
P07327	ADH1A		Plasma membrane, Cytosol
P00325	ADH1B		Plasma membrane, Cytosol
P00326	ADH1C		Plasma membrane, Cytosol
P08319	ADH4		Nucleoplasm, Cytosol
P40394	ADH7		Plasma membrane, Cytosol
Q8IWW8	ADHFE1		Vesicles
Q9BV57	ADI1		Nucleoplasm
Q15847	ADIRF		Nucleoplasm, Cytosol
P55263	ADK		Nucleoplasm, Cytosol
Q9H2P0	ADNP		Nucleoplasm, Centrosome
Q6IQ32	ADNP2		Mitochondria, Cytosol
P30542	ADORA1		Plasma membrane
P29274	ADORA2A		Plasma membrane
P29275	ADORA2B		Plasma membrane
Q9BRR6	ADPGK	Intracellular and membrane	Centrosome
P54922	ADPRH		Nuclear membrane
Q8NDY3	ADPRHL1		Plasma membrane
Q3LIE5	ADPRM		Nucleoplasm
Q9NX46	ADPRS		Nucleoplasm
P25100	ADRA1A		Cytosol
P35348	ADRA1A		Cytosol
P35368	ADRA1B		Plasma membrane
P18089	ADRA2B		Vesicles
P07550	ADRB2		Plasma membrane
P13945	ADRB3		Vesicles, Basal body
Q16186	ADRM1		Nucleoplasm, Plasma membrane, Cytosol
P30566	ADSL		Cytosol
P30520	ADSS2		Cytosol
Q96IZ2	ADTRP		Nucleoli
Q8IUX7	AEBP1	Secreted - unknown location	Vesicles
Q6ZN18	AEBP2		Nucleoplasm
Q8WTP8	AEN		Nucleoplasm, Nucleoli
Q8N556	AFAP1		Actin filaments
Q8N4X5	AFAP1L2		Cytosol
P55196	AFDN		Plasma membrane, Cell Junctions
P51825	AFF1		Nucleoplasm, Mitochondria
P51826	AFF3		Nucleoplasm
Q9UHB7	AFF4		Nucleoplasm
Q9Y4W6	AFG3L2		Mitochondria
P43652	AFM	Secreted to blood	Plasma membrane
Q63HM1	AFMID		Mitochondria
P02771	AFP	Secreted to blood	Golgi apparatus
Q6ULP2	AFTPH		Cytosol
Q99490	AGAP2		Nucleoplasm, Cytosol
Q5U5Z8	AGBL2		Nucleoli, Basal body, Cytosol, Flagellar centriole
Q8NEM8	AGBL3		Cytosol
Q8NDL9	AGBL5		Cytokinetic bridge, Primary cilium
Q15109	AGER	Secreted in other tissues	Plasma membrane, Cell Junctions
P52594	AGFG1		Vesicles
O95081	AGFG2		Cytosol
Q53H12	AGK		Mitochondria
P35573	AGL		Nucleoplasm
Q6ZNB7	AGMO		Vesicles
Q9UL18	AGO1		Cytoplasmic bodies
Q9UKV8	AGO2		Cytoplasmic bodies
Q9H9G7	AGO3		Cytoplasmic bodies
Q9HCK5	AGO4		Cytoplasmic bodies
Q99943	AGPAT1		Endoplasmic reticulum
Q9NRZ5	AGPAT4		Golgi apparatus
Q9NUQ2	AGPAT5		Mitochondria
O00116	AGPS		Peroxisomes
O95994	AGR2	Intracellular and membrane	Endoplasmic reticulum
Q8TD06	AGR3	Intracellular and membrane	Endoplasmic reticulum
O00468	AGRN	Secreted to extracellular matrix	Cytosol
O00253	AGRP	Secreted in brain	Vesicles
Q9UPW5	AGTPBP1		Nucleoplasm
P30556	AGTR1		Vesicles
Q6RW13	AGTRAP		Vesicles
P21549	AGXT		Vesicles
Q8WYP5	AHCTF1		Nucleoplasm, Nuclear membrane, Nuclear bodies
P23526	AHCY		Cytosol
O43865	AHCYL1		Cytosol
Q96HN2	AHCYL2		Cytosol
Q5TGY3	AHDC1		Nucleoplasm
Q8N157	AHI1		Centrosome
Q09666	AHNAK		Plasma membrane, Cytosol
Q8IVF2	AHNAK2		Cytosol
P35869	AHR		Cytosol
A9YTQ3	AHRR		Nucleoplasm
O95433	AHSA1		Cytosol
P02765	AHSG	Secreted to blood	Golgi apparatus
Q96BJ3	AIDA		Microtubules, Primary cilium
P55008	AIF1		Cytosol
O95831	AIFM1		Mitochondria
Q9BRQ8	AIFM2		Vesicles
Q96NN9	AIFM3		Mitochondria
Q9NVV5	AIG1		Golgi apparatus
O14862	AIM2		Mitochondria
Q12904	AIMP1	Secreted to blood	Cytosol
Q13155	AIMP2		Cytosol
O00170	AIP		Cytosol
Q9NWT8	AIP		Cytosol
Q9NZN9	AIPL1		Nuclear speckles
C9J069	AJM1		Golgi apparatus, Plasma membrane
Q96IF1	AJUBA		Nucleoplasm, Golgi apparatus
P00568	AK1		Cytosol
P54819	AK2		Mitochondria
P27144	AK3		Mitochondria
Q9UIJ7	AK3		Mitochondria
	AK4		Mitochondria
	AK4P3		Mitochondria
Q9Y6K8	AK5		Cytosol
Q9Y3D8	AK6		Nuclear speckles
Q96M32	AK7		Cytosol, Principal piece
Q96MA6	AK8		Flagellar centriole
Q5TCS8	AK9		Nucleoplasm, Nuclear membrane
Q92667	AKAP1		Mitochondria
O43572	AKAP10		Plasma membrane, Cytosol
Q9UKA4	AKAP11		Nucleoli, Plasma membrane, Cytosol
Q02952	AKAP12		Plasma membrane, Cytosol
Q12802	AKAP13		Cytosol
Q02040	AKAP17A		Nuclear speckles
O75969	AKAP3		Vesicles
Q5JQC9	AKAP4		Principal piece
P24588	AKAP5		Golgi apparatus
O43687	AKAP7		Vesicles
Q9P0M2	AKAP7		Vesicles
O43823	AKAP8		Nucleoplasm
Q9ULX6	AKAP8L		Nuclear speckles
Q99996	AKAP9		Golgi apparatus
Q9NQ31	AKIP1		Nucleoplasm
Q9H9L7	AKIRIN1		Nucleoplasm
Q53H80	AKIRIN2		Nucleoplasm
Q7Z591	AKNA		Nucleoplasm
Q5T1N1	AKNAD1		Cytosol
P14550	AKR1A1		Cytosol
P15121	AKR1B1		Cytosol
O60218	AKR1B10	Secreted to digestive system	Cytosol
C9JRZ8	AKR1B15		Cytosol
Q04828	AKR1C1		Endoplasmic reticulum, Cytosol
P52895	AKR1C2		Nucleoplasm, Cytosol
P42330	AKR1C3		Nucleoplasm, Cytosol
P17516	AKR1C4		Nucleoplasm, Cytosol
P51857	AKR1D1		Nucleoplasm
Q96JD6	AKR1E2		Nucleoplasm, Golgi apparatus
O43488	AKR7A2		Cytosol
O95154	AKR7A3		Cytosol
Q8NHP1	AKR7L		Cytosol
P31749	AKT1		Nucleoplasm, Microtubules, Principal piece, End piece
Q96B36	AKT1S1		Cytosol
P31751	AKT2		Vesicles, Cytosol
Q9Y243	AKT3		Nucleoplasm, Golgi apparatus, Cytosol
Q9H8T0	AKTIP		Nucleoli, Golgi apparatus, Basal body
P13716	ALAD		Cytosol
P13196	ALAS1		Mitochondria
P02768	ALB	Secreted to blood	Endoplasmic reticulum, Golgi apparatus
Q8TES7	ALB	Secreted to blood	Endoplasmic reticulum, Golgi apparatus
Q13740	ALCAM	Secreted to blood	Vesicles
P54886	ALDH18A1		Mitochondria
P00352	ALDH1A1		Cytosol
P47895	ALDH1A3		Nucleoplasm
P30837	ALDH1B1		Mitochondria
O75891	ALDH1L1		Cytosol
Q3SY69	ALDH1L2		Mitochondria
P30838	ALDH3A1		Plasma membrane, Cytosol
P51648	ALDH3A2		Endoplasmic reticulum, Cytosol
P30038	ALDH4A1		Mitochondria
P51649	ALDH5A1		Mitochondria
Q02252	ALDH6A1		Mitochondria
P49419	ALDH7A1		Mitochondria
Q9H2A2	ALDH8A1		Centrosome
P49189	ALDH9A1	Intracellular and membrane	Cytosol
P04075	ALDOA		Cytosol
P09972	ALDOC		Nucleoplasm, Nucleoli fibrillar center
Q9BT22	ALG1		Endoplasmic reticulum
Q5BKT4	ALG10		Endoplasmic reticulum
Q5I7T1	ALG10B		Endoplasmic reticulum
Q9BV10	ALG12		Endoplasmic reticulum
Q9NP73	ALG13		Vesicles
Q96F25	ALG14		Nucleoli
C9J202	ALG1L2		Endoplasmic reticulum
O75340	ALG2		Golgi apparatus
Q9H553	ALG2		Golgi apparatus
Q9Y673	ALG5		Cytosol
Q9Y672	ALG6		Endoplasmic reticulum
Q9BVK2	ALG8		Nucleoplasm
Q9H6U8	ALG9		Endoplasmic reticulum
Q9UM73	ALK		Plasma membrane
Q13686	ALKBH1		Nucleoplasm
Q6NS38	ALKBH2		Nucleoplasm
Q96Q83	ALKBH3		Nucleoplasm
Q6P6C2	ALKBH5		Nucleoplasm, Cytosol
Q3KRA9	ALKBH6		Nucleoplasm
Q9BT30	ALKBH7		Mitochondria
Q96BT7	ALKBH8		Nucleoplasm
Q8TCU4	ALMS1		Centrosome, Basal body, Cytosol, Flagellar centriole
P18054	ALOX12		Cytosol
O75342	ALOX12B		Cytosol
O15296	ALOX15B		Plasma membrane, Cytosol
P09917	ALOX5		Nucleoplasm
Q9BYJ1	ALOXE3		Plasma membrane, Cytosol
P10696	ALPG	Intracellular and membrane	Plasma membrane
P09923	ALPI	Intracellular and membrane	Plasma membrane
Q96QP1	ALPK1		Centrosome, Basal body
Q86TB3	ALPK2		Cytosol
Q96L96	ALPK3		Nucleoplasm
P05186	ALPL	Intracellular and membrane	Cytosol
P05187	ALPP	Intracellular and membrane	Plasma membrane
Q96Q42	ALS2		Vesicles, Cytosol
Q15699	ALX1		Nuclear bodies
O95076	ALX3		Nucleoli fibrillar center
Q9H161	ALX4		Nucleoplasm
Q86V81	ALYREF		Nucleoplasm, Nuclear speckles
Q9UHK6	AMACR		Vesicles, Peroxisomes
Q9NP70	AMBN	Secreted in other tissues	Vesicles
P02760	AMBP	Secreted to blood	Vesicles
Q9C0C7	AMBRA1		Vesicles
P17707	AMD1		Nucleoplasm
Q96NU7	AMDHD1		Cytosol
Q9Y303	AMDHD2		Nucleoli, Cytosol
Q5JTC6	AMER1		Nuclear bodies
Q8N7J2	AMER2		Plasma membrane
Q8N944	AMER3		Nuclear bodies
Q9UKV5	AMFR		Endoplasmic reticulum, Golgi apparatus
P03971	AMH	Secreted to blood	Vesicles, Aggresome
Q16671	AMHR2		Vesicles
Q86WK6	AMIGO1		Vesicles
Q86SJ2	AMIGO2		Golgi apparatus, Plasma membrane
Q86WK7	AMIGO3		Actin filaments
Q9Y4X0	AMMECR1		Nucleoplasm
Q6DCA0	AMMECR1L		Nucleoplasm
Q8IY45	AMN1		Centrosome
Q4VCS5	AMOT		Cell Junctions
Q8IY63	AMOTL1		Cytosol
Q9Y2J4	AMOTL2		Cell Junctions
Q01433	AMPD2		Cytosol
Q01432	AMPD3		Nuclear membrane
P49418	AMPH		Cytosol
P48728	AMT		Mitochondria
P0DUB6	AMY1A	Secreted to digestive system	Golgi apparatus, Cytosol
P0DTE7	AMY1B	Secreted to digestive system	Golgi apparatus, Cytosol
P0DTE8	AMY1C	Secreted to digestive system	Golgi apparatus, Cytosol
P04746	AMY2A	Secreted to digestive system	Golgi apparatus, Cytosol
P19961	AMY2B	Secreted to digestive system	Golgi apparatus, Cytosol
Q86W34	AMZ2		Nucleoplasm
Q9H1A4	ANAPC1		Vesicles
Q9UM13	ANAPC10		Nucleoplasm
Q9NYG5	ANAPC11		Nucleoplasm
Q9BS18	ANAPC13		Mitochondria, Cytosol
P60006	ANAPC15		Nucleoplasm
Q96DE5	ANAPC16		Cytosol
Q9UJX6	ANAPC2		Nucleoplasm
Q9UJX4	ANAPC5		Nucleoplasm
Q9UJX3	ANAPC7		Microtubules, Cytokinetic bridge, Mitotic spindle
P03950	ANG	Secreted to blood	Nucleoli, Nucleoli rim, Mitotic chromosome
Q9UNK9	ANGEL1	Intracellular and membrane	Nucleoplasm
Q5VTE6	ANGEL2		Nucleoplasm
Q9UKU9	ANGPTL2	Secreted to blood	Golgi apparatus
Q9BY76	ANGPTL4	Secreted to blood	Nucleoplasm, Vesicles
Q6UXH0	ANGPTL8	Secreted to blood	Golgi apparatus
Q01484	ANK2		Plasma membrane, Acrosome
Q12955	ANK3		Plasma membrane
Q7Z5J8	ANKAR		Centriolar satellite
Q495B1	ANKDD1A		Nucleoplasm
Q9NU02	ANKEF1		Nucleoli fibrillar center, Plasma membrane, Cytosol
Q8N957	ANKFN1		Nucleoplasm
Q9P2R3	ANKFY1		Endosomes
Q9HCJ1	ANKH		Cytosol
Q9P2G1	ANKIB1		Plasma membrane, Cytosol
Q8NAG6	ANKLE1		Nucleoplasm, Cytosol
Q86XL3	ANKLE2		Plasma membrane
Q9P2S6	ANKMY1		Nucleoplasm, Nuclear bodies
Q8IV38	ANKMY2		Cytosol
Q9H9E1	ANKRA2		Plasma membrane
Q15327	ANKRD1		Nucleoli fibrillar center
Q9NXR5	ANKRD10		Nucleoplasm
Q6UB99	ANKRD11		Nucleoplasm
Q6UB98	ANKRD12		Nucleoplasm
Q8IZ07	ANKRD13A		Plasma membrane
Q86YJ7	ANKRD13B		Vesicles
Q6P6B7	ANKRD16		Endoplasmic reticulum
O75179	ANKRD17		Nucleoplasm
Q9GZV1	ANKRD2		Vesicles
Q5TYW2	ANKRD20A1		Nucleoplasm
Q5VYY1	ANKRD22		Nucleoplasm
Q86SG2	ANKRD23		Nucleoplasm, Cytosol
Q8TF21	ANKRD24		Microtubules, Cytosol
Q9UPS8	ANKRD26		Golgi apparatus
Q96NW4	ANKRD27		Vesicles
Q8N6D5	ANKRD29		Nucleoplasm, Nuclear bodies
Q9BXX3	ANKRD30A		Nucleoli
Q9BXX2	ANKRD30B		Nucleoli
A7E2S9	ANKRD30BL		Plasma membrane
Q8N7Z5	ANKRD31		Nucleoplasm, Centrosome
A6NCL7	ANKRD33B		Mitochondria
Q69YU3	ANKRD34A		Cytosol
A5PLL1	ANKRD34B		Nucleoplasm, Mitochondria
P0C6C1	ANKRD34C		Mitochondria
Q8N283	ANKRD35		Plasma membrane
A6QL64	ANKRD36		Nucleoplasm, Cytosol
Q8N2N9	ANKRD36B		Nucleoplasm, Cytosol
Q5JPF3	ANKRD36C		Nucleoplasm, Cytosol
Q7Z713	ANKRD37		Nucleoplasm, Cytosol
Q53RE8	ANKRD39		Nucleoplasm
Q6AI12	ANKRD40		Golgi apparatus
Q8N9B4	ANKRD42		Nucleoplasm, Cytosol
Q8N8A2	ANKRD44		Mitochondria
Q5TZF3	ANKRD45		Cytosol
Q86W74	ANKRD46		Cytosol
Q8WVL7	ANKRD49		Nucleoplasm, Nucleoli
Q9ULJ7	ANKRD50		Nucleoplasm, Cytosol
Q8NB46	ANKRD52		Nucleoplasm, Mitochondria
Q6NXT1	ANKRD54		Microtubules, Midbody
Q3KP44	ANKRD55		Nucleoplasm, Nuclear speckles
Q9Y2G4	ANKRD6		Vesicles
A6NGH8	ANKRD61		Nucleoplasm
A6NC57	ANKRD62		Nucleoplasm, Nuclear bodies
C9JTQ0	ANKRD63		Mitochondria
E5RJM6	ANKRD65		Nucleoplasm, Microtubules, Primary cilium
Q92527	ANKRD7		Nucleoplasm
Q92625	ANKS1A		Nucleoplasm
Q7Z6G8	ANKS1B		Nucleoplasm
Q6ZW76	ANKS3		Nucleoplasm
Q8N8V4	ANKS4B		Nucleoplasm, Cytosol
Q68DC2	ANKS6		Nucleoli fibrillar center, Primary cilium
Q9H8Y5	ANKZF1		Nucleoplasm
Q9NQW6	ANLN		Nucleoplasm
Q5XXA6	ANO1		Plasma membrane
Q9NW15	ANO10		Plasma membrane
Q9NQ90	ANO2		Plasma membrane
Q9BYT9	ANO3		Microtubules, Primary cilium, Cytosol
Q4KMQ2	ANO6		Plasma membrane, Cytosol
A1A5B4	ANO9		Golgi apparatus
P39687	ANP32A		Nucleoplasm
Q92688	ANP32B		Nucleoplasm
O95626	ANP32D		Nucleoplasm
Q9BTT0	ANP32E		Nucleoplasm
P15144	ANPEP		Plasma membrane
Q9BQD7	ANTKMT		Cytosol
Q9H6X2	ANTXR1	Intracellular and membrane	Vesicles
P04083	ANXA1	Secreted to blood	Plasma membrane, Cytosol
Q9UJ72	ANXA10		Nucleoplasm, Nucleoli
P50995	ANXA11		Nucleoplasm
P27216	ANXA13		Plasma membrane
P07355	ANXA2	Secreted to blood	Plasma membrane
Q3ZCQ2	ANXA2R		Nucleoplasm
P12429	ANXA3		Plasma membrane
P09525	ANXA4		Cytosol
P08758	ANXA5		Nuclear membrane
P08133	ANXA6		Cytosol
P13928	ANXA8		Vesicles
Q5VT79	ANXA8L1		Vesicles
O76027	ANXA9		Nuclear speckles, Cytosol
P28039	AOAH	Secreted to blood	Vesicles
Q16853	AOC3		Cytosol
Q8N6M6	AOPEP		Cell Junctions
Q06278	AOX1		Cytosol
Q63HQ0	AP1AR		Golgi apparatus
Q10567	AP1B1		Golgi apparatus
O43747	AP1G1		Golgi apparatus, Vesicles
Q9BXS5	AP1M1		Vesicles, Cytosol
Q9Y6Q5	AP1M2		Vesicles
P61966	AP1S1		Golgi apparatus, Vesicles
P56377	AP1S2		Golgi apparatus, Vesicles
Q96PC3	AP1S3		Vesicles
O95782	AP2A1		Vesicles
O94973	AP2A2		Vesicles
P63010	AP2B1		Vesicles
Q96CW1	AP2M1		Plasma membrane
O00203	AP3B1		Vesicles
Q13367	AP3B2		Golgi apparatus
O14617	AP3D1		Cytosol
Q92572	AP3S1		Vesicles
P59780	AP3S2		Vesicles
Q9Y6B7	AP4B1		Vesicles
Q9Y587	AP4S1		Vesicles
Q2VPB7	AP5B1		Nucleoplasm, Vesicles
Q9NUS5	AP5S1		Nucleoplasm, Cytosol
O43299	AP5Z1		Nuclear speckles
O14727	APAF1		Nucleoplasm, Cytosol
Q02410	APBA1		Golgi apparatus
Q99767	APBA2		Golgi apparatus
O96018	APBA3		Vesicles
O00213	APBB1		Plasma membrane
Q7Z5R6	APBB1IP		Plasma membrane, Cytosol
Q92870	APBB2		Mitochondria
O95704	APBB3		Nuclear bodies, Actin filaments
P25054	APC		Plasma membrane
O95996	APC2		Cytokinetic bridge
P02655	APC2		Cytokinetic bridge
Q9BV35	APC2		Cytokinetic bridge
Q8NCL9	APCDD1L		Mitochondria
P13798	APEH		Cytosol
P27695	APEX1		Nucleoplasm
Q9UBZ4	APEX2		Nucleoplasm, Nucleoli fibrillar center
Q9BZZ5	API5		Nuclear speckles
Q96GX9	APIP		Nucleoplasm
Q8IW19	APLF		Nucleoplasm
P51693	APLP1		Golgi apparatus, Plasma membrane
Q06481	APLP2		Golgi apparatus, Vesicles
Q9HDC9	APMAP		Plasma membrane
P02647	APOA1	Secreted to blood	Vesicles
P06727	APOA4	Secreted to blood	Vesicles
P04114	APOB	Secreted to blood	Vesicles, Cytosol
Q9Y235	APOBEC2		Nucleoplasm
P31941	APOBEC3A		Nucleoplasm
Q9UH17	APOBEC3B		Nucleoplasm
Q9NRW3	APOBEC3C		Intermediate filaments
Q8IUX4	APOBEC3F		Nucleoplasm, Cytosol
Q9HC16	APOBEC3G		Nucleoplasm, Cytosol
Q6NTF7	APOBEC3H		Nucleoplasm
Q0VD83	APOBR		Plasma membrane
P02656	APOC3	Secreted to blood	Nucleoplasm
P05090	APOD	Secreted to blood	Plasma membrane
P02649	APOE	Secreted to blood	Vesicles
P02749	APOH	Secreted to blood	Golgi apparatus
Q9BPW4	APOL4	Secreted to blood	Vesicles
Q9BWW8	APOL6		Nucleoplasm, Nuclear bodies
Q96LR9	APOLD1		Nucleoplasm, Plasma membrane
O95445	APOM	Secreted to blood	Golgi apparatus
Q9BUR5	APOO	Secreted to blood	Mitochondria
Q6UXV4	APOOL		Mitochondria
P05067	APP	Secreted to blood	Golgi apparatus
Q92624	APPBP2		Nucleoplasm
Q9UKG1	APPL1		Vesicles, Plasma membrane
Q8NEU8	APPL2		Vesicles
P07741	APRT		Nucleoplasm, Cytosol
Q7Z2E3	APTX		Nucleoplasm, Nucleoli
P29972	AQP1		Plasma membrane
Q96PS8	AQP10		Plasma membrane
Q8NBQ7	AQP11		Plasma membrane
Q92482	AQP3		Plasma membrane
P55087	AQP4		Plasma membrane
P55064	AQP5		Plasma membrane
O14520	AQP7		Vesicles
A0A075B734	AQP7B		Vesicles
O43315	AQP9		Mid piece
O60306	AQR		Nucleoplasm
P10275	AR		Cytosol
P10398	ARAF		Plasma membrane
Q96P48	ARAP1		Nucleoplasm, Plasma membrane
Q8WZ64	ARAP2		Focal adhesion sites
O60936	ARC		Vesicles, Microtubules
Q7LC44	ARC		Vesicles, Microtubules
P48444	ARCN1		Vesicles
P15514	AREG		Mitochondria
O15033	AREL1		Vesicles
P84077	ARF1		Cytosol
P62330	ARF6		Cytosol
Q8N6T3	ARFGAP1		Golgi apparatus
Q9NP61	ARFGAP1		Golgi apparatus
Q8N6H7	ARFGAP2		Golgi apparatus
	ARFGAP3		Cytosol
Q9Y6D6	ARFGEF1		Golgi apparatus
Q9Y6D5	ARFGEF2		Golgi apparatus
P53367	ARFIP1		Golgi apparatus, Vesicles
P53365	ARFIP2		Nucleoplasm, Nucleoli, Golgi apparatus
Q13795	ARFRP1		Golgi apparatus
P78540	ARG2		Mitochondria
Q9NWB6	ARGLU1		Nucleoplasm
Q07960	ARHGAP1		Cytosol
A1A4S6	ARHGAP10		Nucleoplasm
Q5T5U3	ARHGAP10		Nucleoplasm
Q6P4F7	ARHGAP11A		Cytosol
Q53QZ3	ARHGAP15		Plasma membrane
Q68EM7	ARHGAP17		Plasma membrane, Cytosol
Q8N392	ARHGAP18		Cytosol
Q14CB8	ARHGAP19		Plasma membrane
Q9P2F6	ARHGAP20		Mitochondria
	ARHGAP21		Plasma membrane, Cell Junctions
Q7Z5H3	ARHGAP22		Nucleoplasm, Cytosol
Q9P227	ARHGAP23		Nucleoplasm, Plasma membrane
Q8N264	ARHGAP24		Plasma membrane, Cytosol
P42331	ARHGAP25		Nucleoplasm, Vesicles
Q9UNA1	ARHGAP26		Cytosol
Q6ZUM4	ARHGAP27		Nucleoplasm, Cytosol
Q9P2N2	ARHGAP28		Nucleoplasm, Cell Junctions
Q52LW3	ARHGAP29		Nucleoplasm, Centrosome
Q7Z6I6	ARHGAP30		Vesicles
A7KAX9	ARHGAP32		Golgi apparatus
O14559	ARHGAP33		Plasma membrane
Q9NRY4	ARHGAP35		Nuclear bodies
Q6ZRI8	ARHGAP36		Nucleoplasm
Q9C0H5	ARHGAP39		Nucleoplasm
P98171	ARHGAP4		Cytosol
Q5TG30	ARHGAP40		Plasma membrane, Cytosol
A6NI28	ARHGAP42		Nuclear speckles
Q92619	ARHGAP45		Plasma membrane, Cytosol
Q13017	ARHGAP5		Endoplasmic reticulum, Cytosol
O43182	ARHGAP6		Cytosol
Q9BRR9	ARHGAP9		Plasma membrane
P52565	ARHGDIA		Cytosol
P52566	ARHGDIB		Cytosol
Q99819	ARHGDIG		Plasma membrane, Cytosol
Q92888	ARHGEF1		Plasma membrane, Cytosol
O15013	ARHGEF10		Nucleoplasm
Q9HCE6	ARHGEF10L		Golgi apparatus, Vesicles, Cytosol
O15085	ARHGEF11		Plasma membrane
Q9NZN5	ARHGEF12		Plasma membrane, Cytosol
O94989	ARHGEF15		Plasma membrane
Q96PE2	ARHGEF17		Cytosol
Q6ZSZ5	ARHGEF18		Cytosol
Q8IW93	ARHGEF19		Nuclear bodies
Q96DR7	ARHGEF26		Plasma membrane
Q8N1W1	ARHGEF28		Microtubules, Cytosol
Q9NR81	ARHGEF3		Cytosol
A8MVX0	ARHGEF33		Vesicles
A1IGU5	ARHGEF37		Cytosol
Q9NXL2	ARHGEF38		Nucleoplasm
Q8TER5	ARHGEF40		Plasma membrane, Cytosol
Q12774	ARHGEF5		Plasma membrane, Cytosol
Q15052	ARHGEF6		Plasma membrane, Cytosol
O43307	ARHGEF9		Cytosol
O14497	ARID1A		Nucleoplasm
Q8NFD5	ARID1B		Nucleoplasm
Q68CP9	ARID2		Nucleoplasm
Q99856	ARID3A		Nucleoplasm
Q8IVW6	ARID3B		Nucleoplasm
P29374	ARID4A		Nucleoplasm
Q4LE39	ARID4B		Mitochondria, Cytosol
Q03989	ARID5A		Nucleoplasm
Q14865	ARID5B		Endoplasmic reticulum
Q9Y4X5	ARIH1		Nucleoplasm
O95376	ARIH2		Nucleoplasm
P40616	ARL1		Golgi apparatus
Q969Q4	ARL11		Intermediate filaments, Cytosol
Q5H913	ARL13A		Plasma membrane, Actin filaments, Connecting piece, Mid piece
Q3SXY8	ARL13B		Microtubules, Primary cilium, Primary cilium transition zone
Q8N8R7	ARL14EP		Vesicles, Focal adhesion sites, Cytosol
Q9NXU5	ARL15		Microtubules, Primary cilium
Q0P5N6	ARL16		Primary cilium, Basal body
Q8IVW1	ARL17A		Nucleoplasm
I3L3L1	ARL17B		Nucleoplasm
P36404	ARL2		Nucleoplasm, Basal body, Flagellar centriole
Q9Y2Y0	ARL2BP		Nucleoplasm, Cytosol
P36405	ARL3		Nucleoplasm, Centrosome, Basal body
P40617	ARL4A		Nucleoplasm, Cytosol
P56559	ARL4C		Plasma membrane
P49703	ARL4D		Vesicles
Q9H0F7	ARL6		Microtubules, Primary cilium
Q15041	ARL6IP1		Endoplasmic reticulum
Q66PJ3	ARL6IP4		Nucleoplasm
O75915	ARL6IP5		Endoplasmic reticulum
Q8N6S5	ARL6IP6		Nuclear membrane
Q6T311	ARL9		Plasma membrane
Q9NVT9	ARMC1		Mitochondria
Q8N2F6	ARMC10		Mitochondria
Q5T9G4	ARMC12		Mitochondria
Q8NEN0	ARMC2		Nucleoplasm
Q96C12	ARMC5		Nucleoplasm, Cytosol
Q6NXE6	ARMC6		Cytosol
Q9H6L4	ARMC7		Cytosol
Q8IUR7	ARMC8		Nucleoplasm
Q7Z3E5	ARMC9		Flagellar centriole
Q9P291	ARMCX1		Mitochondria
Q7L311	ARMCX2		Mitochondria
Q9UH62	ARMCX3		Nucleoplasm
Q5H9R4	ARMCX4		Nucleoplasm
Q6P1M9	ARMCX5		Nuclear speckles, Cytosol
	ARMCX5-GPRASP2		Cytosol
Q7L4S7	ARMCX6		Cytosol
Q6PIY5	ARMH1		Plasma membrane, Cytosol
Q5T2E6	ARMH3		Vesicles
Q86TY3	ARMH4		Plasma membrane
P0C7Q2	ARMS2		End piece
Q9H993	ARMT1		Nuclear bodies
P27540	ARNT		Nucleoplasm, Nuclear bodies
Q9HBZ2	ARNT2		Nucleoplasm
Q92747	ARPC1A		Cell Junctions
O15143	ARPC1B		Vesicles, Cytosol
O15144	ARPC2		Nucleoplasm
O15145	ARPC3		Nucleoplasm
O15511	ARPC5		Vesicles, Plasma membrane, Cell Junctions, Cytosol
	ARPIN-AP3S2		Vesicles
P56211	ARPP19		Vesicles, Basal body
Q9UBL0	ARPP21		Nucleoli
P36575	ARR3		Golgi apparatus
P49407	ARRB1		Nucleoplasm
P32121	ARRB2		Plasma membrane, Cytosol
Q8TBH0	ARRDC2		Nucleoplasm
Q8NCT1	ARRDC4		Plasma membrane
O43681	ARSA	Intracellular and membrane	Golgi apparatus
P15289	ARSA	Intracellular and membrane	Golgi apparatus
P15848	ARSB	Intracellular and membrane	Golgi apparatus
P51689	ARSD		Vesicles, Lipid droplets
P54793	ARSF	Secreted in other tissues	Vesicles, Cytosol
Q5FYB1	ARSI	Secreted in other tissues	Golgi apparatus
Q5FYB0	ARSJ	Secreted in other tissues	Actin filaments
Q6UWY0	ARSK	Secreted in other tissues	Vesicles
P51690	ARSL		Golgi apparatus
Q13508	ART3	Intracellular and membrane	Principal piece, End piece
Q93070	ART4	Secreted to blood	Rods & Rings
Q9ULX3	ART4	Secreted to blood	Rods & Rings
Q9H2C2	ARV1		Vesicles
O00192	ARVCF		Plasma membrane, Cell Junctions
Q9HBK9	AS3MT		Mitochondria
Q9NR71	ASAH2	Intracellular and membrane	Focal adhesion sites
P0C7U1	ASAH2B		Focal adhesion sites
Q9ULH1	ASAP1		Golgi apparatus, Plasma membrane
O43150	ASAP2		Cytosol
Q8TDY4	ASAP3		Vesicles
Q9Y576	ASB1		Nucleoplasm
Q8WXK3	ASB13		Nucleoplasm, Golgi apparatus
A6NK59	ASB14		Cytosol
Q96NS5	ASB16		Focal adhesion sites
Q6ZVZ8	ASB18		Mitochondria
Q96Q27	ASB2		Nucleoli fibrillar center
Q8WWX0	ASB5		Plasma membrane
Q9H672	ASB7		Golgi apparatus, Vesicles
Q8N9N2	ASCC1		Nucleoplasm
Q9H1I8	ASCC2		Focal adhesion sites, Cytosol
Q8N3C0	ASCC3		Cytosol
P50553	ASCL1		Nucleoplasm
Q9Y294	ASF1A		Nucleoplasm
Q9NVP2	ASF1B		Nucleoplasm
P07306	ASGR1	Secreted to blood	Vesicles
P07307	ASGR2		Endoplasmic reticulum, Plasma membrane
Q9NR48	ASH1L		Nucleoplasm, Golgi apparatus
Q9UBL3	ASH2L		Nucleoplasm
P78348	ASIC1		Golgi apparatus, Plasma membrane
Q9UHC3	ASIC3		Nucleoplasm, Cytosol
Q96FT7	ASIC4		Golgi apparatus
P42127	ASIP	Secreted to blood	Vesicles
P04424	ASL		Cytosol
O95671	ASMTL		Cytosol
P08243	ASNS		Cytosol
Q9NWL6	ASNSD1		Cytosol
P45381	ASPA		Cytosol
A6ND91	ASPDH		Nucleoplasm
Q12797	ASPH		Endoplasmic reticulum
Q8IZT6	ASPM		Plasma membrane, Cytosol
Q9BXN1	ASPN	Secreted to extracellular matrix	Nucleoplasm
Q53RT3	ASPRV1		Cytosol
Q9BZE9	ASPSCR1		Nucleoplasm
Q7L266	ASRGL1		Microtubules
P00966	ASS1		Cytosol
Q2TB18	ASTE1		Endoplasmic reticulum
O14525	ASTN1		Golgi apparatus
O75129	ASTN2		Cytosol
Q8IXJ9	ASXL1		Nucleoplasm, Nucleoli
Q76L83	ASXL2		Nucleoplasm
Q8WWH4	ASZ1		Cytosol
Q8NBU5	ATAD1		Nucleoli rim
Q6PL18	ATAD2		Nucleoplasm
Q9ULI0	ATAD2B		Nucleoplasm
Q9NVI7	ATAD3A		Mitochondria
Q5T9A4	ATAD3B		Mitochondria
Q5T2N8	ATAD3C		Mitochondria
Q96QE3	ATAD5		Nucleoplasm
Q5SQI0	ATAT1	Intracellular and membrane	Cytosol
O95260	ATE1		Nucleoplasm
P18846	ATF1		Nucleoplasm
P15336	ATF2		Nucleoplasm
P18847	ATF3		Nucleoplasm, Nucleoli, Basal body
P18848	ATF4		Nucleoplasm
Q9Y2D1	ATF5		Nucleoplasm
P18850	ATF6		Nucleoplasm, Golgi apparatus
Q99941	ATF6B		Nucleoplasm
P17544	ATF7		Nucleoplasm, Cytosol
	ATF7-NPFF		Nucleoplasm, Cytosol
Q6VMQ6	ATF7IP		Nucleoplasm, Nuclear bodies
Q9H0Y0	ATG10		Nucleoli
O94817	ATG12		Nucleoplasm, Vesicles
O75143	ATG13		Cytosol
Q6ZNE5	ATG14		Vesicles, Plasma membrane
Q676U5	ATG16L1		Cytosol
Q8NAA4	ATG16L2		Nucleoplasm
Q2TAZ0	ATG2A		Vesicles
Q96BY7	ATG2B		Endoplasmic reticulum, Vesicles
Q9NT62	ATG3		Plasma membrane, Cytosol
Q8WYN0	ATG4A		Microtubules
Q9Y4P1	ATG4B		Nucleoplasm, Cytosol
Q96DT6	ATG4C		Nucleoplasm, Cytosol
Q86TL0	ATG4D		Nucleoplasm, Mitochondria
Q9H1Y0	ATG5		Primary cilium transition zone, Centrosome, Basal body
O95352	ATG7		Cytosol
Q7Z3C6	ATG9A		Vesicles
P31939	ATIC		Cytosol
Q8NHH9	ATL2		Endoplasmic reticulum
Q6DD88	ATL3		Endoplasmic reticulum
Q13315	ATM		Nucleoplasm, Vesicles
O43313	ATMIN		Nuclear bodies
P54259	ATN1		Nucleoplasm
Q92858	ATOH1		Nucleoplasm
Q8N100	ATOH7		Nucleoplasm, Flagellar centriole
Q96SQ7	ATOH8		Nucleoplasm
Q32MH5	ATOSA		Nucleoplasm
Q7L5A3	ATOSB		Nucleoplasm, Nucleoli fibrillar center
O00244	ATOX1		Nucleoplasm
Q9P241	ATP10D		Nucleoplasm, Plasma membrane
P98196	ATP11A		Vesicles
Q9Y2G3	ATP11B		Centriolar satellite, Cytosol
P54707	ATP12A		Plasma membrane, Actin filaments
Q9HD20	ATP13A1		Vesicles
Q9H7F0	ATP13A3		Nucleoli
Q4VNC0	ATP13A5		Plasma membrane
P05023	ATP1A1		Vesicles, Plasma membrane
P54709	ATP1B3		Plasma membrane
Q9Y6H3	ATP23		Vesicles, Plasma membrane
O14983	ATP2A1		Endoplasmic reticulum
P16615	ATP2A2		Nucleoplasm, Plasma membrane
P20020	ATP2B1		Plasma membrane
Q16720	ATP2B3		Nucleoplasm, Plasma membrane
P23634	ATP2B4		Plasma membrane, Primary cilium
P98194	ATP2C1		Golgi apparatus
O75185	ATP2C2		Plasma membrane, Focal adhesion sites
P51164	ATP4B		Plasma membrane
P25705	ATP5F1A		Mitochondria
P06576	ATP5F1B		Mitochondria
P30049	ATP5F1D		Mitochondria, Principal piece
Q9UII2	ATP5IF1		Mitochondria
P56385	ATP5ME		Mitochondria
P56134	ATP5MF		Mitochondria
	ATP5MF-PTCD1		Mitochondria
O75964	ATP5MG		Mitochondria
Q7Z4Y8	ATP5MGL		Mitochondria
P56378	ATP5MJ		Mitochondria
Q96IX5	ATP5MK		Mitochondria
P24539	ATP5PB		Mitochondria
O75947	ATP5PD		Mitochondria
P18859	ATP5PF		Mitochondria
P48047	ATP5PO		Mitochondria
Q93050	ATP6V0A1		Golgi apparatus, Vesicles
Q9Y487	ATP6V0A2		Plasma membrane, Connecting piece, Mid piece
Q9HBG4	ATP6V0A4		Cytosol
Q99437	ATP6V0B		Cytosol
P27449	ATP6V0C		Vesicles
Q8N8Y2	ATP6V0D2		Vesicles
P38606	ATP6V1A		Vesicles, Cytosol
P15313	ATP6V1B1		Nucleoplasm, Nuclear membrane
P21281	ATP6V1B2		Vesicles
P21283	ATP6V1C1		Nucleoplasm
Q8NEY4	ATP6V1C2		Mitochondria
Q9Y5K8	ATP6V1D		Plasma membrane
O75348	ATP6V1G1		Nucleoli
Q9UI12	ATP6V1H		Actin filaments, Cytosol
Q04656	ATP7A		Golgi apparatus
P35670	ATP7B		Golgi apparatus
Q9Y2Q0	ATP8A1		Cytosol
Q9NTI2	ATP8A2		Plasma membrane
O43520	ATP8B1		Plasma membrane, Cytosol
P98198	ATP8B2		Plasma membrane
Q8TF62	ATP8B4		Nucleoplasm, Vesicles
Q5TC12	ATPAF1		Mitochondria
Q8N5M1	ATPAF2		Cytosol
Q6P4H8	ATPSCKMT		Nucleoplasm, Vesicles
P20848	ATR		Nucleoplasm
Q13535	ATR		Nucleoplasm
Q8WXE1	ATRIP		Nucleoplasm
O75882	ATRN	Secreted to blood	Cytosol
Q5VV63	ATRNL1		Nucleoplasm, Mitochondria
P46100	ATRX		Nuclear bodies
P54253	ATXN1		Nucleoplasm
Q9UBB4	ATXN10		Plasma membrane
P0C7T5	ATXN1L		Nucleoplasm
Q99700	ATXN2		Cytosol
Q8WWM7	ATXN2L		Cytosol
P54252	ATXN3		Nucleoplasm, Nucleoli
O15265	ATXN7		Nucleoplasm, Cytosol
Q9ULK2	ATXN7L1		Nucleoplasm, Cytosol
Q5T6C5	ATXN7L2		Nucleoli rim
Q14CW9	ATXN7L3		Nuclear speckles
Q96GX2	ATXN7L3B		Nucleoplasm
Q13825	AUH		Cytosol
Q9H7T9	AUNIP		Centrosome
Q9Y679	AUP1		Nucleoplasm, Vesicles
O14965	AURKA		Mitotic spindle, Centrosome, Basal body
	AURKAIP1		Nucleoplasm, Mitochondria
Q96GD4	AURKB		Nucleoplasm
Q8WXX7	AUTS2		Nucleoplasm
Q9NQS1	AVEN		Plasma membrane, Actin filaments
Q8NBF6	AVL9		Endoplasmic reticulum
Q5T686	AVPI1		Nucleoplasm, Plasma membrane
Q5T1B0	AXDND1		Primary cilium, Cytosol
O15169	AXIN1		Nucleoplasm, Vesicles, Primary cilium
Q9Y2T1	AXIN2		Nucleoplasm, Plasma membrane, Cytosol
P30530	AXL		Plasma membrane
P25311	AZGP1	Secreted to blood	Vesicles
O14977	AZIN1		Nucleoli, Nucleoli rim
Q96A70	AZIN2		Cytosol
P20160	AZU1	Secreted to blood	Vesicles
P61769	B2M	Secreted to blood	Golgi apparatus, Plasma membrane
O75752	B3GALNT1		Vesicles
Q8NCR0	B3GALNT2	Intracellular and membrane	Golgi apparatus
O43825	B3GALT2		Plasma membrane
Q9P2W7	B3GAT1	Secreted in brain	Vesicles
Q9NY97	B3GNT2		Vesicles
Q9C0J1	B3GNT4		Mitochondria
Q9BYG0	B3GNT5		Nucleoli
Q8NFL0	B3GNT7		Golgi apparatus
Q6UX72	B3GNT9	Intracellular and membrane	Golgi apparatus
Q67FW5	B3GNTL1		Nucleoli, Nucleoli fibrillar center
Q6L9W6	B4GALNT3		Golgi apparatus
Q76KP1	B4GALNT4		Nucleoplasm, Cytosol
P15291	B4GALT1	Intracellular and membrane	Golgi apparatus
O60909	B4GALT2		Golgi apparatus, Vesicles
O60512	B4GALT3		Golgi apparatus
O60513	B4GALT4	Intracellular and membrane	Golgi apparatus
O43286	B4GALT5		Vesicles
Q9UPM9	B9D1		Nucleoplasm, Acrosome, Equatorial segment, Mid piece
Q9BPU9	B9D2		Nucleoli, Golgi apparatus
Q8WXS3	BAALC		Cytosol
Q14032	BAAT		Vesicles
Q9NWV8	BABAM1		Nuclear bodies
Q9NXR7	BABAM2		Cytosol
P56817	BACE1		Plasma membrane
O14867	BACH1		Nucleoplasm
Q9BX63	BACH1		Nucleoplasm
Q9BYV9	BACH2		Nucleoplasm
Q92934	BAD		Mitochondria
Q99933	BAG1		Nucleoplasm
O95816	BAG2		Cytosol
O95817	BAG3		Cytosol
Q9UL15	BAG5		Vesicles
P46379	BAG6	Intracellular and membrane	Nucleoplasm
Q9P281	BAHCC1		Nucleoli
Q8TBE0	BAHD1		Nucleoplasm
Q9UQB8	BAIAP2		Plasma membrane, Cytosol
Q9UHR4	BAIAP2L1		Plasma membrane
Q13145	BAMBI		Vesicles
O75531	BANF1		Nucleoplasm
Q8NDB2	BANK1		Plasma membrane, Cytosol
Q8N9N5	BANP		Nucleoplasm
Q92560	BAP1		Nucleoplasm
Q96QZ7	BAP1		Nucleoplasm
Q99496	BAP1		Nucleoplasm
Q99728	BARD1		Nucleoplasm, Nuclear speckles
Q9HBU1	BARX1		Nucleoplasm
Q9UMQ3	BARX2		Nucleoplasm
P80723	BASP1		Plasma membrane
Q16520	BATF		Nucleoplasm
Q8N1L9	BATF2		Nucleoli
Q9NR55	BATF3		Nucleoli
Q07812	BAX		Vesicles
Q9UIG0	BAZ1B		Nucleoplasm
Q9UIF9	BAZ2A		Nuclear speckles
Q9UIF8	BAZ2B		Nucleoplasm
Q96PG8	BBC3		Cytosol
Q9BXH1	BBC3		Cytosol
A8MTZ0	BBIP1		Nucleoplasm, Basal body, Cytosol
Q9BUW7	BBLN		Microtubules
Q8ND07	BBOF1		Nucleoplasm
O75936	BBOX1		Vesicles
Q8NFJ9	BBS1		Midbody
Q9BXC9	BBS2		Vesicles
Q96RK4	BBS4		Cytosol, Flagellar centriole, Principal piece
Q8N3I7	BBS5		Basal body, Cytosol, Acrosome
Q3SYG4	BBS9		Primary cilium, Primary cilium tip, Primary cilium transition zone, Flagellar centriole, Mid piece, Principal piece
Q8WY36	BBX		Nucleoplasm
P50895	BCAM		Nucleoli fibrillar center
Q9UHQ4	BCAP29		Cytosol
P51572	BCAP31		Endoplasmic reticulum
P56945	BCAR1		Plasma membrane, Focal adhesion sites
O75815	BCAR3		Plasma membrane, Cytosol
O75363	BCAS1		Vesicles
O75934	BCAS2		Nuclear speckles, Centrosome
Q9H6U6	BCAS3		Nucleoli
Q8TDM0	BCAS4		Intermediate filaments, Cytosol
O15382	BCAT2		Nucleoplasm, Mitochondria
Q9P287	BCCIP		Nucleoplasm
Q7Z5W3	BCDIN3D		Cytosol
P21953	BCKDHB		Mitochondria
O14874	BCKDK		Mitochondria
O95999	BCL10		Cytosol
Q9H165	BCL11A		Nucleoplasm
Q9C0K0	BCL11B		Nucleoplasm
P10415	BCL2		Mitochondria
Q07817	BCL2L1		Mitochondria
O43521	BCL2L11		Mitochondria
Q9HB09	BCL2L12		Vesicles
Q9BXK5	BCL2L13		Mitochondria
Q9BZR8	BCL2L14		Cytosol
Q92843	BCL2L2		Nucleoplasm
	BCL2L2-PABPN1		Nucleoplasm
P20749	BCL3		Nucleoplasm
P41182	BCL6		Nucleoplasm
Q8N143	BCL6B		Nucleoplasm
Q4VC05	BCL7A		Nucleoplasm, Vesicles
Q9BQE9	BCL7B		Nucleoplasm
Q8WUZ0	BCL7C		Nucleoplasm
O00512	BCL9		Nucleoplasm, Nuclear bodies
Q86UU0	BCL9L		Nucleoplasm
Q9NYF8	BCLAF1		Nuclear speckles
A2AJT9	BCLAF3		Nucleoplasm
Q9HAY6	BCO1		Actin filaments, Centriolar satellite
Q6W2J9	BCOR		Nucleoplasm
Q5H9F3	BCORL1		Nucleoplasm
P11274	BCR		Plasma membrane, Cytosol
Q9Y276	BCS1L		Vesicles
Q02338	BDH1		Mitochondria
Q9BUT1	BDH2		Cytosol
P30411	BDKRB2		Plasma membrane
A6H8Y1	BDP1		Nucleoplasm
Q99952	BDP1		Nucleoplasm
Q3B7T3	BEAN1		Nucleoplasm
Q14457	BECN1		Cytosol
Q9BUH8	BEGAIN		Nucleoplasm
Q5T5X7	BEND3		Nucleoplasm
Q6ZU67	BEND4		Nucleoli fibrillar center
Q7L4P6	BEND5		Nuclear speckles
Q5SZJ8	BEND6		Nucleoplasm, Plasma membrane
Q8N7W2	BEND7		Nucleoplasm, Nucleoli fibrillar center
Q8NFU1	BEST2		Flagellar centriole, Principal piece, End piece
Q9NYM9	BET1L		Golgi apparatus
Q9HBH7	BEX1		Cytosol
Q9BXY8	BEX2		Cytosol
Q00994	BEX3		Cytosol
Q9NWD9	BEX4		Nucleoplasm, Cytosol
Q12934	BFSP1		Plasma membrane, Cytosol
Q13515	BFSP2		Plasma membrane, Cytosol
P21810	BGN	Secreted to extracellular matrix	Golgi apparatus
Q7RTS1	BHLHA15		Nucleoplasm, Golgi apparatus
Q8NFJ8	BHLHE22		Nucleoplasm, Nuclear speckles
O14503	BHLHE40		Nuclear bodies
Q9C0J9	BHLHE41		Nucleoplasm
Q93088	BHMT		Cytosol
Q9H694	BICC1		Cytosol
Q96G01	BICD1		Vesicles
Q8TD16	BICD2		Golgi apparatus, Plasma membrane, Cytosol
Q6ZP65	BICDL1		Nucleoplasm, Cytosol
A1A5D9	BICDL2		Intermediate filaments, Actin filaments, Cytosol
Q9NZM4	BICRA		Nucleoplasm
Q6AI39	BICRAL		Nucleoplasm
P55957	BID		Cytosol
O00499	BIN1		Cytosol
Q9UBW5	BIN2		Plasma membrane
Q13490	BIRC2		Nucleoli fibrillar center, Cytosol
Q13489	BIRC3		Nucleoplasm, Cytosol
O15392	BIRC5		Cytokinetic bridge
Q9NR09	BIRC6		Golgi apparatus, Vesicles
Q96CA5	BIRC7		Nucleoplasm
Q86UB2	BIVM		Nucleoplasm
	BIVM-ERCC5		Nucleoplasm
P62952	BLCAP		Nucleoli
Q8IZY5	BLID		Cytosol
P51451	BLK		Nucleoplasm
P54132	BLM		Nucleoplasm
Q13867	BLMH		Nucleoplasm, Nuclear bodies, Cytosol
Q8WV28	BLNK		Plasma membrane
Q6QNY0	BLOC1S3		Golgi apparatus
Q9NUP1	BLOC1S4		Vesicles
Q8TDH9	BLOC1S5		Vesicles
Q2LD37	BLTP1		Nucleoplasm, Centrosome
Q14667	BLTP2		Nuclear speckles, Cytosol
Q6BDS2	BLTP3A		Nucleoplasm, Nuclear membrane
A0JNW5	BLTP3B		Nucleoplasm
P53004	BLVRA		Cytosol
P30043	BLVRB		Cytosol
Q9H2G9	BLZF1		Golgi apparatus
O00327	BMAL1		Nucleoplasm
Q8WYA1	BMAL2		Nucleoplasm, Nucleoli
Q96MC5	BMERB1		Cytosol
Q96LC9	BMF		Cytosol
P35226	BMI1		Nucleoplasm, Nuclear bodies
P12643	BMP2	Secreted to blood	Vesicles
Q9NSY1	BMP2K		Nuclear speckles
P22004	BMP6	Secreted to blood	Mitochondria
P18075	BMP7	Secreted to blood	Vesicles
Q7Z5Y6	BMP8A	Secreted to blood	Vesicles
P34820	BMP8B	Secreted to blood	Vesicles
P36894	BMPR1A		Cytosol
Q13873	BMPR2		Nucleoplasm, Plasma membrane
Q14692	BMS1		Nucleoplasm, Nucleoli, Mitotic chromosome
Q1RMZ1	BMT2		Cytosol
P51813	BMX		Plasma membrane
Q01954	BNC1		Nucleoplasm
Q6ZN30	BNC2		Nucleoli fibrillar center
Q12981	BNIP1		Endoplasmic reticulum
Q12982	BNIP2		Cytosol
O60238	BNIP3L		Mitochondria
P0C671	BNIP5		Cytosol
Q7Z465	BNIPL		Cytosol
Q9BWV1	BOC	Intracellular and membrane	Nuclear bodies, Plasma membrane
Q8NFC6	BOD1L1		Nucleoplasm
Q9H3K6	BOLA2B		Nucleoplasm
Q53S33	BOLA3		Nuclear bodies, Mitochondria
Q8N9W6	BOLL		Annulus
Q14137	BOP1		Nucleoli, Nucleoli rim
Q6PGQ7	BORA		Nucleoplasm, Nucleoli fibrillar center
Q969J3	BORCS5		Vesicles, Plasma membrane
Q96GS4	BORCS6		Golgi apparatus, Vesicles
Q96B45	BORCS7		Vesicles, Cytosol
Q96FH0	BORCS8		Vesicles
	BORCS8-MEF2B		Nucleoplasm, Cytosol
P07738	BPGM		Nucleoli, Nucleoli rim
Q86WA6	BPHL		Mitochondria
Q8N4F0	BPIFB2	Secreted in other tissues	Vesicles
P59827	BPIFB4	Secreted - unknown location	Actin filaments, Cytosol
O95861	BPNT1		Nuclear speckles
Q9NX62	BPNT2		Golgi apparatus
Q12830	BPTF		Nucleoplasm
P15056	BRAF		Vesicles, Cytosol
Q6UWU4	BRAP		Cytosol
Q7Z569	BRAP		Cytosol
Q6PJG6	BRAT1		Nucleoplasm
P38398	BRCA1		Nuclear bodies
P51587	BRCA2		Nucleoplasm
P46736	BRCC3		Nucleoplasm
O95696	BRD1		Nuclear speckles
P25440	BRD2		Nucleoplasm, Nuclear speckles
Q15059	BRD3		Nucleoplasm
A0A1B0GUI7	BRD3OS		Nucleoplasm, Nucleoli
O60885	BRD4		Nucleoplasm
Q9NPI1	BRD7		Nucleoplasm
Q9H0E9	BRD8		Nucleoplasm
Q9H8M2	BRD9		Nucleoplasm
Q07352	BRF1		Nucleoplasm, Nuclear bodies
Q92994	BRF1		Nucleoplasm, Nuclear bodies
Q9HAW0	BRF2		Nucleoli
Q8WY22	BRI3BP		Nucleoplasm, Mitochondria
Q6PL45	BRICD5		Actin filaments
O60477	BRINP1	Intracellular and membrane	Microtubules
Q9P0J6	BRIP1		Nucleoplasm, Nuclear membrane
Q8TDN6	BRIX1		Nucleoli, Mitotic chromosome
Q8WUW1	BRK1		Nuclear speckles
Q0VDD7	BRME1		Nucleoplasm
Q9HCU9	BRMS1		Centrosome
Q5PSV4	BRMS1L		Nucleoplasm
Q5VW32	BROX		Golgi apparatus
P55201	BRPF1		Nucleoplasm
Q9ULD4	BRPF3		Nucleoplasm
Q8TDC3	BRSK1		Nucleoplasm
Q8IWQ3	BRSK2		Golgi apparatus
Q9NSI6	BRWD1		Nucleoplasm, Cytosol
Q6RI45	BRWD3		Nucleoplasm
Q9NW68	BSDC1		Golgi apparatus
P35613	BSG		Vesicles
Q5W0U4	BSPRY		Nucleoplasm
Q10589	BST2		Golgi apparatus, Vesicles
O14981	BTAF1		Nucleoplasm
Q9H0C5	BTBD1		Cytoplasmic bodies
Q9BSF8	BTBD10		Nucleoli fibrillar center
Q32M84	BTBD16		Nucleoli
A6NE02	BTBD17	Secreted in brain	Cytosol
B2RXH4	BTBD18		Nucleoplasm, Plasma membrane
C9JJ37	BTBD19		Cytosol
Q9Y2F9	BTBD3		Vesicles
Q96KE9	BTBD6		Nucleoplasm
Q9P203	BTBD7		Focal adhesion sites
Q5XKL5	BTBD8		Nucleoplasm
Q96Q07	BTBD9		Nucleoplasm
O00478	BTF3		Cytosol
P20290	BTF3		Cytosol
P78410	BTF3		Cytosol
Q96K17	BTF3L4		Nucleoplasm, Cytosol
P62324	BTG1		Nucleoplasm
P78543	BTG2		Vesicles
Q9NY30	BTG4		Endoplasmic reticulum, Golgi apparatus
Q06187	BTK		Plasma membrane, Cytosol
Q7KYR7	BTN2A1		Plasma membrane
Q8WVV5	BTN2A2		Mitochondria
O00481	BTN3A1		Vesicles
	BTN3A3		Nucleoplasm, Plasma membrane
Q6UXG8	BTNL9		Nuclear membrane
Q9Y297	BTRC		Nucleoplasm
O43683	BUB1		Nucleoplasm
O60566	BUB1B		Cytosol
O43684	BUB3		Nucleoplasm
Q9BRD0	BUD13		Nucleoplasm
O43709	BUD23		Nucleoplasm, Nucleoli
P41223	BUD31		Nucleoplasm
Q8NE79	BVES		Plasma membrane, Cell Junctions
Q13895	BYSL		Nucleoli, Nucleoli rim, Mitotic chromosome
Q7L1Q6	BZW1		Vesicles
Q9Y6E2	BZW2		Plasma membrane, Actin filaments, Cytosol
Q5T681	C10orf62		Cytosol
Q8IYJ2	C10orf67		Vesicles, Microtubules, Mitochondria
Q711Q0	C10orf71		Nucleoplasm
Q8WW14	C10orf82		Mitochondria
Q96M02	C10orf90		Cytosol
Q9H5F2	C11orf1		Nucleoplasm
Q9NQ32	C11orf16		Endoplasmic reticulum
Q9P2W6	C11orf21		Nucleoplasm
Q96F05	C11orf24		Nucleoplasm, Golgi apparatus
Q8N5U0	C11orf42		Plasma membrane
Q96A22	C11orf52		Cell Junctions
Q9H0W9	C11orf54		Nuclear bodies
O00193	C11orf58		Endoplasmic reticulum
Q9H3H3	C11orf68		Nucleoplasm, Nucleoli
Q6IPW1	C11orf71		Nucleoplasm
Q8N6T0	C11orf80		Centrosome
Q3C1V1	C11orf91		Vesicles
Q7Z7L8	C11orf96		Nucleoplasm, Cytosol
Q8N999	C12orf29		Vesicles
Q9NQ89	C12orf4		Nuclear bodies
Q86WS4	C12orf40		Golgi apparatus
Q96C57	C12orf43		Nucleoli
Q6X4T0	C12orf54		Intermediate filaments
Q99622	C12orf57		Nuclear speckles
Q5U649	C12orf60		Cytosol
A8MTZ7	C12orf71		Cytosol
Q69YU5	C12orf73	Intracellular and membrane	Centrosome, Mitochondria
Q8TAD7	C12orf75		Vesicles
Q9NWQ9	C14orf119		Mitochondria
Q4W4Y0	C14orf28		Cytosol
Q8N1H7	C14orf39		Nucleoplasm, Nucleoli
Q9H972	C14orf93	Secreted to blood	Nucleoplasm, Plasma membrane
Q6ZRI6	C15orf39		Cytosol
Q8WUR7	C15orf40		Nucleoplasm, Golgi apparatus
A6NNL5	C15orf61	Secreted - unknown location	Nucleoli, Vesicles
Q6P387	C16orf46		Nucleoplasm
Q96GX8	C16orf74		Plasma membrane
Q8WTQ4	C16orf78		Connecting piece, Mid piece, Principal piece, End piece
Q6PH81	C16orf87		Nucleoplasm
Q9H693	C16orf95		Endoplasmic reticulum
A6NNT2	C16orf96		Centriolar satellite
A8MU93	C17orf100		Nucleoplasm
Q6ZR85	C17orf107		Nucleoplasm
Q8IXM2	C17orf49		Nucleoplasm
Q8WW18	C17orf50		Nucleoplasm
Q2M2W7	C17orf58		Plasma membrane, Cytosol
Q9HAS0	C17orf75		Golgi apparatus, Cytosol
Q9BSJ5	C17orf80		Mitochondria
Q6ZQX7	C17orf97		Nucleoli
Q32NC0	C18orf21		Nucleoli, Plasma membrane
Q96B23	C18orf25		Nucleoplasm
Q8TCD1	C18orf32		Vesicles
Q8IYD9	C18orf54	Secreted in male reproductive system	Cytosol
Q68DL7	C18orf63		Mitochondria
Q9NSK7	C19orf12		Cytosol
Q8NEA5	C19orf18		Golgi apparatus
Q9UFG5	C19orf25		Intermediate filaments
Q9GZP8	C19orf33		Nucleoplasm
A8MVS5	C19orf38		Cytosol
Q9H6X5	C19orf44		Nucleoplasm
Q8N9M1	C19orf47	Intracellular and membrane	Nucleoplasm
Q9UNZ5	C19orf53		Nucleoplasm, Nucleoli
Q5BKX5	C19orf54		Intermediate filaments
A6NJJ6	C19orf67		Cytosol
Q9NVV2	C19orf73		Nucleoplasm, Cytosol
C9J6K1	C19orf81		Vesicles, Aggresome
I3L1E1	C19orf84		Vesicles
Q13901	C1D		Nucleoplasm, Nucleoli
Q9NS00	C1GALT1		Nuclear bodies, Cytosol
Q96EU7	C1GALT1C1		Vesicles
Q5SVJ3	C1orf100		Nucleoplasm
O95561	C1orf105		Vesicles
Q9NX04	C1orf109		Cytosol
Q9NSG2	C1orf112		Nucleoplasm
Q9BW04	C1orf116		Plasma membrane, Cytosol
Q8N9H9	C1orf127		Nuclear speckles, Cytosol
Q5JVX7	C1orf141		Intermediate filaments
Q5VVC0	C1orf146		Centriolar satellite
Q96HA4	C1orf159		Nucleoli rim, Mitotic chromosome
Q8NEQ5	C1orf162		Nucleoplasm, Golgi apparatus
Q8IYL3	C1orf174		Nucleoplasm
Q9H425	C1orf198		Cytosol
Q9H246	C1orf21		Nucleoplasm, Cytosol
Q8IVY1	C1orf210		Nucleoli, Nucleoli rim
Q8TAB5	C1orf216		Nucleoplasm, Cytosol
A1L170	C1orf226		Nucleoplasm
Q9BU76	C1orf35		Nuclear speckles, Plasma membrane
Q9BWL3	C1orf43		Mitochondria
Q8N6N3	C1orf52		Nucleoplasm
Q5VUE5	C1orf53		Vesicles
Q8WWF1	C1orf54	Secreted to blood	Plasma membrane
Q5T750	C1orf68		Plasma membrane
Q96LT6	C1orf74		Plasma membrane, Cytosol
Q6P1W5	C1orf94		Cytosol
Q07021	C1QBP	Secreted to blood	Plasma membrane
O75973	C1QL1	Secreted in brain	Vesicles
Q7Z5L3	C1QL2	Secreted in brain	Vesicles
Q5VWW1	C1QL3	Secreted in brain	Vesicles
Q86Z23	C1QL4	Secreted in brain	Vesicles
Q9BXJ1	C1QTNF1	Secreted to blood	Nucleoplasm, Cytosol
Q5T7M4	C1QTNF12	Secreted to blood	Vesicles
Q9BXJ5	C1QTNF2	Secreted to blood	Golgi apparatus, Centrosome
Q9BXJ4	C1QTNF3	Secreted to blood	Golgi apparatus
Q9BXJ3	C1QTNF4	Secreted in brain	Golgi apparatus, Vesicles
Q9BXI9	C1QTNF6	Secreted to blood	Nucleoplasm
Q9BXJ2	C1QTNF7	Secreted to blood	Vesicles
P00736	C1R		Nucleoplasm, Cytosol
P09871	C1S	Secreted to blood	Nucleoplasm
Q9NUB4	C20orf141		Plasma membrane
Q96LM9	C20orf173		Nucleoplasm
Q9GZN8	C20orf27	Secreted in other tissues	Nucleoplasm, Cytosol
Q9H1P6	C20orf85		Mid piece
Q9NUD7	C20orf96		Centriolar satellite
P58505	C21orf58		Nucleoplasm
Q9NYK6	C21orf91		Microtubules
Q8WYQ4	C22orf15		Endoplasmic reticulum, Plasma membrane
Q9BZE7	C22orf23		Nucleoplasm
O95567	C22orf31		Nuclear membrane
Q6P5X5	C22orf39	Intracellular and membrane	Endoplasmic reticulum
Q9Y426	C2CD2		Nucleoplasm
O14523	C2CD2L		Plasma membrane
Q4AC94	C2CD3		Nucleoplasm, Centrosome, Basal body
Q8NCU7	C2CD4A		Nucleoplasm
Q8TF44	C2CD4C		Vesicles, Primary cilium
Q86YS7	C2CD5		Cytosol
Q53TS8	C2CD6		Principal piece
Q68DN1	C2orf16		Nuclear bodies
Q9NWW7	C2orf42		Nucleoplasm
Q9BVC5	C2orf49		Nucleoplasm
Q96LR7	C2orf50		Golgi apparatus
Q6UXQ4	C2orf66	Secreted - unknown location	Nucleoplasm
Q2NKX9	C2orf68		Nucleoplasm, Nuclear membrane, Mitochondria
A6NCS6	C2orf72		Nucleoplasm, Plasma membrane
Q8N5S3	C2orf73		Nucleoplasm
A8MZ97	C2orf74		Centrosome
Q3KRA6	C2orf76		Endoplasmic reticulum
A6NCI8	C2orf78		Nucleoplasm
Q0P641	C2orf80		Golgi apparatus
A6NN90	C2orf81		Nucleoplasm, Nucleoli, Nucleoli fibrillar center
Q9HBI5	C3orf14		Plasma membrane
Q9UK00	C3orf18		Cytosol
Q8ND61	C3orf20		Plasma membrane, Cytosol
Q5JPI3	C3orf38		Plasma membrane, Cytosol
Q96BT1	C3orf49		Cytosol
Q8N813	C3orf56		Nucleoplasm
Q6ZUJ4	C3orf62		Nuclear speckles
A6NLC5	C3orf70		Cytosol
P20851	C4BPB	Secreted to blood	Golgi apparatus
Q53FE4	C4orf17		Mid piece
Q8IY42	C4orf19		Nucleoplasm
Q8WVX3	C4orf3		Endoplasmic reticulum
Q8N1A6	C4orf33		Golgi apparatus
Q96KX1	C4orf36		Focal adhesion sites, Cytosol
Q96LM5	C4orf45		Mid piece, Principal piece
Q504U0	C4orf46		Cytosol
A7E2U8	C4orf47		Principal piece, End piece
Q5BLP8	C4orf48	Secreted to blood	Cytosol
D6RIA3	C4orf54		Nuclear bodies
P21730	C5AR1		Golgi apparatus
Q8NC54	C5orf15		Golgi apparatus
Q49AR2	C5orf22		Nuclear membrane
Q7Z6I8	C5orf24		Nucleoplasm
Q6UWT4	C5orf46	Secreted in other tissues	Nuclear speckles
C9J3I9	C5orf58		Centriolar satellite
A6NC05	C5orf63		Mitochondria
Q5T5N4	C6orf118		Mitochondria
Q5T0Z8	C6orf132		Golgi apparatus, Cytosol
Q5SZD1	C6orf141		Nuclear membrane
Q5TEZ5	C6orf163		Nucleoplasm
Q5I0X4	C6orf226		Nuclear speckles
O95873	C6orf47		Cytosol
Q5T4I8	C6orf52		Nuclear speckles
Q6P5S2	C6orf58	Secreted to digestive system	Vesicles, Cytosol
Q9GZU0	C6orf62		Cytosol
Q9BPX7	C7orf25		Nucleoplasm
Q8N865	C7orf31		Nucleoplasm, Mitochondria
Q8WU49	C7orf33		Acrosome, Equatorial segment
Q9BRJ6	C7orf50		Nucleoplasm, Nucleoli
Q8NEG2	C7orf57		Cytosol
P07357	C8A	Secreted to blood	Plasma membrane
Q9H7E9	C8orf33		Nucleoplasm, Plasma membrane
Q49A92	C8orf34		Nucleoplasm, Nucleoli
	C8orf44-SGK3		Vesicles
Q96LL4	C8orf48		Cytosol
Q8NAV2	C8orf58		Nuclear bodies
Q6P047	C8orf74		Nucleoplasm
Q96EF9	C8orf76		Nucleoplasm
Q96K31	C8orf76		Nucleoplasm
Q6P1X6	C8orf82		Nucleoplasm
P0DMB2	C8orf88		Cytosol
Q5VYM1	C9orf131		Mitochondria
Q5JTZ5	C9orf152		Nucleoplasm
Q5TBE3	C9orf153		Nuclear bodies, Plasma membrane
Q8NCR6	C9orf24		Nucleoplasm, Principal piece
Q8IXQ3	C9orf40		Nucleoplasm, Cytosol
Q8TAL5	C9orf43		Cytosol
Q5T6V5	C9orf64		Golgi apparatus
Q96LT7	C9orf72	Intracellular and membrane	Vesicles, Cytosol
Q9NZ63	C9orf78		Nucleoplasm
Q96MD7	C9orf85		Golgi apparatus
Q9NS85	CA10	Secreted in brain	Vesicles
O75493	CA11	Secreted in brain	Vesicles, Microtubules
Q9NS71	CA11	Secreted in brain	Vesicles, Microtubules
Q8N1Q1	CA13		Nucleoli
Q9ULX7	CA14		Plasma membrane
P22748	CA4		Cytosol
Q8WTZ4	CA5B		Mitochondria
Q9Y2D0	CA5B		Mitochondria
P43166	CA7		Cytosol
Q16790	CA9		Plasma membrane
Q9H8G2	CAAP1		Vesicles
Q9Y376	CAB39		Vesicles
Q9H9S4	CAB39L		Vesicles
Q8IVU9	CABCOCO1		Centrosome, Basal body
Q9Y6J0	CABIN1		Nucleoplasm, Cytosol
Q8TDN4	CABLES1		Nucleoplasm, Nuclear bodies
Q9BTV7	CABLES2		Nucleoli
O75952	CABYR		Nucleoplasm, Cytosol, Principal piece
Q9UGQ2	CACFD1		Nucleoplasm
Q5VU97	CACHD1		Nucleoplasm, Nucleoli
O00555	CACNA1A		Endoplasmic reticulum
Q00975	CACNA1B		Cytosol, Acrosome, Equatorial segment
Q13936	CACNA1C		Nucleoplasm, Plasma membrane
Q01668	CACNA1D		Nuclear membrane
Q15878	CACNA1E		Plasma membrane
O43497	CACNA1G		Nucleoplasm, Acrosome, Equatorial segment, Perinuclear theca
O95180	CACNA1H		Nucleoplasm, Vesicles
Q9P0X4	CACNA1I		Plasma membrane
Q13698	CACNA1S		Acrosome, Equatorial segment
Q9NY47	CACNA2D2		Cytosol
Q8IZS8	CACNA2D3		Nucleoplasm, Principal piece
Q7Z3S7	CACNA2D4		Mid piece, Principal piece
P54284	CACNB3		Golgi apparatus, Vesicles
Q9UBN1	CACNG4		Vesicles
Q8WXS5	CACNG6		Nucleoli fibrillar center
Q9BXT2	CACNG6		Nucleoli fibrillar center
Q8WUQ7	CACTIN		Nucleoplasm, Nuclear speckles
Q86Y37	CACUL1		Nucleoplasm
Q9HB71	CACYBP		Cytosol
O76075	CAD		Cytosol
P27708	CAD		Cytosol
Q05682	CAD		Cytosol
Q9BY67	CADM1		Plasma membrane
Q8NFZ8	CADM4		Plasma membrane
Q9ULU8	CADPS		Vesicles
Q86UW7	CADPS2		Nucleoplasm, Vesicles
P05937	CALB1		Vesicles
P22676	CALB2		Cytosol
Q9P1Z2	CALCOCO1		Cytosol
Q13137	CALCOCO2		Cytosol
P30988	CALCR		Cell Junctions
Q16602	CALCRL		Plasma membrane
	CALD1		Plasma membrane, Actin filaments
Q9HA72	CALHM2		Nucleoplasm, Mitochondria
Q5JW98	CALHM4		Plasma membrane
Q8N5C1	CALHM5		Golgi apparatus
P0DP23	CALM1		Cytosol
Q96GE6	CALML4		Golgi apparatus
Q9NZT1	CALML5		Plasma membrane, Cytosol
Q8TD86	CALML6		Nuclear speckles
Q9BXU9	CALN1		Vesicles
P27797	CALR	Intracellular and membrane	Endoplasmic reticulum
O43852	CALU	Intracellular and membrane	Endoplasmic reticulum
Q14012	CAMK1		Cytosol
Q8IU85	CAMK1D		Nucleoplasm, Cytosol
Q96NX5	CAMK1G		Nucleoplasm, Cytosol
Q9UQM7	CAMK2A		Plasma membrane, Primary cilium tip, Primary cilium transition zone, Principal piece
Q13554	CAMK2B		Plasma membrane, Primary cilium tip, Primary cilium transition zone, Principal piece
Q13557	CAMK2D		Plasma membrane, Primary cilium tip, Primary cilium transition zone, Principal piece
Q13555	CAMK2G		Plasma membrane, Primary cilium tip, Primary cilium transition zone, Principal piece
Q7Z7J9	CAMK2N1		Cytosol
Q96S95	CAMK2N2		Nucleoplasm
Q16566	CAMK4		Nucleoplasm, Nucleoli fibrillar center
Q8N5S9	CAMKK1		Cytosol
Q96RR4	CAMKK2		Cytosol
Q7Z624	CAMKMT		Nucleoplasm
Q8NCB2	CAMKV		Nucleoplasm
P49069	CAMLG		Vesicles
Q5T5Y3	CAMSAP1		Mitotic spindle, Cytosol
Q08AD1	CAMSAP2		Microtubule ends
Q9Y6Y1	CAMTA1		Cytosol
O94983	CAMTA2		Nucleoplasm
Q86VP6	CAND1		Golgi apparatus, Cytosol
O75155	CAND2		Nuclear bodies
Q8WVQ1	CANT1		Golgi apparatus
P27824	CANX		Endoplasmic reticulum
Q01518	CAP1		Cytosol
P40123	CAP2		Nucleoplasm, Cytosol
P40121	CAPG		Nucleoplasm
Q9BPX3	CAPG		Nucleoplasm
P07384	CAPN1		Cytosol
Q9HC96	CAPN10		Mitochondria, Cytosol
Q9UMQ6	CAPN11		Mid piece, Principal piece, End piece
Q6ZSI9	CAPN12		Focal adhesion sites
Q6MZZ7	CAPN13		Nucleoplasm
O75808	CAPN15		Nucleoplasm
P17655	CAPN2		Cytosol, Connecting piece, Mid piece
O15484	CAPN5		Nucleoplasm
Q9Y6Q1	CAPN6		Vesicles, Centriolar satellite
Q9Y6W3	CAPN7		Cytosol
A6NHC0	CAPN8		Nucleoplasm, Nuclear membrane, Vesicles
O14815	CAPN9		Vesicles
P04632	CAPNS1		Nucleoplasm, Cytosol
Q96L46	CAPNS2		Cytosol
Q14444	CAPRIN1		Cytosol
Q6IMN6	CAPRIN2		Cytosol
Q13938	CAPS		Cytosol
Q9BXY5	CAPS2		Nucleoli
Q8WWF8	CAPSL		Nucleoplasm, Microtubules, Primary cilium
P47755	CAPZA2		Cytosol
Q96KX2	CAPZA3		Calyx
P47756	CAPZB		Nucleoplasm, Cytosol
Q9BWT7	CARD10		Cytosol
Q9BXL6	CARD14		Cytosol
Q5EG05	CARD16		Mitochondria
Q96LW7	CARD19		Mitochondria
Q9Y2G2	CARD8		Nucleoplasm
Q8N187	CARF		Vesicles
Q9NXV6	CARF		Vesicles
Q86X55	CARM1		Nucleoplasm
Q5VZK9	CARMIL1		Plasma membrane, Cytosol
A5YM72	CARNS1		Mitochondria
P49589	CARS1		Cytosol
Q9HA77	CARS2		Nucleoplasm, Mitochondria
O15234	CASC3		Nuclear membrane
Q96PB1	CASD1		Nucleoplasm
O14936	CASK		Nucleoplasm
P07498	CASK		Nucleoplasm
Q8WXD9	CASKIN1		Nucleoplasm
Q8WXE0	CASKIN2		Plasma membrane
P29466	CASP1		Cytosol
Q92851	CASP10		Golgi apparatus
P31944	CASP14		Nucleoplasm, Cytosol
P42575	CASP2		Mitochondria
P42574	CASP3		Mitochondria
P49662	CASP4	Intracellular and membrane	Cytosol
P55212	CASP6		Cytosol
P55210	CASP7	Intracellular and membrane	Nucleoplasm, Nucleoli fibrillar center
Q14790	CASP8		Mitochondria, Cytosol
Q9UKL3	CASP8AP2		Nucleoli, Nuclear bodies
P55211	CASP9		Mitochondria
P31415	CASQ1	Intracellular and membrane	Nucleoplasm, Mitochondria
O15446	CAST		Endoplasmic reticulum, Cytosol
P20810	CAST		Endoplasmic reticulum, Cytosol
Q86V15	CASZ1		Nucleoplasm
P04040	CAT		Vesicles
Q6IB77	CAT		Vesicles
Q7Z7H3	CATIP		Connecting piece
Q8NEC5	CATSPER1		Principal piece
Q96P56	CATSPER2		End piece
Q86XQ3	CATSPER3		Mid piece, Principal piece
Q9H7T0	CATSPERB		Mid piece
Q86XM0	CATSPERD		Mid piece
Q5SY80	CATSPERE		Mid piece, Principal piece, End piece
Q6ZRH7	CATSPERG	Secreted in male reproductive system	Mid piece
Q9NTU4	CATSPERZ		Primary cilium tip, Mid piece
Q03135	CAV1		Golgi apparatus
P51636	CAV2		Vesicles
P56539	CAV3		Plasma membrane
Q6NZI2	CAVIN1		Plasma membrane
O95810	CAVIN2		Plasma membrane
Q969G5	CAVIN3		Plasma membrane
Q5BKX8	CAVIN4		Golgi apparatus, Plasma membrane
Q8N350	CBARP		Nucleoplasm
O43439	CBFA2T2		Nuclear speckles
O75081	CBFA2T3		Nucleoplasm
Q13951	CBFB		Nucleoplasm, Cytosol
P22681	CBL		Cytosol
Q13191	CBLB		Cytosol
Q9ULV8	CBLC		Nucleoplasm
Q75N03	CBLL1		Nuclear speckles
P23435	CBLN1	Secreted in brain	Cytosol, Flagellar centriole, Mid piece, Principal piece
Q8IUK8	CBLN2	Secreted in brain	Cytosol, Flagellar centriole, Mid piece, Principal piece
Q6UW01	CBLN3	Secreted in brain	Nucleoplasm
Q9NTU7	CBLN4	Secreted in brain	Cytosol, Flagellar centriole, Mid piece, Principal piece
P16152	CBR1		Nucleoplasm
O75828	CBR3		Nucleoplasm, Cytosol
P35520	CBS		Vesicles
P83916	CBX1		Nucleoplasm, Nuclear bodies
Q14781	CBX2		Nucleoplasm
Q13185	CBX3		Nucleoplasm
O00257	CBX4		Nucleoplasm
P45973	CBX5		Nucleoplasm
O95503	CBX6		Nucleoplasm
O95931	CBX7		Nucleoplasm
Q9HC52	CBX8		Nucleoplasm
Q9Y3M2	CBY1		Centrosome
Q8NA61	CBY2		Calyx, Connecting piece, Mid piece, Principal piece, End piece, Annulus
A6NI87	CBY3		Nucleoplasm
Q6P1N0	CC2D1A		Cytosol
Q5T0F9	CC2D1B		Nucleoplasm
Q9P2K1	CC2D2A		Connecting piece, Mid piece
Q6DHV5	CC2D2B		Nucleoplasm
Q8IX12	CCAR1		Nucleoplasm
Q8N163	CCAR2		Nucleoplasm, Nuclear bodies
Q6UXH8	CCBE1	Secreted to extracellular matrix	Plasma membrane, Cytosol
Q96A19	CCDC102A		Nucleoplasm
Q8IW40	CCDC103		Cytosol, Connecting piece, Mid piece
Q9BWC9	CCDC106		Nucleoplasm
Q8WV48	CCDC107		Plasma membrane, Cell Junctions
Q8TBZ0	CCDC110		Nucleoplasm
Q8NEF3	CCDC112	Intracellular and membrane	Plasma membrane, Cytosol
Q96NT0	CCDC115		Plasma membrane
Q8IWD4	CCDC117		Nucleoplasm
Q8WUD4	CCDC12		Nucleoplasm
Q96HB5	CCDC120		Mitochondria
Q6ZUS5	CCDC121		Actin filaments, Cytosol
Q5T0U0	CCDC122		Vesicles
Q96CT7	CCDC124		Plasma membrane, Cytosol
Q86Z20	CCDC125		Nuclear membrane, Intermediate filaments
Q96EE4	CCDC126	Secreted to blood	Golgi apparatus
Q96BQ5	CCDC127		Nucleoplasm, Nucleoli fibrillar center
Q8IYE1	CCDC13		Centriolar satellite, Basal body
Q9H6E4	CCDC134	Secreted to blood	Cytosol
Q96JN2	CCDC136		Plasma membrane
Q6PK04	CCDC137		Nucleoli
Q96M89	CCDC138		Nucleoplasm
Q49A88	CCDC14		Centriolar satellite
Q6ZP82	CCDC141		Nucleoplasm
A2RUR9	CCDC144A		Cytosol
Q8NFR7	CCDC148		Nucleoplasm, Nucleoli, Nucleoli rim
Q6ZUS6	CCDC149		Nucleoli
Q0P6D6	CCDC15		Plasma membrane
Q8NCX0	CCDC150		Nucleoplasm
Q4G0S7	CCDC152		Nucleoplasm
Q494R4	CCDC153		Cytosol
A6NI56	CCDC154		Plasma membrane
P0C7I6	CCDC159		Nucleoplasm, Nuclear bodies
A0A0D9SF12	CCDC163		Cytosol
Q9P0B6	CCDC167		Cytosol
Q8NDH2	CCDC168		Plasma membrane
A6NNP5	CCDC169		Nucleoplasm
	CCDC169-SOHLH2		Vesicles
Q8IYT3	CCDC170		Golgi apparatus
Q6TFL3	CCDC171		Nucleoplasm
Q6PII3	CCDC174		Nucleoplasm
P0C221	CCDC175		Nucleoplasm
Q9NQR7	CCDC177		Cytosol
Q5T9S5	CCDC18		Nucleoplasm
Q5TID7	CCDC181		Nuclear speckles, Acrosome, Mid piece
Q5T5S1	CCDC183		Nucleoplasm, Cytosol
Q52MB2	CCDC184		Mitochondria, Cytosol
Q7Z3E2	CCDC186		Golgi apparatus
H7C350	CCDC188		Nuclear bodies
Q86UF4	CCDC190		Actin filaments, Cytosol
Q8NCU4	CCDC191		Mitochondria
Q9NVL8	CCDC198		Cytosol
O60826	CCDC22		Endoplasmic reticulum
Q8N4L8	CCDC24		Plasma membrane
Q86WR0	CCDC25		Nucleoplasm, Golgi apparatus
Q2M243	CCDC27		Cytosol
Q8IWP9	CCDC28A		Plasma membrane
Q9BQI4	CCDC3	Secreted to blood	Cytosol
Q9BV29	CCDC32		Plasma membrane
Q96HJ3	CCDC34		Nuclear membrane, Nucleoli fibrillar center, Calyx, Mid piece
Q9UFE4	CCDC39		Nucleoplasm, Centrosome, Basal body, Acrosome
Q4G0X9	CCDC40		Microtubules, Primary cilium, Cytosol
Q96MW1	CCDC43		Cytosol
Q96A33	CCDC47		Endoplasmic reticulum
Q8IVM0	CCDC50		Cytosol
Q96ER9	CCDC51		Nucleoplasm, Mitochondria
Q2TAC2	CCDC57		Microtubules
Q9P031	CCDC59		Nucleoli, Nucleoli rim
Q16204	CCDC6		Cytosol
Q9Y6R9	CCDC61		Nucleoplasm
Q6P9F0	CCDC62		Plasma membrane
Q8NA47	CCDC63		Nucleoplasm, Principal piece
Q8IXS2	CCDC65		Vesicles, Primary cilium transition zone, Centriolar satellite
A2RUB6	CCDC66		Primary cilium, Centriolar satellite, Perinuclear theca
Q9H2F9	CCDC68		Golgi apparatus
A6NI79	CCDC69		Plasma membrane
Q96M83	CCDC7		Nucleoli
Q8IV32	CCDC71		Nuclear membrane
Q8N9Z2	CCDC71L		Golgi apparatus, Actin filaments
Q96AQ1	CCDC74A		Centrosome, Basal body
Q96LY2	CCDC74B		Centrosome, Basal body
Q9BR77	CCDC77		Nuclear membrane
Q9H0W5	CCDC8		Plasma membrane, Cytosol
Q6ZN84	CCDC81		Plasma membrane, Basal body
Q8N4S0	CCDC82		Nucleoplasm
Q8IWF9	CCDC83		Nucleoplasm
A6NKD9	CCDC85C		Nuclear speckles, Cell Junctions
Q9H6F5	CCDC86		Nucleoli, Nucleoli rim, Mitotic chromosome
Q9NVE4	CCDC87		Nucleoli, Cytosol
Q3V6T2	CCDC88A		Nucleoplasm, Centrosome, Basal body
A6NC98	CCDC88B		Centrosome, Cytosol
Q9P219	CCDC88C		Cell Junctions
Q8N998	CCDC89		Nucleoplasm
Q9Y3X0	CCDC9		Cytosol
Q9GZT6	CCDC90B		Mitochondria
Q7Z6B0	CCDC91		Nucleoplasm, Golgi apparatus, Acrosome
Q53HC0	CCDC92		Nucleoplasm, Centrosome
Q567U6	CCDC93		Vesicles
Q96F63	CCDC97		Nucleoplasm
Q6ZUT6	CCDC9B		Nucleoplasm, Cytosol
Q8TD31	CCHCR1		Cytosol
Q13939	CCIN		Calyx
P32238	CCKAR		Plasma membrane, Cytosol
P32239	CCKBR		Vesicles
Q16663	CCL15	Secreted to blood	Golgi apparatus
P13500	CCL2	Secreted to blood	Golgi apparatus
Q9BSQ5	CCM2		Mitochondria
Q9NUG4	CCM2L		Nucleoplasm
P29279	CCN2	Secreted in other tissues	Golgi apparatus
P48745	CCN3	Secreted to blood	Vesicles
O95388	CCN4	Secreted to extracellular matrix	Cytosol
O76076	CCN5	Secreted to extracellular matrix	Plasma membrane
O95389	CCN6	Secreted to extracellular matrix	Mitochondria
P78396	CCNA1		Nucleoplasm, Nuclear bodies
P20248	CCNA2		Nucleoplasm, Cytosol
P14635	CCNB1		Cytosol
O95067	CCNB2		Cytosol
Q8WWL7	CCNB3		Nucleoplasm
P24863	CCNC		Nucleoplasm
P24385	CCND1		Nucleoplasm
P30279	CCND2		Nucleoplasm
P30281	CCND3		Nucleoplasm
O95273	CCNDBP1		Nucleoplasm
P24864	CCNE1		Nucleoplasm
P41002	CCNF		Nucleoplasm
P51959	CCNG1		Nucleoplasm
Q16589	CCNG2		Nucleoplasm, Cytosol
P51946	CCNH		Nucleoplasm
Q14094	CCNI		Golgi apparatus
Q6ZMN8	CCNI2		Nucleoplasm, Cytosol
Q5T5M9	CCNJ		Cytosol
Q8IV13	CCNJL		Nuclear speckles
O75909	CCNK		Nucleoplasm
P49736	CCNL1		Nucleoplasm, Nuclear bodies
Q9UK58	CCNL1		Nucleoplasm, Nuclear bodies
Q96S94	CCNL2		Nucleoplasm
P22674	CCNO		Nucleoplasm, Nucleoli
Q8N1B3	CCNQ		Nucleoplasm, Cytosol
O60563	CCNT1		Nucleoplasm
O60583	CCNT2		Nucleoplasm, Cytosol
Q8ND76	CCNY		Nucleoplasm
Q8N7R7	CCNYL1		Plasma membrane
O43303	CCP110		Centriolar satellite
Q9ULG6	CCPG1		Golgi apparatus
P46092	CCR10		Endoplasmic reticulum
P41597	CCR2		Plasma membrane
P51677	CCR3		Plasma membrane
P51679	CCR4		Plasma membrane
Q9UK39	CCR4		Plasma membrane
Q9ULM6	CCR4		Plasma membrane
P32248	CCR7		Mitochondria
P51686	CCR9		Plasma membrane
O00421	CCRL2		Plasma membrane
Q9H7U1	CCSER2		Nucleoplasm, Cytosol
P78371	CCT2		Cytosol
P49368	CCT3		Cytosol
P50991	CCT4		Cytosol
P48643	CCT5		Mid piece
P40227	CCT6A		Cytosol
Q92526	CCT6B		Cytosol
Q99832	CCT7		Cytosol
P50990	CCT8		Nucleoplasm, Connecting piece, End piece
P86791	CCZ1		Vesicles
P86790	CCZ1B		Vesicles
Q93033	CD101		Mitochondria
Q6YHK3	CD109		Plasma membrane
P08571	CD14	Secreted to blood	Vesicles
Q86VB7	CD163	Secreted to blood	Plasma membrane
Q9NR16	CD163L1	Intracellular and membrane	Centrosome, Cytosol
Q6UWJ8	CD164L2		Cytosol
Q99467	CD180		Plasma membrane
P29016	CD1B		Golgi apparatus, Vesicles
P29017	CD1C		Golgi apparatus, Vesicles
P15813	CD1D		Endoplasmic reticulum
P15812	CD1E	Intracellular and membrane	Golgi apparatus
P06729	CD2		Plasma membrane
Q8TD46	CD200R1	Intracellular and membrane	Plasma membrane
Q9UJ71	CD207		Cytosol
Q15762	CD226		Plasma membrane
P25063	CD24	Intracellular and membrane	Vesicles
Q9HCU0	CD248		Plasma membrane
P26842	CD27		Vesicles
Q9NZQ7	CD274	Secreted - unknown location	Nucleoplasm, Nuclear speckles, Plasma membrane
Q5ZPR3	CD276		Vesicles
P10747	CD28		Plasma membrane
Q9Y5K6	CD2AP		Plasma membrane
O95400	CD2BP2		Nuclear speckles
Q9UGN4	CD300A	Intracellular and membrane	Plasma membrane
Q08708	CD300C		Golgi apparatus
A8K4G0	CD300LB		Plasma membrane
Q6UXG3	CD300LG		Calyx
Q9NPF0	CD320		Vesicles
P20138	CD33		Plasma membrane
P28906	CD34		Plasma membrane, Cell Junctions
P16671	CD36		Golgi apparatus
P11049	CD37		Golgi apparatus
P28907	CD38		Plasma membrane
P04234	CD3D		Endoplasmic reticulum, Vesicles
P07766	CD3E		Endoplasmic reticulum, Plasma membrane
P09693	CD3G		Plasma membrane, Cytosol
P01730	CD4		Plasma membrane
P25942	CD40	Secreted to blood	Vesicles
P29965	CD40LG	Secreted to blood	Golgi apparatus, Plasma membrane
P16070	CD44	Secreted to blood	Plasma membrane
P15529	CD46		Plasma membrane
Q08722	CD47		Plasma membrane
P09326	CD48	Secreted to blood	Plasma membrane
P13987	CD59	Intracellular and membrane	Golgi apparatus, Vesicles
P08962	CD63	Intracellular and membrane	Vesicles
P34810	CD68		Golgi apparatus, Vesicles
P32970	CD70		Nucleoplasm
P21854	CD72		Nucleoplasm, Mitochondria
P04233	CD74	Secreted to blood	Golgi apparatus
P40259	CD79B		Plasma membrane
P60033	CD81		Plasma membrane
P27701	CD82		Vesicles
Q01151	CD83		Nucleoplasm, Plasma membrane
Q9UIB8	CD84		Plasma membrane
P42081	CD86		Plasma membrane
P01732	CD8A	Intracellular and membrane	Plasma membrane
P10966	CD8B	Intracellular and membrane	Plasma membrane
P21926	CD9	Intracellular and membrane	Plasma membrane
Q9NPY3	CD93		Vesicles, Plasma membrane
P14209	CD99		Golgi apparatus
Q8TCZ2	CD99L2	Secreted in other tissues	Plasma membrane
P32320	CDA		Nucleoplasm
Q9BWV3	CDADC1		Nucleoplasm
Q8IWY9	CDAN1		Cytosol
O75794	CDC123		Nucleoplasm, Golgi apparatus
Q9UNH5	CDC14A		Nucleoplasm, Endoplasmic reticulum
O60729	CDC14B		Nucleoplasm
Q12834	CDC20		Nucleoplasm, Cytosol
P30304	CDC25A		Nucleoplasm
P30305	CDC25B		Vesicles
P30307	CDC25C		Nuclear speckles
Q8NHZ8	CDC26		Nucleoplasm
P30260	CDC27		Nucleoplasm
P49427	CDC34		Nucleoplasm, Nuclear speckles
Q16543	CDC37		Cytosol
Q7L3B6	CDC37L1		Cytosol
O60508	CDC40		Nucleoplasm
P60953	CDC42		Microtubules
Q5VT25	CDC42BPA		Plasma membrane, Cytosol
Q6DT37	CDC42BPG		Cytosol
Q00587	CDC42EP1		Plasma membrane
O14613	CDC42EP2		Microtubules, Cytosol
Q9UKI2	CDC42EP3		Plasma membrane, Actin filaments
Q9H3Q1	CDC42EP4		Actin filaments, Microtubules
Q6NZY7	CDC42EP5		Primary cilium
Q9NRR8	CDC42SE1		Cell Junctions
O75419	CDC45		Nucleoplasm
Q99459	CDC5L		Nucleoplasm
Q99741	CDC6		Nucleoplasm, Cytosol
O00311	CDC7		Nucleoplasm
Q6P1J9	CDC73		Nucleoplasm
Q69YH5	CDCA2		Nucleoplasm
Q99618	CDCA3		Cytosol
Q9BXL8	CDCA4		Nucleoplasm
Q96FF9	CDCA5		Nucleoplasm
Q9BWT1	CDCA7		Nucleoplasm, Cytosol
Q96GN5	CDCA7L		Nucleoplasm, Nucleoli
Q53HL2	CDCA8		Nucleoli
Q9H5V8	CDCP1	Intracellular and membrane	Nucleoplasm, Vesicles
P12830	CDH1		Plasma membrane, Cell Junctions
Q9UM11	CDH1		Plasma membrane, Cell Junctions
Q9Y6N8	CDH10		Cell Junctions
P55289	CDH12		Vesicles
P55290	CDH13	Intracellular and membrane	Plasma membrane
P55291	CDH15		Golgi apparatus, Plasma membrane
Q12864	CDH17		Cell Junctions
P19022	CDH2		Plasma membrane
Q86UP0	CDH24		Cytosol
Q8IXH8	CDH26		Plasma membrane
P22223	CDH3		Plasma membrane, Cell Junctions
P55283	CDH4		Plasma membrane
P33151	CDH5		Plasma membrane
P55285	CDH6		Plasma membrane, Cell Junctions
P55286	CDH8		Plasma membrane
Q9ULB4	CDH9		Golgi apparatus
Q96JP9	CDHR1	Intracellular and membrane	Golgi apparatus
Q9Y2V0	CDIN1		Nucleoplasm
Q9H305	CDIP1		Centrosome
O14735	CDIPT		Nucleoplasm, Nuclear membrane, Plasma membrane
P06493	CDK1		Nucleoplasm, Cytosol
Q9UQ88	CDK11A		Nuclear speckles
P21127	CDK11B		Nuclear speckles
Q9NYV4	CDK12		Nucleoplasm, Nuclear speckles
Q14004	CDK13		Nuclear speckles
O94921	CDK14		Nucleoplasm
Q96Q40	CDK15		Nucleoplasm, Golgi apparatus
Q00536	CDK16		Microtubules, Cytosol
Q00537	CDK17		Nucleoplasm, Cytosol
Q07002	CDK18		Actin filaments, Cytosol
Q9BWU1	CDK19		Cytosol
P24941	CDK2		Nucleoplasm
Q8IZL9	CDK20		Nucleoplasm
O14519	CDK2AP1		Nucleoplasm
O75956	CDK2AP2		Nucleoplasm
Q00526	CDK3		Cytosol
P11802	CDK4		Nucleoplasm, Cytosol
Q00535	CDK5		Nucleoplasm, Plasma membrane
Q15078	CDK5R1		Nucleoplasm
Q96SZ6	CDK5RAP1		Mitochondria
Q96SN8	CDK5RAP2		Centrosome, Basal body
Q96JB5	CDK5RAP3		Cytosol
Q00534	CDK6		Nucleoplasm
P50613	CDK7		Nucleoplasm
P49336	CDK8		Nucleoplasm
P50750	CDK9		Nucleoplasm
Q00532	CDKL1		Nucleoplasm, Vesicles
Q92772	CDKL2		Nucleoplasm, Centrosome
Q8IVW4	CDKL3		Nucleoplasm, Vesicles
O76039	CDKL5		Nucleoplasm
P38936	CDKN1A		Nucleoplasm, Nuclear bodies
P46527	CDKN1B		Nucleoplasm, Centrosome
P49918	CDKN1C		Nucleoplasm, Nuclear bodies
P42771	CDKN2A		Nucleoplasm
Q8N726	CDKN2A		Nucleoplasm
	CDKN2AIP		Nucleoplasm
P42772	CDKN2B		Nucleoplasm, Primary cilium transition zone
P42773	CDKN2C		Nucleoplasm, Cytosol
P55273	CDKN2D		Nucleoplasm
Q16667	CDKN3		Cytosol
Q16878	CDO1		Nucleoplasm
Q6NVV7	CDPF1		Cytosol
Q01850	CDR2		Nucleoplasm
Q86X02	CDR2L		Cytosol
Q96T59	CDRT15		Plasma membrane
Q8N9R6	CDRT4		Mitochondria
O75420	CDS2		Endoplasmic reticulum
O95674	CDS2		Endoplasmic reticulum
Q9H211	CDT1		Nucleoplasm
Q9UKY7	CDV3		Cytosol
Q99626	CDX2		Nucleoplasm
O14627	CDX4		Nucleoplasm, Nuclear speckles
Q9Y232	CDYL		Nuclear speckles
A8MTB9	CEACAM18		Midbody
Q7Z692	CEACAM19		Nucleoli, Mitochondria
P06731	CEACAM5		Plasma membrane
Q14002	CEACAM7		Plasma membrane
P49715	CEBPA		Nucleoplasm
P17676	CEBPB		Nucleoplasm
P49716	CEBPD		Nucleoplasm
Q15744	CEBPE		Nucleoplasm
P53567	CEBPG		Nucleoplasm
Q03701	CEBPZ		Nucleoplasm
A8MTT3	CEBPZOS		Nucleoplasm
Q9BXF3	CECR2		Nucleoplasm
P09093	CELA3A	Secreted to digestive system	Cytosol
P08861	CELA3B	Secreted to digestive system	Cytosol
Q92879	CELF1		Nucleoplasm
O95319	CELF2		Nucleoplasm
Q5SZQ8	CELF3		Nucleoplasm
Q9BZC1	CELF4		Nucleoplasm
Q9NYQ6	CELSR1	Intracellular and membrane	Plasma membrane
Q9HCU4	CELSR2		Cytosol
Q8WUJ3	CEMIP	Secreted in other tissues	Nucleoli fibrillar center
Q9UHN6	CEMIP2		Plasma membrane
Q6PRD7	CEMP1		Nucleoplasm
Q86UT8	CENATAC		Nucleoplasm
Q8N111	CEND1		Mitochondria
P49450	CENPA		Nucleoplasm
P07199	CENPB		Nuclear bodies
Q03188	CENPC		Nuclear bodies, Kinetochore
Q02224	CENPE		Microtubules
P49454	CENPF		Nucleoplasm
Q9H3R5	CENPH		Nucleoplasm, Nucleoli rim
Q92674	CENPI		Nuclear bodies
Q9HC77	CENPJ		Centrosome
Q96H22	CENPN		Nucleoplasm
Q9BU64	CENPO		Nucleoplasm
Q6IPU0	CENPP		Nucleoplasm
Q7L2Z9	CENPQ		Nucleoplasm
Q96BT3	CENPT		Nuclear bodies
Q71F23	CENPU		Nucleoplasm, Centriolar satellite
Q7Z7K6	CENPV		Nucleoplasm
Q5EE01	CENPW		Nucleoplasm
Q8N8E3	CEP112		Nucleoplasm, Centrosome
Q8N960	CEP120		Microtubules, Flagellar centriole, Annulus
Q6ZU80	CEP128		Centrosome
Q9UPN4	CEP131		Centriolar satellite, Basal body, Flagellar centriole
Q66GS9	CEP135		Mid piece, Principal piece
O94986	CEP152		Centrosome, Basal body
Q5TB80	CEP162		Nucleoplasm, Cytosol
Q9UPV0	CEP164		Primary cilium transition zone, Centrosome, Principal piece
Q5SW79	CEP170		Centrosome, Basal body
Q9Y4F5	CEP170B		Microtubule ends
Q96LK0	CEP19		Centrosome, Basal body
Q8TEP8	CEP192		Cytosol
Q96NB1	CEP20		Centriolar satellite, Centrosome, Basal body
Q9BV73	CEP250		Centrosome
O15078	CEP290		Centrosome, Basal body, Mid piece
Q96MC4	CEP295NL		Vesicles
Q5VT06	CEP350		Nucleoplasm, Centrosome
Q9BYV8	CEP41		Primary cilium
O95684	CEP43		Centrosome, Basal body
Q9C0F1	CEP44		Basal body, Cytosol
Q53EZ4	CEP55		Plasma membrane, Centriolar satellite
Q86XR8	CEP57		Centrosome
Q96MT8	CEP63		Centrosome, Basal body
Q76N32	CEP68		Nucleoplasm, Centriolar satellite
Q9NQ79	CEP68		Nucleoplasm, Centriolar satellite
Q8NHQ1	CEP70		Nucleoplasm, Primary cilium, Cytosol
Q9P209	CEP72		Centriolar satellite, Centrosome
Q8TAP6	CEP76		Microtubules, Mitotic spindle, Primary cilium, Perinuclear theca, Flagellar centriole
Q9Y592	CEP83		Golgi apparatus, Vesicles, Primary cilium, Primary cilium transition zone
Q6P2H3	CEP85		Nucleoli, Golgi apparatus
Q96ST8	CEP89		Cytosol
Q96GE4	CEP95		Centriolar satellite
Q8IW35	CEP97		Centriolar satellite, Centrosome, Cytosol
Q5T4B2	CERCAM	Intracellular and membrane	Nucleoplasm, Nucleoli
Q8TCT0	CERK		Vesicles
Q49MI3	CERKL		Nucleoplasm, Cytosol
P27544	CERS1		Endoplasmic reticulum
Q96G23	CERS2		Nuclear membrane, Endoplasmic reticulum
Q8IU89	CERS3		Nucleoplasm
Q9HA82	CERS4		Nucleoplasm, Vesicles
Q8N5B7	CERS5		Nuclear membrane
Q9Y5P4	CERT1		Golgi apparatus
P02795	CES1	Intracellular and membrane	Endoplasmic reticulum
P23141	CES1	Intracellular and membrane	Endoplasmic reticulum
O00748	CES2	Intracellular and membrane	Golgi apparatus
Q6UWW8	CES3	Intracellular and membrane	Nuclear membrane, Endoplasmic reticulum
Q5XG92	CES4A	Secreted - unknown location	Cytosol
Q12798	CETN1		Nucleoplasm, Flagellar centriole
P41208	CETN2		Nucleoplasm, Flagellar centriole
O15182	CETN3		Centrosome
Q494V2	CFAP100		Mid piece, Principal piece
Q8N1D5	CFAP107		Cytosol
A1A4V9	CFAP119		Cytosol, Mid piece, Principal piece, End piece
Q5VTH2	CFAP126		Plasma membrane, Primary cilium, Mid piece
Q5JU67	CFAP157		Plasma membrane, Cytosol
Q9Y6A4	CFAP20		Nucleoplasm, Principal piece
Q6ZVT6	CFAP20DC		Golgi apparatus
Q4G0U5	CFAP221		Primary cilium, Primary cilium tip, Connecting piece, Flagellar centriole
Q8TBY9	CFAP251		Mid piece, End piece
Q5T5A4	CFAP276		Mid piece, Principal piece, End piece
P57076	CFAP298		Basal body, Cytosol, Principal piece
	CFAP298-TCP10L		Cytosol
Q6V702	CFAP299		Plasma membrane, Cytosol
Q9BRQ4	CFAP300		Primary cilium, Centrosome
Q96G28	CFAP36		Nucleoplasm
O43822	CFAP410		Golgi apparatus, Primary cilium transition zone, Cytosol
Q96NL8	CFAP418		Plasma membrane, Primary cilium
Q8NDM7	CFAP43		Nucleoplasm, Flagellar centriole
Q9UL16	CFAP45		Nucleoplasm, Mid piece, Principal piece, End piece
Q8IYW2	CFAP46		Mid piece, Principal piece, Annulus
Q8N1V2	CFAP52		Microtubules
Q96M91	CFAP53		Basal body, Cytosol
Q96N23	CFAP54		Microtubules, Cytokinetic bridge, Primary cilium
Q96MR6	CFAP57		Primary cilium, Cytosol
Q5T655	CFAP58		Principal piece
Q8NHU2	CFAP61		Cytosol, Principal piece
Q5T0N1	CFAP70		Centrosome, Basal body, Cytosol
A6NFT4	CFAP73		Nucleoli fibrillar center
Q5VTT2	CFAP95		Mid piece, Principal piece
Q9P2B7	CFAP97		Nucleoli fibrillar center
B2RV13	CFAP97D1		Plasma membrane
D6REC4	CFAP99		Microtubules, Mid piece, Principal piece, End piece
P00751	CFB	Secreted to blood	Endoplasmic reticulum, Vesicles
Q9UEE9	CFDP1		Nucleoplasm
P08603	CFH	Secreted to blood	Vesicles
Q03591	CFHR1	Secreted to blood	Vesicles
Q02985	CFHR3	Secreted to blood	Vesicles
P23528	CFL1		Plasma membrane
Q9Y281	CFL2		Plasma membrane
O15519	CFLAR		Nucleoplasm, Plasma membrane, Cytosol
P27918	CFP	Secreted to blood	Vesicles
Q8N884	CGAS		Nucleoplasm
Q9UFW8	CGGBP1		Nucleoplasm
Q9P2M7	CGN		Plasma membrane, Cell Junctions
Q0VF96	CGNL1		Cell Junctions
Q99674	CGREF1	Secreted in brain	Golgi apparatus
Q99675	CGRRF1		Nucleoplasm
Q9BUX1	CHAC1		Mitochondria
Q8WUX2	CHAC2		Cytosol
Q13111	CHAF1A		Nucleoplasm
Q13112	CHAF1B		Nucleoplasm
Q96JM3	CHAMP1		Nucleoplasm
Q96BP2	CHCHD1		Nucleoplasm, Mitochondria
Q8WYQ3	CHCHD10		Mitochondria
Q9Y6H1	CHCHD2		Mitochondria
Q9NX63	CHCHD3		Mitochondria
Q8N4Q1	CHCHD4		Mitochondria
Q9BSY4	CHCHD5		Mitochondria
Q9BRQ6	CHCHD6		Mitochondria
Q9BUK0	CHCHD7		Cell Junctions
Q86WR6	CHCT1		Nucleoplasm
O14646	CHD1		Nucleoplasm
Q86WJ1	CHD1L		Nucleoplasm
O14647	CHD2		Nucleoplasm
Q12873	CHD3		Nucleoplasm, Nucleoli
Q14839	CHD4		Nucleoplasm
O00258	CHD5		Nucleoplasm, Nuclear speckles
Q8TD26	CHD5		Nucleoplasm, Nuclear speckles
Q8TDI0	CHD5		Nucleoplasm, Nuclear speckles
	CHD6		Nucleoplasm
Q9P2D1	CHD7		Nucleoplasm
Q9HCK8	CHD8		Nucleoplasm
Q3L8U1	CHD9		Nucleoplasm
Q8NE62	CHDH		Mitochondria
O14757	CHEK1		Nucleoplasm
O96017	CHEK2		Nucleoplasm
Q96EP1	CHFR		Nuclear bodies, Microtubules
P10645	CHGA	Intracellular and membrane	Vesicles
P05060	CHGB	Intracellular and membrane	Vesicles
P36222	CHI3L1	Secreted to blood	Golgi apparatus
Q5VXU3	CHIC1		Nuclear speckles, Vesicles
Q9UKJ5	CHIC2		Vesicles, Plasma membrane
Q9BWS9	CHID1	Intracellular and membrane	Nucleoplasm, Intermediate filaments
P35790	CHKA		Endoplasmic reticulum
Q9Y259	CHKB		Cytosol
P24386	CHM		Nucleoplasm
P26374	CHML		Nucleoplasm, Cytosol
Q9HD42	CHMP1A		Nucleoplasm, Centrosome, Cytosol
Q7LBR1	CHMP1B		Nucleoplasm, Midbody
O43633	CHMP2A		Cytosol
Q9UQN3	CHMP2B		Cytosol
Q96CF2	CHMP4C		Microtubules, Cytokinetic bridge
Q9NZZ3	CHMP5		Microtubules, Cytosol
Q8WUX9	CHMP7		Nucleoplasm
P15882	CHN1		Cytosol
P52757	CHN2		Nucleoplasm
Q9H9P2	CHODL		Cytosol
Q9UHD1	CHORDC1		Cytosol
Q99653	CHP1		Vesicles
O43745	CHP2		Nucleoplasm
Q8IZ52	CHPF		Cytosol
Q9P2E5	CHPF2	Intracellular and membrane	Nucleoplasm, Cytosol
Q8WUD6	CHPT1		Vesicles
Q9NRG0	CHRAC1		Nucleoplasm
Q6WN34	CHRDL2	Secreted to extracellular matrix	Vesicles
P20309	CHRM3		Plasma membrane
P08173	CHRM4		Golgi apparatus
P02708	CHRNA1		Plasma membrane
Q15822	CHRNA2		Plasma membrane
P32297	CHRNA3		Nuclear speckles, Plasma membrane
P43681	CHRNA4		Vesicles
P30532	CHRNA5		Focal adhesion sites
P30926	CHRNB4		Endoplasmic reticulum
Q07001	CHRND		Plasma membrane
O43916	CHST1	Intracellular and membrane	Mitochondria
O43529	CHST10		Cytosol
Q9NPF2	CHST11		Golgi apparatus
Q9NRB3	CHST12		Golgi apparatus
Q8NET6	CHST13	Intracellular and membrane	Golgi apparatus
Q8NCH0	CHST14		Golgi apparatus
Q7LFX5	CHST15		Cytosol
Q9Y4C5	CHST2		Golgi apparatus
Q7LGC8	CHST3		Golgi apparatus, Cytosol
Q9NS84	CHST7		Nucleoplasm, Vesicles
Q8WVB6	CHTF18		Nucleoplasm
Q9Y3Y2	CHTOP		Nuclear speckles
O15111	CHUK		Nucleoplasm
Q8WUH1	CHURC1		Cytosol
O76071	CIAO1		Nucleoplasm
Q9H5X1	CIAO2A	Intracellular and membrane	Nucleoplasm, Cytosol
Q9Y3D0	CIAO2B		Nucleoplasm, Cytosol
Q9H6Q4	CIAO3		Cytosol
Q6FI81	CIAPIN1		Mitochondria
Q8N365	CIART		Nucleoplasm
Q99828	CIB1		Nucleoplasm, Plasma membrane
O75838	CIB2		Nucleoplasm
Q96Q77	CIB3		Plasma membrane, Cytosol
A1XBS5	CIBAR1		Mitochondria
Q96RK0	CIC		Nucleoplasm
Q9UHD4	CIDEB		Golgi apparatus, Vesicles
P33076	CIITA		Nucleoplasm
Q9UPZ9	CILK1		Golgi apparatus, Vesicles
Q8TCG1	CIP2A		Cytosol
Q9C0C6	CIPC		Nucleoplasm, Cytosol
Q86X95	CIR1		Nuclear speckles
Q14011	CIRBP		Nucleoplasm
Q9NZ45	CISD1		Mitochondria
Q8N5K1	CISD2		Endoplasmic reticulum
Q9NSE2	CISH		Microtubules
O14578	CIT		Cytosol
Q99966	CITED1		Nucleoplasm
Q99967	CITED2		Nucleoplasm
Q96RK1	CITED4		Vesicles
Q9ULV3	CIZ1		Nucleoplasm
Q8WWK9	CKAP2		Microtubules, Mitotic spindle, Primary cilium
Q8IYA6	CKAP2L		Microtubules
Q07065	CKAP4		Endoplasmic reticulum
Q14008	CKAP5		Centrosome, Basal body
P12277	CKB		Cytosol
Q13887	CKLF	Secreted to blood	Vesicles
Q9UBR5	CKLF	Secreted to blood	Vesicles
P61024	CKS1B		Mitochondria, Cytosol
P33552	CKS2		Mitochondria, Cytosol
O75122	CLASP2		Golgi apparatus
Q8N2M8	CLASRP		Nucleoplasm
Q96F83	CLBA1		Vesicles
Q9UQC9	CLCA2	Intracellular and membrane	Plasma membrane, Cell Junctions
Q14CN2	CLCA4	Intracellular and membrane	Plasma membrane
Q96S66	CLCC1		Endoplasmic reticulum
Q9UBD9	CLCF1	Secreted to blood	Nuclear bodies, Vesicles
P51788	CLCN2		Cytosol
P51790	CLCN3		Vesicles
P51793	CLCN4		Vesicles
P51795	CLCN5		Golgi apparatus, Plasma membrane
P51797	CLCN6		Plasma membrane, Cytosol
O75508	CLDN11		Lipid droplets, Cell Junctions
O95500	CLDN14		Vesicles
P56856	CLDN18		Cell Junctions
Q8N6F1	CLDN19		Plasma membrane
P57739	CLDN2		Plasma membrane, Cell Junctions
P56880	CLDN20		Golgi apparatus, Plasma membrane
Q96B33	CLDN23		Vesicles
O15551	CLDN3		Cell Junctions
O14493	CLDN4		Plasma membrane
O95471	CLDN7		Vesicles
O95484	CLDN9		Cell Junctions
Q9NY35	CLDND1		Nucleoplasm
Q8NHS1	CLDND2		Nucleoplasm
Q9Y240	CLEC11A	Secreted in other tissues	Centrosome
Q86T13	CLEC14A		Endoplasmic reticulum, Golgi apparatus
Q2KHT3	CLEC16A		Nucleoplasm, Vesicles
Q8NC01	CLEC1A		Plasma membrane
Q6UVW9	CLEC2A		Plasma membrane
Q9UHP7	CLEC2D		Golgi apparatus
O75596	CLEC3A	Secreted to extracellular matrix	Endoplasmic reticulum
Q8N1N0	CLEC4F		Plasma membrane
Q9NY25	CLEC5A		Plasma membrane, Cytosol
O14967	CLGN		Endoplasmic reticulum
Q8NHS4	CLHC1		Nucleoli fibrillar center, Centrosome
O00299	CLIC1		Cytosol
O15247	CLIC2		Plasma membrane, Cytosol
O95833	CLIC3		Nuclear bodies
Q9Y696	CLIC4		Plasma membrane, Centrosome
Q9NZA1	CLIC5		Plasma membrane
Q14677	CLINT1		Vesicles
P30622	CLIP1		Microtubule ends, Mid piece
Q9UDT6	CLIP2		Golgi apparatus, Plasma membrane
Q8N3C7	CLIP4		Vesicles
P49759	CLK1		Nucleoplasm, Nuclear membrane
P49760	CLK2		Nucleoplasm
P49761	CLK3		Nucleoplasm
Q9HAZ1	CLK4		Actin filaments
Q96JQ2	CLMN		Nuclear bodies
Q9NWW5	CLN6		Endoplasmic reticulum
Q7Z7G1	CLNK		Vesicles
P54105	CLNS1A		Nucleoplasm, Cytosol
O15516	CLOCK		Nucleoplasm
O94992	CLP1		Nucleoplasm
Q5KU26	CLP1		Nucleoplasm
Q92989	CLP1		Nucleoplasm
Q16740	CLPP		Mitochondria
Q6UWE3	CLPSL2	Secreted in male reproductive system	Vesicles
O96005	CLPTM1		Endoplasmic reticulum
Q96KA5	CLPTM1L		Endoplasmic reticulum
O76031	CLPX		Mitochondria
P58418	CLRN1		Centrosome
Q9HAW4	CLSPN		Nucleoplasm, Golgi apparatus
Q9H4D0	CLSTN2		Vesicles
P09496	CLTA		Endosomes, Lysosomes
P09497	CLTB		Vesicles
Q00610	CLTC		Endosomes, Lysosomes
P53675	CLTCL1		Vesicles
Q9HBJ8	CLTRN		Endoplasmic reticulum, Vesicles
P10909	CLU	Secreted to blood	Cytosol
Q96AJ1	CLUAP1		Nucleoplasm, Primary cilium
O75153	CLUH		Vesicles
Q15846	CLUL1	Secreted in other tissues	Endoplasmic reticulum
Q9HAE3	CLXN		Mid piece, Principal piece
P23946	CMA1	Secreted to blood	Cytoplasmic bodies
Q8NFW8	CMAS		Cytosol
Q9NRP2	CMC2		Mitochondria
P56277	CMC4		Mitochondria
Q8IY22	CMIP		Nucleoplasm, Cytosol
P46091	CMKLR2		Plasma membrane
P30085	CMPK1	Intracellular and membrane	Nucleoplasm
Q5EBM0	CMPK2		Mitochondria
Q9BQ75	CMSS1		Nucleoli
Q8IZ96	CMTM1		Nucleoplasm
Q96MX0	CMTM3		Nucleoplasm
Q8IZR5	CMTM4		Golgi apparatus, Vesicles, Plasma membrane
Q96DZ9	CMTM5		Golgi apparatus, Vesicles
Q9NX76	CMTM6		Vesicles
Q96FZ5	CMTM7		Plasma membrane
Q8IZV2	CMTM8		Nucleoplasm
Q8N1G2	CMTR1		Nucleoplasm
Q8IYT2	CMTR2		Cell Junctions
Q8N3K9	CMYA5		Endoplasmic reticulum, Plasma membrane
Q96M20	CNBD2		Nucleoli, Mid piece
P62633	CNBP		Nucleoplasm
Q96KP4	CNDP2		Nucleoplasm, Cytosol
Q8N9A8	CNEP1R1		Cytosol
Q9BYD5	CNFN		Microtubules
P29973	CNGA1		Nucleoplasm, Vesicles, Mid piece, Principal piece
Q16281	CNGA3		Mid piece, Principal piece, End piece
Q8IV77	CNGA4		Nucleoplasm, Plasma membrane
Q14028	CNGB1		Plasma membrane, Cytosol
O95406	CNIH1		Vesicles
Q969H4	CNKSR1		Cytosol
Q8WXI2	CNKSR2		Golgi apparatus, Plasma membrane
Q6P9H4	CNKSR3		Cytosol
P51911	CNN1		Actin filaments
Q99439	CNN2		Actin filaments
Q15417	CNN3		Actin filaments
Q9NRU3	CNNM1		Plasma membrane, Cytosol
Q9H8M5	CNNM2		Vesicles
Q8NE01	CNNM3		Cytosol
Q6P4Q7	CNNM4		Actin filaments
A5YKK6	CNOT1		Cytosol
Q9H9A5	CNOT10		Nucleoplasm, Centrosome
Q9UKZ1	CNOT11		Nucleoplasm
Q9NZN8	CNOT2		Nucleoplasm
O75175	CNOT3		Cytosol
	CNOT6		Cytosol
Q96LI5	CNOT6L		Cytosol
Q9UIV1	CNOT7		Nuclear bodies
Q92600	CNOT9		Cytoplasmic bodies
P09543	CNP		Plasma membrane
Q9Y2B0	CNPY2	Intracellular and membrane	Cytosol
Q9BT09	CNPY3	Intracellular and membrane	Endoplasmic reticulum, Plasma membrane
Q8N129	CNPY4	Intracellular and membrane	Vesicles
P21554	CNR1		Plasma membrane
Q96F85	CNRIP1		Cytosol
Q6PJW8	CNST		Vesicles
Q8N815	CNTD1		Nucleoplasm
P26441	CNTF		Vesicles
Q9NXG0	CNTLN		Centrosome
P78357	CNTNAP1		Nucleoplasm
Q8WYK1	CNTNAP5		Nucleoli fibrillar center
Q7Z7A1	CNTRL		Centrosome, Basal body, Flagellar centriole
Q8N137	CNTROB		Centrosome, Basal body, Flagellar centriole
Q9GZY4	COA1		Mitochondria
Q9Y2R0	COA3		Mitochondria
Q9NYJ1	COA4		Nucleoplasm, Nucleoli fibrillar center
Q86WW8	COA5		Mitochondria
Q5JTJ3	COA6		Mitochondria
Q96BR5	COA7		Nucleoplasm, Mitochondria
Q13057	COASY	Intracellular and membrane	Mitochondria
O75128	COBL		Plasma membrane, Cell Junctions
Q53SF7	COBLL1		Cell Junctions
O43405	COCH	Secreted in other tissues	Vesicles
Q14746	COG2		Golgi apparatus
Q96JB2	COG3		Golgi apparatus, Plasma membrane
Q9H9E3	COG4		Golgi apparatus
Q9UP83	COG5		Golgi apparatus
Q9Y2V7	COG6		Nuclear speckles, Golgi apparatus
P83436	COG7		Golgi apparatus
Q96MW5	COG8		Golgi apparatus
P38432	COIL		Nuclear bodies
Q03692	COL10A1	Secreted to extracellular matrix	Endoplasmic reticulum
P12107	COL11A1	Secreted to extracellular matrix	Endoplasmic reticulum
Q99715	COL12A1	Secreted to extracellular matrix	Vesicles
Q05707	COL14A1	Secreted to extracellular matrix	Vesicles
P39059	COL15A1	Secreted to extracellular matrix	Endoplasmic reticulum
Q07092	COL16A1	Secreted to extracellular matrix	Golgi apparatus
Q9UMD9	COL17A1	Secreted to extracellular matrix	Plasma membrane
P39060	COL18A1	Secreted to extracellular matrix	Golgi apparatus
P02452	COL1A1	Secreted to extracellular matrix	Endoplasmic reticulum
P08123	COL1A2	Secreted to extracellular matrix	Endoplasmic reticulum
Q9P218	COL20A1	Secreted to extracellular matrix	Golgi apparatus, Vesicles
Q96P44	COL21A1	Secreted to extracellular matrix	Cytosol
Q8NFW1	COL22A1	Secreted to extracellular matrix	Vesicles
Q9BXS0	COL25A1		Vesicles, Cytosol
Q96A83	COL26A1	Secreted to extracellular matrix	Vesicles
Q2UY09	COL28A1	Secreted to extracellular matrix	Cytosol
P02458	COL2A1	Secreted to extracellular matrix	Nucleoplasm
P02461	COL3A1	Secreted to extracellular matrix	Endoplasmic reticulum
P08572	COL4A2	Secreted to extracellular matrix	Vesicles
Q01955	COL4A3	Secreted to extracellular matrix	Vesicles
P29400	COL4A5	Secreted to extracellular matrix	Plasma membrane
Q14031	COL4A6	Secreted to extracellular matrix	Endoplasmic reticulum
P20908	COL5A1	Secreted to extracellular matrix	Vesicles
P25940	COL5A3	Secreted to extracellular matrix	Plasma membrane
P12109	COL6A1	Secreted to extracellular matrix	Cytosol
P12110	COL6A2	Secreted to extracellular matrix	Cytosol
P12111	COL6A3	Secreted to extracellular matrix	Endoplasmic reticulum
Q02388	COL7A1	Secreted to extracellular matrix	Endoplasmic reticulum
P27658	COL8A1	Secreted to extracellular matrix	Vesicles
P25067	COL8A2	Secreted to extracellular matrix	Golgi apparatus
Q14055	COL9A2	Secreted to extracellular matrix	Vesicles
Q14050	COL9A3	Secreted to extracellular matrix	Nucleoplasm
	COLEC12		Golgi apparatus, Vesicles
Q8NBJ5	COLGALT1	Intracellular and membrane	Vesicles
Q8IYK4	COLGALT2	Intracellular and membrane	Nucleoplasm
Q9Y215	COLQ	Secreted to blood	Plasma membrane
Q8N668	COMMD1		Nucleoplasm
Q9Y6G5	COMMD10		Nucleoplasm
Q86X83	COMMD2		Vesicles
	COMMD3-BMI1		Nuclear bodies
Q9H0A8	COMMD4		Cytosol
Q9GZQ3	COMMD5		Nucleoplasm, Cytosol
Q86VX2	COMMD7		Vesicles
Q9NX08	COMMD8		Nucleoplasm, Cytosol
Q9P000	COMMD9		Nucleoplasm
P49747	COMP	Secreted to extracellular matrix	Golgi apparatus
P21964	COMT		Vesicles
Q86VU5	COMTD1		Golgi apparatus
P53621	COPA	Secreted to blood	Nucleoplasm, Cytosol
P53618	COPB1		Golgi apparatus, Vesicles, Cytosol
P35606	COPB2		Endoplasmic reticulum
O14579	COPE		Golgi apparatus
Q9Y678	COPG1		Golgi apparatus
Q9NQ92	COPRS		Nucleoplasm
P61201	COPS2		Vesicles
Q9UNS2	COPS3		Nucleoplasm, Cytosol
Q9BT78	COPS4		Nuclear speckles
Q92905	COPS5		Nucleoplasm
Q7L5N1	COPS6		Nucleoplasm
Q9UBW8	COPS7A		Nucleoplasm
Q9H9Q2	COPS7B		Nucleoplasm
Q99627	COPS8		Nucleoplasm
Q8WXC6	COPS9		Nucleoplasm, Cytosol
Q96MF6	COQ10A		Endoplasmic reticulum, Cytosol
Q9H8M1	COQ10B		Cytosol
Q96H96	COQ2		Cytosol
Q9NZJ6	COQ3		Nucleoplasm
Q9Y3A0	COQ4		Mitochondria
Q5HYK3	COQ5		Nucleoli, Mitochondria
Q99807	COQ7		Plasma membrane
Q8NI60	COQ8A		Mitochondria
Q96D53	COQ8B		Mitochondria
O75208	COQ9		Mitochondria, Cytosol
Q9Y5Q5	CORIN	Intracellular and membrane	Plasma membrane
P31146	CORO1A		Cytosol
Q9BR76	CORO1B		Plasma membrane, Cytosol
Q92828	CORO2A		Plasma membrane, Cytosol
Q9UQ03	CORO2B		Plasma membrane, Focal adhesion sites
Q6QEF8	CORO6		Golgi apparatus
	CORO7-PAM16		Nucleoplasm, Mitochondria
Q14019	COTL1		Cytosol
Q12887	COX10		Mitochondria
Q96I36	COX14		Mitochondria
Q7KZN9	COX15		Mitochondria
Q9P0S2	COX16		Mitochondria
Q14061	COX17		Mitochondria
Q49B96	COX19		Cytosol
Q5RI15	COX20		Mitochondria
P13073	COX4I1		Mitochondria
P10606	COX5B		Mitochondria
P12074	COX6A1		Mitochondria
P14854	COX6B1		Mitochondria
Q6YFQ2	COX6B2		Nucleoplasm, Plasma membrane, Cytosol
P09669	COX6C		Mitochondria
O14548	COX7A2L		Mitochondria
P48052	CPA2	Secreted to digestive system	Golgi apparatus
P15088	CPA3	Secreted to blood	Golgi apparatus
Q9UI42	CPA3	Secreted to blood	Golgi apparatus
	CPA4	Secreted in other tissues	Nucleoplasm, Plasma membrane
Q8WXQ8	CPA5	Secreted in male reproductive system	Nucleoplasm
Q8IZJ3	CPAMD8	Secreted to blood	Focal adhesion sites
P15086	CPB1	Secreted to digestive system	Endoplasmic reticulum
O75976	CPD		Cytosol
P16870	CPE	Intracellular and membrane	Vesicles, Centrosome
Q9BZB8	CPEB1		Nucleoplasm, Cytosol
Q7Z5Q1	CPEB2		Cytosol
Q8NE35	CPEB3		Cytosol
Q17RY0	CPEB4		Nucleoplasm, Golgi apparatus
A4D0V7	CPED1		Nucleoplasm
Q9H799	CPLANE1		Cytosol, Mid piece, Principal piece
Q9BU20	CPLANE2		Nucleoplasm
O14810	CPLX1		Vesicles
Q6PUV4	CPLX2		Vesicles
P14384	CPM		Vesicles
Q99829	CPNE1		Nucleoplasm, Nuclear membrane
Q96FN4	CPNE2		Nucleoplasm, Mitochondria, Cytosol
O75131	CPNE3		Nucleoplasm, Cytosol
Q96A23	CPNE4		Nucleoplasm, Cytosol
Q9HCH3	CPNE5		Cytosol
O95741	CPNE6		Golgi apparatus
Q8IYJ1	CPNE9		Cytosol
P36551	CPOX		Mitochondria
Q9BRF8	CPPED1		Cytosol
Q9Y646	CPQ	Secreted to blood	Golgi apparatus, Vesicles
P31327	CPS1		Nucleoli, Nucleoli rim
Q10570	CPSF1		Nucleoplasm
Q9P2I0	CPSF2		Nucleoplasm
O95639	CPSF4		Nucleoplasm
Q16630	CPSF6		Nucleoplasm, Nuclear speckles
Q8N684	CPSF7		Nucleoplasm
P50416	CPT1A		Mitochondria
P23786	CPT2		Nucleoplasm, Mitochondria
Q5TA50	CPTP		Cytosol, Flagellar centriole, Mid piece
Q9H3G5	CPVL	Intracellular and membrane	Endoplasmic reticulum
Q66K79	CPZ	Secreted to extracellular matrix	Plasma membrane
P17927	CR1		Plasma membrane
P29373	CRABP2		Nucleoplasm, Cytosol
Q6ZU35	CRACD		Nucleoplasm
Q6NV74	CRACDL		Microtubules, Centrosome
P78560	CRADD		Cytosol
Q96RY5	CRAMP1		Nucleoplasm
P43155	CRAT		Golgi apparatus, Cytosol
P82279	CRB1	Secreted in brain	Vesicles
Q9BUF7	CRB3		Cell Junctions
O75575	CRCP		Nucleoplasm
P16220	CREB1		Nucleoplasm
O43889	CREB3		Cytosol
Q96BA8	CREB3L1		Nucleoplasm
Q70SY1	CREB3L2		Nucleoplasm, Endoplasmic reticulum
Q8TEY5	CREB3L4		Nucleoplasm, Nuclear membrane
Q02930	CREB5		Nucleoplasm
Q92793	CREBBP		Nucleoplasm, Nuclear bodies
O60519	CREBL2		Mitochondria
Q8IUR6	CREBRF		Nucleoplasm
Q9NS37	CREBZF		Nucleoplasm, Mitochondria
O75629	CREG1	Secreted to blood	Golgi apparatus, Vesicles
Q96HD1	CRELD1	Intracellular and membrane	Cytosol
Q03060	CREM		Nucleoplasm
Q13324	CRHR2	Secreted - unknown location	Plasma membrane
P50238	CRIP1		Nuclear speckles, Cytosol
P52943	CRIP2		Nucleoli
Q6Q6R5	CRIP3		Nuclear speckles
Q9P021	CRIPT		Nucleoli fibrillar center
Q9H0B8	CRISPLD2	Secreted to blood	Vesicles
P46108	CRK		Plasma membrane
P46109	CRKL		Nucleoplasm
Q9HC73	CRLF2	Intracellular and membrane	Plasma membrane
Q8IUI8	CRLF3		Plasma membrane, Cytosol
Q14194	CRMP1		Centrosome
Q5TZA2	CROCC		Centrosome, Basal body
Q9UKG9	CROT		Vesicles
P02741	CRP	Secreted to blood	Nucleoplasm, Vesicles
A4D126	CRPPA		Nucleoli fibrillar center
O75718	CRTAP	Secreted to blood	Intermediate filaments, Actin filaments, Cytosol
Q6UUV9	CRTC1		Nuclear bodies, Plasma membrane, Cytosol
Q53ET0	CRTC2		Nucleoplasm
Q6UUV7	CRTC3		Nucleoplasm
O43186	CRX		Nucleoli fibrillar center
Q16526	CRY1		Nucleoplasm, Nuclear membrane, Microtubules
Q49AN0	CRY2		Nuclear speckles
P02489	CRYAA		Cytosol
P02511	CRYAB	Intracellular and membrane	Plasma membrane, Cytosol
P43320	CRYBB2		Nucleoplasm
P26998	CRYBB3		Microtubules
Q9Y4K1	CRYBG1		Nucleoplasm, Microtubules, Cytosol
Q8N1P7	CRYBG2		Nucleoplasm
Q68DQ2	CRYBG3		Plasma membrane
P11844	CRYGA		Vesicles, Cytosol
P07316	CRYGB		Vesicles, Cytosol
P07315	CRYGC		Vesicles, Cytosol
P07320	CRYGD		Vesicles, Cytosol
P22914	CRYGS		Cytosol
Q9Y2S2	CRYL1		Nucleoplasm, Nucleoli
Q14894	CRYM		Cytosol
Q08257	CRYZ		Cytosol
O95825	CRYZL1		Nucleoplasm, Cytosol
O75390	CS		Mitochondria
Q9Y600	CSAD		Endoplasmic reticulum, Vesicles, Plasma membrane
Q9Y534	CSDC2		Nucleoplasm
O75534	CSDE1		Cytosol
P55060	CSE1L		Nucleoplasm
P09603	CSF1	Secreted to blood	Plasma membrane
P07333	CSF1R	Intracellular and membrane	Vesicles, Plasma membrane
P04141	CSF2	Secreted to blood	Vesicles
P32927	CSF2RB		Golgi apparatus
Q8TDX6	CSGALNACT1		Cytosol
Q8N6G5	CSGALNACT2		Endoplasmic reticulum
P41240	CSK		Vesicles, Cytosol
Q96PZ7	CSMD1		Vesicles
Q7Z407	CSMD3		Plasma membrane
P48729	CSNK1A1		Cytosol
Q8N752	CSNK1A1L		Cytosol
P48730	CSNK1D		Plasma membrane, Cytosol
P49674	CSNK1E		Nucleoplasm, Cytosol
Q9HCP0	CSNK1G1		Cytosol
P78368	CSNK1G2		Vesicles
P68400	CSNK2A1		Nucleoplasm
Q8NEV1	CSNK2A3		Nucleoplasm
P67870	CSNK2B		Nucleoplasm
Q6UVK1	CSPG4		Plasma membrane
O95196	CSPG5	Secreted in brain	Golgi apparatus, Vesicles, Plasma membrane, Cytosol
Q1MSJ5	CSPP1		Centriolar satellite, Centrosome, Basal body
Q96S65	CSRNP1		Nucleoplasm
Q9H175	CSRNP2		Nuclear speckles
Q8WYN3	CSRNP3		Nucleoli rim
P50461	CSRP3		Cytosol
P01034	CST3	Secreted to blood	Golgi apparatus, Vesicles
P04080	CST6	Secreted in other tissues	Plasma membrane
Q15828	CST6	Secreted in other tissues	Plasma membrane
P01040	CSTA		Nucleoplasm, Cytosol
	CSTB		Nucleoli, Cytosol
Q05048	CSTF1		Nucleoplasm
P33240	CSTF2		Nucleoplasm
Q9H0L4	CSTF2T		Nucleoplasm
Q12996	CSTF3		Nucleoplasm
Q9H6J7	CSTPP1		Primary cilium, Basal body, Cytosol
Q5HYN5	CT45A1		Nucleoplasm, Nucleoli
P0DMU9	CT45A10		Nucleoplasm, Nucleoli
Q5DJT8	CT45A2		Nucleoplasm, Nucleoli
Q8NHU0	CT45A3		Nucleoplasm, Nucleoli
P0DMU8	CT45A5		Nucleoplasm, Nucleoli
P0DMU7	CT45A6		Nucleoplasm, Nucleoli
P0DMV0	CT45A7		Nucleoplasm, Nucleoli
P0DMV1	CT45A8		Nucleoplasm, Nucleoli
P0DMV2	CT45A9		Nucleoplasm, Nucleoli
Q5JQC4	CT47A1		Nucleoli
	CT47A10		Nucleoli
	CT47A11		Nucleoli
	CT47A12		Nucleoli
	CT47A2		Nucleoli
	CT47A3		Nucleoli
	CT47A4		Nucleoli
	CT47A5		Nucleoli
	CT47A6		Nucleoli
	CT47A7		Nucleoli
	CT47A8		Nucleoli
	CT47A9		Nucleoli
P0C2W7	CT47B1		Nucleoli
Q8WUE5	CT55		Vesicles
P78358	CTAG1A		Golgi apparatus, Vesicles
	CTAG1B		Golgi apparatus, Vesicles
O75638	CTAG2		Vesicles
Q13363	CTBP1		Nucleoplasm
P56545	CTBP2		Nucleoplasm
Q01459	CTBS	Intracellular and membrane	Cytosol
Q2NKJ3	CTC1		Nucleoplasm
P49711	CTCF		Nucleoplasm
Q8NI51	CTCFL		Nucleoplasm, Nuclear bodies
O95476	CTDNEP1		Lipid droplets
Q9Y5B0	CTDP1		Nucleoplasm
Q9GZU7	CTDSP1		Nucleoplasm
O14595	CTDSP2		Nucleoplasm
O15194	CTDSPL		Vesicles
Q05D32	CTDSPL2		Nucleoplasm
Q96CG8	CTHRC1	Secreted in other tissues	Nucleoplasm
O43310	CTIF		Cytosol
P35221	CTNNA1		Plasma membrane, Cell Junctions
P35222	CTNNB1		Plasma membrane
Q9NSA3	CTNNBIP1		Nucleoplasm, Cytosol
Q8WYA6	CTNNBL1		Nucleoplasm
O60716	CTNND1		Plasma membrane
Q9UQB3	CTNND2		Nucleoplasm, Cell Junctions
O60931	CTNS		Vesicles
P17812	CTPS1		Cytosol
Q9NRF8	CTPS2		Mitochondria, Cytosol
Q6PD62	CTR9		Nucleoplasm
P10619	CTSA	Intracellular and membrane	Vesicles
P07858	CTSB	Secreted to blood	Vesicles
P53634	CTSC	Intracellular and membrane	Vesicles
P14091	CTSE	Intracellular and membrane	Vesicles
Q9UBX1	CTSF	Intracellular and membrane	Vesicles
P09668	CTSH	Intracellular and membrane	Vesicles, Cytosol, Cytoplasmic bodies
P43235	CTSK	Intracellular and membrane	Vesicles
P07711	CTSL	Intracellular and membrane	Golgi apparatus, Vesicles
P25774	CTSS	Intracellular and membrane	Vesicles
O60911	CTSV	Intracellular and membrane	Nucleoli fibrillar center, Cytosol
Q9UBR2	CTSZ	Intracellular and membrane	Vesicles
Q14247	CTTN		Vesicles, Plasma membrane
Q8WZ74	CTTNBP2		Midbody ring
Q9P2B4	CTTNBP2NL		Nucleoli fibrillar center, Cytosol
Q7Z7A3	CTU1		Cytosol
Q2VPK5	CTU2		Mitochondria, Cytosol
P60606	CTXN1		Nucleoplasm
Q4LDR2	CTXN3		Principal piece, End piece
Q9NWM3	CUEDC1		Plasma membrane, Primary cilium, Centrosome, Basal body
Q9H467	CUEDC2		Nucleoplasm, Cytosol
Q13616	CUL1		Nucleoplasm
Q13617	CUL2		Nucleoplasm
Q13618	CUL3		Nucleoplasm
Q13619	CUL4A		Nucleoplasm
Q13620	CUL4B		Nucleoplasm
Q93034	CUL5		Golgi apparatus, Cytosol
Q8IWT3	CUL9		Cytosol
O60888	CUTA	Secreted to blood	Plasma membrane, Focal adhesion sites
Q9NTM9	CUTC		Nucleoplasm, Cytosol
P39880	CUX1		Nucleoplasm, Golgi apparatus
Q13948	CUX1		Nucleoplasm, Golgi apparatus
Q9P013	CWC15		Nuclear speckles
Q9HCG8	CWC22		Nuclear speckles
Q9NXE8	CWC25		Nuclear speckles
Q6UX04	CWC27		Nucleoplasm
Q69YN2	CWF19L1		Nucleoplasm, Golgi apparatus
Q2TBE0	CWF19L2		Nuclear speckles
Q9H720	CWH43		Golgi apparatus, Plasma membrane
P78423	CX3CL1	Secreted to blood	Plasma membrane
P49238	CX3CR1		Plasma membrane
P78310	CXADR	Secreted - unknown location	Plasma membrane, Cell Junctions
Q9H2A7	CXCL16	Secreted to blood	Golgi apparatus, Vesicles
P42830	CXCL5	Secreted to blood	Vesicles
P10145	CXCL8	Secreted to blood	Golgi apparatus
P25025	CXCR2		Plasma membrane
Q8TB03	CXorf38		Vesicles, Cytosol
Q96LI9	CXorf58		Nucleoplasm
Q5JRM2	CXorf66		Perinuclear theca, Calyx, Annulus
Q9P0U4	CXXC1		Nucleoplasm
Q9H2H0	CXXC4		Nucleoplasm
Q7LFL8	CXXC5		Nucleoplasm
Q8NBI2	CYB561A3		Vesicles
P00167	CYB5A		Vesicles, Cytosol
O43169	CYB5B		Endoplasmic reticulum
Q6P9G0	CYB5D1		Nucleoli, Golgi apparatus
Q8WUJ1	CYB5D2	Secreted to blood	Endoplasmic reticulum, Plasma membrane
Q9UHQ9	CYB5R1		Mitochondria
Q6BCY4	CYB5R2		Golgi apparatus
P00387	CYB5R3		Endoplasmic reticulum
Q6IPT4	CYB5RL		Nucleoplasm
Q9BQA9	CYBC1		Plasma membrane
Q53TN4	CYBRD1		Plasma membrane
P08574	CYC1		Mitochondria
P99999	CYCS		Mitochondria
Q96F07	CYFIP2		Endoplasmic reticulum
Q8WWM9	CYGB		Nuclear speckles
P35663	CYLC1		Calyx
Q14093	CYLC2		Calyx
Q9NQC7	CYLD		Centriolar satellite
P15538	CYP11B1		Mitochondria
P19099	CYP11B2		Mitochondria
P05093	CYP17A1	Intracellular and membrane	Vesicles
P11511	CYP19A1		Mitochondria
Q16678	CYP1B1		Mitochondria
Q6UW02	CYP20A1		Plasma membrane, Cell Junctions, Actin filaments
Q07973	CYP24A1		Mitochondria
Q9NR63	CYP26B1		Cytosol
Q02318	CYP27A1		Mitochondria
Q4G0S4	CYP27C1		Vesicles
P20813	CYP2B6	Intracellular and membrane	Nuclear membrane
P33260	CYP2C18	Intracellular and membrane	Vesicles
P33261	CYP2C19	Intracellular and membrane	Vesicles
P10632	CYP2C8		Vesicles
P11712	CYP2C9	Intracellular and membrane	Vesicles
P10635	CYP2D6		Golgi apparatus
P05181	CYP2E1		Endoplasmic reticulum, Mitochondria
Q96SQ9	CYP2S1		Endoplasmic reticulum
Q7Z449	CYP2U1		Golgi apparatus
P08684	CYP3A4		Cytosol
Q9HB55	CYP3A43		Cytosol
P20815	CYP3A5		Cytosol
P24462	CYP3A7		Cytosol
	CYP3A7-CYP3A51P		Cytosol
P13584	CYP4B1		Vesicles
Q6ZWL3	CYP4V2		Nuclear speckles
Q16850	CYP51A1		Endoplasmic reticulum
Q9H0Q0	CYRIA		Nucleoplasm
Q9NUQ9	CYRIB		Nucleoplasm
A8MQ03	CYSRT1		Nuclear speckles
Q99418	CYTH2		Cytosol
O43739	CYTH3		Cytosol
Q9UIA0	CYTH4		Plasma membrane
O60759	CYTIP		Cytosol
Q9NRR1	CYTL1	Secreted in other tissues	Nuclear membrane, Endoplasmic reticulum
Q96J86	CYYR1		Nucleoplasm
Q9NWV4	CZIB		Cytosol
Q8N465	D2HGDH		Mitochondria
Q9Y4D1	DAAM1		Cytosol
Q86T65	DAAM2		Nucleoplasm
O75553	DAB1		Vesicles
P98082	DAB2		Vesicles, Plasma membrane
Q9UI36	DACH1		Nucleoplasm, Nuclear speckles
Q96NX9	DACH2		Nucleoplasm
Q9NYF0	DACT1		Nucleoplasm
Q96B18	DACT3		Vesicles
P61803	DAD1		Cytosol
Q14118	DAG1	Intracellular and membrane	Vesicles, Plasma membrane
Q8NCG7	DAGLB		Plasma membrane
Q5D0E6	DALRD3		Nucleoplasm
Q8N907	DAND5	Secreted in other tissues	Mitochondria
P51397	DAP		Vesicles, Mitochondria
Q9ULA0	DAP		Vesicles, Mitochondria
O95886	DAP3		Nucleoplasm, Mitochondria
P51398	DAP3		Nucleoplasm, Mitochondria
P53355	DAPK1		Centrosome
Q9UIK4	DAPK2		Golgi apparatus, Vesicles
O43293	DAPK3		Nucleoplasm, Cytosol
A0PJW8	DAPL1		Nucleoplasm, Nuclear bodies, Microtubules
P14868	DARS1		Cytosol
Q6PI48	DARS2		Mitochondria
Q8N136	DAW1		Mid piece, Principal piece, End piece
Q9UER7	DAXX		Nucleoplasm, Nuclear bodies
Q96EP5	DAZAP1		Nucleoplasm
Q15038	DAZAP2		Nuclear speckles
Q9UBU7	DBF4		Nucleoplasm, Nuclear bodies
Q8NFT6	DBF4B		Nucleoplasm
P09172	DBH	Intracellular and membrane	Vesicles
Q16643	DBN1		Plasma membrane
Q9H9R9	DBNDD1		Nuclear speckles
Q9BQY9	DBNDD2		Nucleoplasm, Cytosol
Q9UJU6	DBNL		Vesicles, Plasma membrane
Q9UK59	DBR1		Nucleoplasm
P11182	DBT		Mitochondria
Q6ZNG2	DBX2		Nucleoplasm, Nuclear membrane
Q9Y4B6	DCAF1		Nucleoplasm
Q5QP82	DCAF10		Nucleoli fibrillar center
Q8TEB1	DCAF11		Nucleoplasm
Q5VU92	DCAF12L1		Cytosol
Q5VW00	DCAF12L2		Cytosol
Q9NV06	DCAF13		Nucleoplasm, Nucleoli
Q66K64	DCAF15		Mitochondria
Q9NXF7	DCAF16		Plasma membrane, Cytosol
Q5H9S7	DCAF17		Nucleoplasm
Q8WV16	DCAF4		Nucleoplasm
Q3SXM0	DCAF4L1		Cytosol
Q96JK2	DCAF5		Mitochondria
Q58WW2	DCAF6		Nucleoplasm
P61962	DCAF7		Nucleoplasm
Q5TAQ9	DCAF8		Nucleoplasm
Q8WVC6	DCAKD		Nucleoplasm
Q8TF63	DCANP1		Nucleoplasm
Q8N8Z6	DCBLD1		Cytosol
Q96PD2	DCBLD2		Plasma membrane, Cytosol
P43146	DCC		Golgi apparatus
Q9UHG0	DCDC2		Microtubules, Cytosol
A8MYV0	DCDC2C		End piece
Q96JQ0	DCHS1		Plasma membrane
Q6V1P9	DCHS2		Vesicles, Plasma membrane
P27707	DCK		Nucleoplasm
O15075	DCLK1		Nucleoplasm
Q9C098	DCLK3		Cytosol
Q6PJP8	DCLRE1A		Nucleoplasm
Q9H816	DCLRE1B		Nucleoplasm, Nuclear bodies
Q96SD1	DCLRE1C		Nucleoplasm
Q9NPI6	DCP1A		Cytoplasmic bodies
Q8IZD4	DCP1B		Vesicles, Cytosol
Q8IU60	DCP2		Nucleoplasm, Cytoplasmic bodies
Q96C86	DCPS		Nucleoplasm
Q5T197	DCST1		Principal piece
P40126	DCT		Plasma membrane
P32321	DCTD		Nucleoplasm, Cytosol
Q14203	DCTN1		Microtubules
Q13561	DCTN2		Centrosome, Basal body
O75935	DCTN3		Cytosol
Q9UJW0	DCTN4		Nucleoplasm, Centrosome
Q9BTE1	DCTN5		Nucleoplasm, Nuclear membrane
O00399	DCTN6		Cytosol
Q9H773	DCTPP1		Nucleoplasm, Cytosol
Q96GG9	DCUN1D1		Nucleoplasm
Q6PH85	DCUN1D2		Plasma membrane, Cytosol
Q8IWE4	DCUN1D3		Nucleoplasm, Cytosol
Q92564	DCUN1D4		Vesicles
Q9BTE7	DCUN1D5		Nucleoli
O43602	DCX		Cytosol
Q7Z4W1	DCXR		Microtubules
Q9BW61	DDA1		Nucleoplasm, Nucleoli
O94760	DDAH1		Plasma membrane, Cytosol
O95865	DDAH2		Mitochondria
Q16531	DDB1		Nucleoplasm
Q92466	DDB2		Nucleoplasm, Cell Junctions
P20711	DDC		Actin filaments
O94830	DDHD2		Cytosol
Q5TDH0	DDI2		Nucleoplasm, Cytosol
Q8IXT1	DDIAS		Plasma membrane, Cytosol
P0DPQ6	DDIT3		Nucleoplasm
P35638	DDIT3		Nucleoplasm
Q9NX09	DDIT4		Cytosol
Q96D03	DDIT4L		Plasma membrane
O94850	DDN		Nucleoplasm
Q99489	DDO		Cytosol
P39656	DDOST		Endoplasmic reticulum
Q08345	DDR1	Intracellular and membrane	Plasma membrane
Q16832	DDR2		Plasma membrane, Actin filaments
Q96HY6	DDRGK1		Endoplasmic reticulum
P30046	DDT		Mitochondria
Q92499	DDX1		Nucleoplasm
Q13206	DDX10		Nucleoli
Q96FC9	DDX11		Nucleoplasm
Q92841	DDX17	Intracellular and membrane	Nuclear speckles
Q9NVP1	DDX18		Nucleoli, Nucleoli rim, Mitotic chromosome
Q9NUU7	DDX19A		Nucleoplasm
Q9UMR2	DDX19B		Nucleoplasm
Q9UHI6	DDX20		Nuclear bodies
Q9NR30	DDX21		Nucleoli rim, Mitotic chromosome
Q9NY93	DDX21		Nucleoli rim, Mitotic chromosome
Q9BUQ8	DDX23		Nucleoplasm, Nucleoli
Q9GZR7	DDX24		Nucleoli, Cytosol
Q9UHL0	DDX25		Nucleoplasm
Q96GQ7	DDX27		Nucleoli
Q9NUL7	DDX28		Mitochondria
Q9H8H2	DDX31		Nucleoli
O00148	DDX39A		Nuclear speckles
Q13838	DDX39B		Nuclear speckles
O00571	DDX3X		Cytosol
O15523	DDX3Y		Cytosol
Q9NQI0	DDX4		Nucleoplasm, Plasma membrane, Cytosol
Q9UJV9	DDX41		Nucleoplasm
Q86XP3	DDX42		Nuclear speckles
Q7L014	DDX46		Nuclear speckles
Q9H0S4	DDX47		Nucleoli
Q9Y6V7	DDX49		Mitochondria
P17844	DDX5		Nucleoplasm, Nucleoli
Q9BQ39	DDX50		Nucleoli
Q8N8A6	DDX51		Nucleoplasm, Nucleoli
Q9Y2R4	DDX52		Nucleoplasm, Nucleoli
Q86TM3	DDX53		Nucleoplasm
Q8TDD1	DDX54		Nucleoplasm, Nucleoli, Golgi apparatus
Q8NHQ9	DDX55		Nucleoli
	DDX56		Nucleoli
Q5T1V6	DDX59		Nucleoplasm, Actin filaments
P26196	DDX6		Cytoplasmic bodies
Q8IY21	DDX60		Cytosol
Q5H9U9	DDX60L		Plasma membrane, Cytosol
O75398	DEAF1	Intracellular and membrane	Nucleoplasm, Nucleoli fibrillar center
Q16698	DECR1		Mitochondria
Q9NUI1	DECR2		Peroxisomes
O75618	DEDD		Nucleoplasm, Nucleoli
Q8WXF8	DEDD2		Nucleoplasm
Q01524	DEF6		Nucleoplasm
Q9H4E7	DEF6		Nucleoplasm
Q6ZN54	DEF8		Nucleoplasm, Cytosol
Q01523	DEFA5	Secreted to digestive system	Vesicles
Q8N690	DEFB119	Secreted in male reproductive system	Mitochondria
O15121	DEGS1		Mitochondria
Q6QHC5	DEGS2		Nucleoplasm, Nucleoli
P35659	DEK		Nucleoplasm
Q14154	DELE1		Nucleoplasm
Q8TCE6	DENND10		Vesicles
A4D1U4	DENND11		Golgi apparatus
Q8TEH3	DENND1A		Vesicles, Cytosol
Q6P3S1	DENND1B		Cytosol
Q8IV53	DENND1C		Cytosol
P78524	DENND2B		Nucleoplasm
Q68D51	DENND2C		Nucleoplasm
Q9H6A0	DENND2D		Nucleoplasm, Cytosol
A2RUS2	DENND3		Vesicles, Cytosol
Q7Z401	DENND4A		Nucleoli rim
O75064	DENND4B		Nucleoplasm, Golgi apparatus
Q5VZ89	DENND4C		Golgi apparatus, Vesicles, Cytosol
Q6IQ26	DENND5A		Golgi apparatus, Vesicles
Q6ZUT9	DENND5B		Microtubules
Q8IWF6	DENND6A		Vesicles
Q8NEG7	DENND6B		Plasma membrane
O43583	DENR		Cytosol
Q5TB30	DEPDC1		Nucleoplasm
Q8WUY9	DEPDC1B		Golgi apparatus
Q8N2C3	DEPDC4		Microtubules
Q96QD5	DEPDC7		Nucleoli
Q9NTK1	DEPP1		Mitochondria
Q8TB45	DEPTOR		Mitochondria
Q9Y315	DERA		Nucleoplasm
Q9BUN8	DERL1		Endoplasmic reticulum
Q9GZP9	DERL2		Endoplasmic reticulum
Q96Q80	DERL3		Vesicles
P0CG12	DERPC		Nucleoplasm
P17661	DES		Intermediate filaments
Q6ICB0	DESI1		Cytosol
Q9BSY9	DESI2		Vesicles
Q7L5Y6	DET1		Microtubules
O95424	DEXI		Nuclear speckles
O00273	DFFA		Plasma membrane, Cytosol
	DFFB		Nucleoli
O75907	DGAT1		Endoplasmic reticulum
Q96PD7	DGAT2		Vesicles, Cytosol
Q8WYQ5	DGCR8		Nucleoplasm, Nuclear bodies
P23743	DGKA		Vesicles
Q9Y6T7	DGKB		Plasma membrane
Q16760	DGKD		Cytosol
P52429	DGKE		Nucleoplasm, Cytosol
P49619	DGKG		Vesicles, Plasma membrane
Q86XP1	DGKH		Plasma membrane
P52824	DGKQ		Nucleoli
Q13574	DGKZ		Nuclear speckles
Q7Z3D6	DGLUCY		Cytosol
Q9UBM7	DHCR7		Endoplasmic reticulum
Q86SQ9	DHDDS		Plasma membrane
Q9UQ10	DHDH		Nucleoplasm, Actin filaments
P00374	DHFR		Mitochondria
Q86XF0	DHFR2		Mitochondria
Q02127	DHODH		Mitochondria
P49366	DHPS		Nucleoplasm, Cytosol
Q96LJ7	DHRS1		Nucleoplasm
Q6UWP2	DHRS11	Secreted to digestive system	Cytosol
A0PJE2	DHRS12		Nucleoplasm
Q6UX07	DHRS13	Secreted - unknown location	Vesicles
Q13268	DHRS2		Mitochondria
O75911	DHRS3		Mitochondria
Q9BTZ2	DHRS4		Vesicles
Q9Y394	DHRS7		Nucleoplasm, Mitochondria
Q6IAN0	DHRS7B		Plasma membrane, Cell Junctions, Cytosol
Q8N5I4	DHRSX	Secreted to blood	Cytosol
Q96HY7	DHTKD1		Mitochondria
O43143	DHX15		Nuclear speckles
O60231	DHX16		Nucleoplasm
Q7Z478	DHX29		Cytosol
Q7L2E3	DHX30		Mitochondria
Q9H6R0	DHX33		Nucleoli
Q14147	DHX34		Nucleoplasm
Q9H5Z1	DHX35		Nuclear bodies
Q9H2U1	DHX36		Nucleoplasm, Cytosol
Q8IY37	DHX37		Nuclear membrane
Q92620	DHX38		Nucleoplasm
Q8IX18	DHX40		Nucleoplasm
Q6P158	DHX57		Cytosol
Q96C10	DHX58		Golgi apparatus, Cytosol
Q14562	DHX8		Nucleoplasm
Q08211	DHX9		Nucleoplasm
Q9NR28	DIABLO		Mitochondria
O60610	DIAPH1		Plasma membrane, Cytosol
O60879	DIAPH2		Endoplasmic reticulum, Vesicles
Q9NSV4	DIAPH3		Plasma membrane, Microtubules
Q9UPY3	DICER1		Cytosol
Q9BTC0	DIDO1		Nucleoplasm
Q9UNQ2	DIMT1		Nucleoli, Nucleoli rim
Q92813	DIO2		Nucleoplasm, Vesicles
P55073	DIO3		Vesicles
Q14689	DIP2A		Nucleoplasm
Q9P265	DIP2B		Endoplasmic reticulum
Q9Y2E4	DIP2C		Nucleoplasm
Q5T7M9	DIPK1A		Cytosol
Q5VUD6	DIPK1B		Nuclear bodies
O95057	DIRAS1		Vesicles, Plasma membrane
O95661	DIRAS3		Nuclear membrane, Cytosol
Q9Y2L1	DIS3		Nucleoplasm
Q8TF46	DIS3L		Centrosome, Basal body, Cytosol
Q9NRI5	DISC1		Intermediate filaments, Cytosol
Q96F81	DISP1		Plasma membrane
A7MBM2	DISP2		Nucleoplasm, Vesicles
Q9P2K9	DISP3		Nucleoplasm
Q155Q3	DIXDC1		Cytosol
O60832	DKC1		Nucleoli fibrillar center
Q9UBU2	DKK2	Secreted in other tissues	Golgi apparatus
Q9UBP4	DKK3	Secreted in other tissues	Vesicles
Q9UK85	DKKL1	Secreted in male reproductive system	Vesicles, Acrosome, Equatorial segment
P10515	DLAT		Mitochondria
P63167	DLC1		Cytosol
Q96QB1	DLC1		Cytosol
Q9Y238	DLC1		Cytosol
P09622	DLD		Mitochondria
	DLEC1		Cytosol
Q12959	DLG1		Vesicles
Q14168	DLG2		Plasma membrane
Q15700	DLG2		Plasma membrane
Q13368	DLG3		Nucleoplasm, Nucleoli
Q92796	DLG3		Nucleoplasm, Nucleoli
P78352	DLG4		Nucleoplasm, Centrosome, Basal body
Q15334	DLG4		Nucleoplasm, Centrosome, Basal body
Q8TDM6	DLG5		Cell Junctions
O14490	DLGAP1		Cytosol
	DLGAP3		Endoplasmic reticulum, Plasma membrane
Q9Y2H0	DLGAP4		Nucleoplasm
Q15398	DLGAP5		Cytosol
P80370	DLK1		Golgi apparatus
Q6UY11	DLK2		Nucleoplasm
O00548	DLL1		Plasma membrane
Q9NYJ7	DLL3		Nucleoplasm
P36957	DLST		Nucleoplasm
P56177	DLX1		Nucleoplasm
Q07687	DLX2		Nuclear speckles
O60479	DLX3		Nucleoplasm
Q92988	DLX4		Nucleoplasm
P56178	DLX5		Nucleoplasm
P56179	DLX6		Nuclear bodies
Q9NW81	DMAC2		Mitochondria
Q99766	DMAC2L		Nucleoplasm, Mitochondria
Q9NPF5	DMAP1		Nucleoplasm
Q9UGM3	DMBT1	Secreted in other tissues	Centriolar satellite
Q14565	DMC1		Nucleoplasm
Q8IV36	DMC1		Nucleoplasm
Q9UI17	DMGDH		Mitochondria
Q6E0U4	DMKN	Secreted in other tissues	Nucleoplasm, Cytosol
Q09013	DMPK		Cytosol
Q9Y5R5	DMRT2		Nucleoplasm, Nucleoli
Q5VZB9	DMRTA1		Vesicles
Q96SC8	DMRTA2		Mitochondria
Q5HYR2	DMRTC1		Nucleoplasm
	DMRTC1B		Nucleoplasm
Q9Y222	DMTF1		Nucleoplasm
Q09019	DMWD		Plasma membrane, Actin filaments
Q9Y485	DMXL1		Nucleoli, Nucleoli fibrillar center
Q8TDJ6	DMXL2		Vesicles
P51530	DNA2		Mitochondria
Q86X45	DNAAF11		Mid piece, Principal piece
Q9NVR5	DNAAF2		Basal body, Cytosol
Q8N9W5	DNAAF3		Cytosol
Q8WXU2	DNAAF4		Cytosol, Mid piece
Q86Y56	DNAAF5		Cytosol
Q9NQM4	DNAAF6		Golgi apparatus, Primary cilium, Acrosome
Q5TEA3	DNAAF9		Nucleoli fibrillar center, Cytosol
Q8IVF4	DNAH10		Principal piece
Q6ZR08	DNAH12		Centrosome, Mid piece, Principal piece
Q0VDD8	DNAH14		Centrosome, Basal body
Q9UFH2	DNAH17		Mid piece, Principal piece, End piece
Q9P225	DNAH2		Microtubules, Primary cilium, Flagellar centriole, End piece
Q8TD57	DNAH3		Mid piece, Principal piece
Q9C0G6	DNAH6		Plasma membrane, Centriolar satellite, Basal body, Connecting piece, Mid piece
Q8WXX0	DNAH7		Mid piece, Annulus
Q96JB1	DNAH8		Mid piece, Principal piece
Q9NYC9	DNAH9		Flagellar centriole, End piece
Q9UI46	DNAI1		Primary cilium, Mid piece, End piece
Q9GZS0	DNAI2		Connecting piece, Mid piece
Q8IWG1	DNAI3		Connecting piece
Q5VTH9	DNAI4		Flagellar centriole
Q6TDU7	DNAI7		Cytosol
P31689	DNAJA1		Cytosol
O60884	DNAJA2		Nucleoli, Cytosol
Q96EY1	DNAJA3		Mitochondria
Q8WW22	DNAJA4		Plasma membrane, Cytosol
P25685	DNAJB1		Nucleoplasm
Q9UBS4	DNAJB11	Intracellular and membrane	Endoplasmic reticulum
Q9NXW2	DNAJB12		Nuclear membrane, Endoplasmic reticulum
P59910	DNAJB13		Plasma membrane, Mid piece, Principal piece, End piece
Q8TBM8	DNAJB14		Endoplasmic reticulum
P25686	DNAJB2		Nuclear membrane
Q9UDY4	DNAJB4		Nucleoplasm
O75953	DNAJB5		Nucleoplasm
O75190	DNAJB6		Nucleoplasm
Q7Z6W7	DNAJB7		Nucleoplasm
Q9UBS3	DNAJB9	Intracellular and membrane	Endoplasmic reticulum, Cytosol
Q96KC8	DNAJC1		Endoplasmic reticulum
Q9NVH1	DNAJC11		Mitochondria
O75165	DNAJC13		Vesicles
Q9Y2G8	DNAJC16		Vesicles
Q9NVM6	DNAJC17		Nucleoplasm
Q9H819	DNAJC18		Cell Junctions
Q99543	DNAJC2		Cytosol
Q5F1R6	DNAJC21		Nucleoli, Cytosol
Q8N4W6	DNAJC22		Vesicles
Q6P3W2	DNAJC24		Cytosol
Q9H1X3	DNAJC25		Nucleoplasm
Q9NZQ0	DNAJC27		Cytosol
Q9NX36	DNAJC28		Nucleoplasm, Centrosome
Q13217	DNAJC3	Intracellular and membrane	Endoplasmic reticulum
Q9H3Z4	DNAJC5		Vesicles
O75061	DNAJC6		Cytosol
Q99615	DNAJC7		Nucleoplasm, Cytosol
O75937	DNAJC8		Nucleoplasm
Q8WXX5	DNAJC9		Nucleoplasm
Q4LDG9	DNAL1		Nucleoplasm, Basal body, Cytosol, Principal piece
O96015	DNAL4		Centrosome, Basal body, Acrosome
O14645	DNALI1		Primary cilium, Mid piece, Principal piece, End piece
P24855	DNASE1	Secreted to digestive system	Vesicles
Q92874	DNASE1L2	Secreted in other tissues	Mitochondria
Q8IYX4	DND1		Nucleoplasm
Q96M86	DNHD1		Mid piece
Q5SXM8	DNLZ		Mitochondria
O00429	DNM1L		Cytosol
P50570	DNM2		Golgi apparatus, Cytosol
Q9UQ16	DNM3		Golgi apparatus
Q6XZF7	DNMBP		Nucleoli, Golgi apparatus, Cytosol
P26358	DNMT1		Nucleoplasm
Q9Y6K1	DNMT3A		Nucleoplasm
Q9UBC3	DNMT3B		Nucleoplasm
Q9UJW3	DNMT3L		Nuclear speckles
	DNPEP		Cytosol
O43598	DNPH1		Nucleoplasm
P04053	DNTT		Nucleoplasm
Q9H147	DNTTIP1		Nucleoli, Nucleoli rim, Mitotic chromosome
Q5QJE6	DNTTIP2		Nucleoli, Nucleoli rim
Q14183	DOC2A		Cell Junctions
Q14185	DOCK1		Nucleoplasm, Cytosol
Q96BY6	DOCK10		Nucleoplasm, Cytosol
Q8IZD9	DOCK3		Cytosol
Q8N1I0	DOCK4		Nucleoli, Plasma membrane
Q9H7D0	DOCK5		Cytosol
Q96HP0	DOCK6		Cytosol
Q8NF50	DOCK8		Plasma membrane, Cytosol
Q9BU89	DOHH		Cytosol
Q99704	DOK1		Cytosol
O60496	DOK2		Plasma membrane
Q7L591	DOK3		Plasma membrane
Q8TEW6	DOK4		Cytosol
Q9P104	DOK5		Focal adhesion sites
Q6PKX4	DOK6		Focal adhesion sites, Cytosol
Q18PE1	DOK7		Nucleoplasm
Q9UPQ8	DOLK		Nucleoplasm, Nucleoli
Q86YN1	DOLPP1		Vesicles
Q9NYP3	DONSON		Nucleoplasm, Cell Junctions
Q5JWR5	DOP1A		Nucleoplasm
Q9Y3R5	DOP1B		Nucleoplasm
Q8TEK3	DOT1L		Nucleoplasm
Q9BVM2	DPCD		Nucleoplasm, Vesicles
P16444	DPEP1	Intracellular and membrane	Nucleoplasm, Cell Junctions
Q92782	DPF1		Nucleoplasm, Cytosol
Q92785	DPF2		Nucleoplasm
Q92784	DPF3		Nucleoplasm
Q9BZG8	DPH1		Nucleoplasm
Q9BQC3	DPH2		Cytosol
Q96FX2	DPH3		Nucleoplasm
Q9H2P9	DPH5		Golgi apparatus
Q7L8W6	DPH6		Nucleoli, Nucleoli rim
Q9BTV6	DPH7		Nuclear bodies
Q9NY33	DPP3		Cytosol
Q9UHL4	DPP7	Secreted - unknown location	Vesicles
Q6V1X1	DPP8		Cytosol
Q86TI2	DPP9		Cytosol
Q7Z7J5	DPPA2		Nucleoplasm
Q7L190	DPPA4		Nucleoli, Nucleoli rim
A6NC42	DPPA5		Cell Junctions
Q07507	DPT	Secreted to extracellular matrix	Vesicles
Q2PZI1	DPY19L1		Vesicles
Q6NUT2	DPY19L2		Mitochondria
Q6ZPD9	DPY19L3		Microtubules
Q7Z388	DPY19L4		Vesicles
Q9C005	DPY30		Nucleoplasm
Q16555	DPYSL2		Microtubules, Cytosol
Q14195	DPYSL3		Cytosol
O14531	DPYSL4		Mitochondria
Q9BPU6	DPYSL5		Nucleoplasm
Q8TE96	DQX1		Nucleoli fibrillar center
Q01658	DR1		Nucleoplasm
Q6UX65	DRAM2		Golgi apparatus, Vesicles
Q14919	DRAP1		Cytosol
Q96MC2	DRC1		Nucleoplasm, Primary cilium transition zone
Q9UBG3	DRC1		Nucleoplasm, Primary cilium transition zone
Q8TE68	DRC3		Mid piece, Principal piece, End piece
Q9H069	DRC3		Mid piece, Principal piece, End piece
P21728	DRD1		Plasma membrane
P21917	DRD4		Plasma membrane
Q92597	DRG1		Nucleoplasm, Nuclear bodies
Q9Y295	DRG1		Nucleoplasm, Nuclear bodies
P55039	DRG2		Vesicles, Cytosol
A6NNA5	DRGX		Nucleoplasm, Nucleoli
Q6PGQ1	DRICH1		Nucleoplasm, Nucleoli
Q9NRR4	DROSHA		Nucleoplasm
Q13474	DRP2		Nuclear speckles, Plasma membrane
Q02487	DSC2		Plasma membrane
Q14574	DSC3		Plasma membrane, Cell Junctions
O60469	DSCAM	Intracellular and membrane	Golgi apparatus
Q9BVC3	DSCC1		Nucleoplasm
Q8IZU8	DSEL		Plasma membrane
Q14126	DSG2		Cell Junctions
Q9H410	DSN1		Nucleoplasm
P15924	DSP		Cell Junctions
Q03001	DST		Nucleoplasm, Microtubules
P60981	DSTN		Plasma membrane
Q8TEA8	DTD1		Nucleoli, Cytosol
Q96FN9	DTD2		Vesicles
Q9NZJ0	DTL		Nucleoplasm
Q9Y4J8	DTNA		Cell Junctions, Intermediate filaments
O60941	DTNB		Golgi apparatus
Q96EV8	DTNBP1		Microtubules
Q8N5C7	DTWD1		Nucleoli rim
Q8NBA8	DTWD2		Nuclear bodies
Q86Y01	DTX1		Nucleoplasm, Cytosol
Q86UW9	DTX2		Nucleoplasm, Nuclear membrane
Q8N9I9	DTX3		Nucleoplasm, Nucleoli
Q8TDB6	DTX3L		Nucleoplasm, Cytosol
Q9Y2E6	DTX4		Vesicles
P23919	DTYMK		Mitochondria
Q6P1R4	DUS1L		Plasma membrane
Q9NX74	DUS2		Cytosol
Q96G46	DUS3L		Nucleoplasm
O95620	DUS4L		Cytosol
	DUS4L-BCAP29		Cytosol
P28562	DUSP1		Nucleoli
Q9Y6W6	DUSP10		Nucleoplasm, Cytosol
O75319	DUSP11		Nucleoplasm, Nucleoli fibrillar center
Q9UNI6	DUSP12		Nucleoplasm
O95147	DUSP14		Nucleoplasm, Cytosol
Q9H1R2	DUSP15		Plasma membrane, Cytosol
Q9BY84	DUSP16		Nucleoplasm
Q8NEJ0	DUSP18		Nucleoplasm
Q8WTR2	DUSP19		Nucleoplasm
Q05923	DUSP2		Nuclear membrane
Q9H596	DUSP21		Centrosome
Q9NRW4	DUSP22		Nucleoplasm, Vesicles
Q9BVJ7	DUSP23		Nucleoplasm
Q9BV47	DUSP26		Nucleoplasm
Q4G0W2	DUSP28		Nuclear speckles
P51452	DUSP3		Nucleoplasm
Q13115	DUSP4		Nucleoplasm
Q16828	DUSP6		Nucleoplasm, Cytosol
Q13202	DUSP8		Cytosol
Q99956	DUSP9		Endoplasmic reticulum
P33316	DUT		Nucleoplasm
Q9UBX2	DUX4		Nucleoplasm, Nucleoli
O14640	DVL1		Nucleoplasm, Plasma membrane
P54792	DVL1		Nucleoplasm, Plasma membrane
O14641	DVL2		Nucleoplasm, Nuclear bodies
Q92997	DVL3		Midbody ring, Basal body
O77932	DXO		Nucleoplasm, Cytosol
Q8WWB3	DYDC1		Mid piece, Principal piece, End piece
Q96IM9	DYDC2		Vesicles, Principal piece
Q7RTS9	DYM		Golgi apparatus
Q14204	DYNC1H1		Cytosol
Q13409	DYNC1I2		Microtubules, Centrosome, Cytosol, Flagellar centriole, Mid piece, Principal piece
Q9Y6G9	DYNC1LI1		Centrosome
O43237	DYNC1LI2		Centrosome, End piece
Q8NCM8	DYNC2H1		Mitochondria, Mid piece
Q8WVS4	DYNC2I1		Centrosome, Basal body
Q96EX3	DYNC2I2		Nucleoplasm, Centrosome, Basal body
Q8TCX1	DYNC2LI1		Cytosol, Mid piece
	DYNLL1		Nucleoplasm, Cytosol, Mid piece, Principal piece
Q96FJ2	DYNLL2		Nucleoplasm, Cytosol, Mid piece, Principal piece
P63172	DYNLT1		Cytosol, Acrosome
Q8WW35	DYNLT2B		Microtubules, Primary cilium
Q5JR98	DYNLT4		Vesicles
Q13627	DYRK1A		Nuclear speckles
Q9Y463	DYRK1B		Nucleoplasm
Q92630	DYRK2		Nucleoplasm
O43781	DYRK3		Nucleoplasm
Q9NR20	DYRK4		Vesicles
O75923	DYSF		Plasma membrane, Centriolar satellite, Mid piece
Q86YF9	DZIP1		Nucleoplasm, Centrosome, Basal body
Q8IYY4	DZIP1L		Microtubules, Cytokinetic bridge, Mitotic spindle, Primary cilium, Basal body
Q86Y13	DZIP3		Vesicles
Q01094	E2F1		Nucleoplasm
O00716	E2F3		Nucleoplasm
Q16254	E2F4		Nucleoplasm
Q15329	E2F5		Nucleoplasm
O75461	E2F6		Nucleoplasm
Q96AV8	E2F7		Nucleoplasm
A0AVK6	E2F8		Nucleoplasm, Nucleoli
Q66K89	E4F1		Nucleoplasm
Q96JC9	EAF1		Nucleoplasm, Nuclear bodies
Q56P03	EAPP		Nucleoplasm
Q5JPH6	EARS2		Mitochondria
O00559	EBAG9		Golgi apparatus
Q9UH73	EBF1		Nucleoplasm
Q9HAK2	EBF2		Nucleoplasm
Q9H4W6	EBF3		Nucleoplasm
Q6P2I7	EBLN2		Nuclear bodies
Q99848	EBNA1BP2		Nucleoli, Nucleoli rim
Q15125	EBP		Nuclear membrane, Endoplasmic reticulum
Q9BY08	EBPL		Endoplasmic reticulum
O95905	ECD		Nucleoplasm, Cytosol
O95672	ECEL1		Nucleoplasm
Q13011	ECH1		Mitochondria
Q9NTX5	ECHDC1		Vesicles
Q86YB7	ECHDC2		Mitochondria
P30084	ECHS1		Mitochondria
P42126	ECI1		Mitochondria
O75521	ECI2		Peroxisomes, Mitochondria
Q16610	ECM1	Secreted to extracellular matrix	Cytosol
O94769	ECM2	Secreted to extracellular matrix	Nucleoli fibrillar center, Endoplasmic reticulum
Q5VYK3	ECPAS		Nucleoplasm
Q19T08	ECSCR		Vesicles, Plasma membrane
Q9BQ95	ECSIT		Nucleoplasm
Q9H8V3	ECT2		Nucleoplasm
Q008S8	ECT2L		Nucleoplasm
Q92838	EDA	Secreted - unknown location	Vesicles
Q9HAV5	EDA2R		Cell Junctions
Q8WWZ3	EDARADD		Nucleoplasm
Q96F86	EDC3		Cytoplasmic bodies
Q6P2E9	EDC4		Cytoplasmic bodies
Q92611	EDEM1		Endoplasmic reticulum
Q9BZQ6	EDEM3	Intracellular and membrane	Endoplasmic reticulum
O60869	EDF1		Cytosol
O43854	EDIL3	Secreted to blood	Plasma membrane
P05305	EDN1	Secreted to blood	Golgi apparatus
P20800	EDN2	Secreted to blood	Cytosol
P25101	EDNRA		Plasma membrane, Cytosol
P24530	EDNRB		Plasma membrane
Q3B7T1	EDRF1		Nucleoplasm
Q15075	EEA1		Vesicles
O75530	EED		Nucleoplasm
P68104	EEF1A1		Cytosol
Q05639	EEF1A2		Cytosol
Q8WVE0	EEF1AKMT1		Plasma membrane, Cytosol
Q5JPI9	EEF1AKMT2		Nucleoplasm, Cytosol
Q96AZ1	EEF1AKMT3		Centrosome
P0DPD7	EEF1AKMT4		Nucleoplasm, Cytosol
P0DPD8	EEF1AKMT4-ECE2		Nucleoplasm, Cytosol
P24534	EEF1B2		Nucleoli fibrillar center, Cytosol
P29692	EEF1D		Nucleoplasm, Nucleoli fibrillar center
O43324	EEF1E1		Nucleoplasm, Cytosol
P26641	EEF1G		Cytosol
P13639	EEF2		Plasma membrane, Cytosol
O00418	EEF2K		Nucleoplasm
Q96G04	EEF2KMT		Vesicles
P57772	EEFSEC		Nucleoplasm, Nuclear bodies
Q7L9B9	EEPD1		Nuclear speckles
Q9BUY7	EFCAB11		Cell Junctions, Cytosol
Q6NXP0	EFCAB12		Nucleoplasm
Q8IY85	EFCAB13		Nucleoplasm, Cytosol
O75071	EFCAB14		Cytosol
Q5VUJ9	EFCAB2		Plasma membrane, Cytosol, Mid piece
A4FU69	EFCAB5		Nuclear bodies
Q5THR3	EFCAB6		Nucleoplasm
A8K855	EFCAB7		Primary cilium, Cytosol
Q9HA90	EFCC1		Nucleoplasm
Q12805	EFEMP1	Secreted to extracellular matrix	Mitochondria
Q8N7U6	EFHB		Cytosol
Q5JVL4	EFHC1		Plasma membrane, Mid piece, Principal piece, End piece
Q9BUP0	EFHD1		Golgi apparatus
Q96C19	EFHD2		Cytosol
Q7Z2Z2	EFL1		Cytosol
O43921	EFNA2	Intracellular and membrane	Mitochondria, Cytosol
P52803	EFNA5		Vesicles, Cytosol
P98172	EFNB1		Plasma membrane
P52799	EFNB2		Nucleoplasm
Q14156	EFR3A		Plasma membrane, Cytosol
Q9Y2G0	EFR3B		Plasma membrane
O43281	EFS		Nucleoplasm
Q15029	EFTUD2		Nucleoplasm
Q99944	EGFL8	Secreted - unknown location	Vesicles
P00533	EGFR	Secreted to blood	Golgi apparatus, Plasma membrane
Q9GZT9	EGLN1		Cytosol
Q96KS0	EGLN2		Nucleoplasm
Q9H6Z9	EGLN3		Cytosol
P18146	EGR1		Nucleoplasm
P11161	EGR2		Nucleoplasm
Q06889	EGR3		Nucleoplasm
Q8NDI1	EHBP1		Plasma membrane
Q8N3D4	EHBP1L1		Vesicles, Plasma membrane
Q9H4M9	EHD1		Plasma membrane
Q9NZN3	EHD2		Plasma membrane
Q9NZN4	EHD2		Plasma membrane
	EHD3		Plasma membrane
Q9H223	EHD4		Plasma membrane
Q9NZC4	EHF		Nucleoplasm
Q9H9B1	EHMT1		Nucleoplasm, Nuclear bodies
Q96KQ7	EHMT2		Nucleoplasm, Nuclear speckles
O14681	EI24		Cytosol
Q9Y6B2	EID1		Nucleoplasm
Q8N6I1	EID2		Nucleoplasm
Q8N140	EID3		Nucleoplasm, Nucleoli
Q96D98	EID3		Nucleoplasm, Nucleoli
Q8N9N8	EIF1AD		Nucleoplasm, Vesicles
P47813	EIF1AX		Cytosol
O14602	EIF1AY		Cytosol
P05198	EIF2A		Cytosol
Q9BY44	EIF2A		Cytosol
Q9BQI3	EIF2AK1		Nucleoplasm
P19525	EIF2AK2		Cytosol
Q9NZJ5	EIF2AK3		Nucleoplasm, Cytosol
Q9P2K8	EIF2AK4		Cytosol
Q14232	EIF2B1		Cytosol
P49770	EIF2B2		Plasma membrane, Focal adhesion sites
Q9NR50	EIF2B3		Vesicles, Cytosol
Q9UI10	EIF2B4		Endoplasmic reticulum
Q13144	EIF2B5		Cytosol
P41214	EIF2D		Cytosol
	EIF2S1		Cytosol
P20042	EIF2S2		Endoplasmic reticulum
P56537	EIF3A		Nucleoplasm, Cytosol
Q14152	EIF3A		Nucleoplasm, Cytosol
P55884	EIF3B		Cytosol
Q99613	EIF3C		Cytosol
B5ME19	EIF3CL		Cytosol
O15371	EIF3D		Cytosol
P60228	EIF3E		Cytosol
O75821	EIF3G		Cytosol
O15372	EIF3H		Cytosol
Q13347	EIF3I		Cytosol
O75822	EIF3J		Cytosol
Q9UBQ5	EIF3K		Cytosol
Q9Y262	EIF3L		Nucleoli
Q7L2H7	EIF3M		Cytosol
P60842	EIF4A1		Cytosol
Q14240	EIF4A2		Cytosol
P38919	EIF4A3		Nucleoplasm
P23588	EIF4B		Endoplasmic reticulum, Cytosol
P06730	EIF4E		Cytosol, Cytoplasmic bodies
O60573	EIF4E2		Mitochondria
Q8N5X7	EIF4E3		Nucleoli fibrillar center
Q13541	EIF4EBP1		Nucleoplasm, Cytosol
Q13542	EIF4EBP2		Nucleoplasm, Mitochondria
Q9NRA8	EIF4ENIF1		Vesicles
Q04637	EIF4G1		Cytosol
P78344	EIF4G2		Cytosol
O43432	EIF4G3		Cytosol
Q15056	EIF4H		Cytosol
P55010	EIF5		Cytosol
P63241	EIF5A		Cytosol
Q9GZV4	EIF5A2		Vesicles
Q6IS14	EIF5AL1		Cytosol
O60841	EIF5B		Cytosol
	EIF6		Nucleoplasm
Q53HC9	EIPR1		Nucleoplasm, Nucleoli
Q9H777	ELAC1		Nucleoplasm
Q9BQ52	ELAC2		Nucleoplasm
P08246	ELANE	Secreted to blood	Vesicles
Q6UXG2	ELAPOR1		Plasma membrane
A8MWY0	ELAPOR2		Endoplasmic reticulum
Q15717	ELAVL1		Nucleoplasm
Q12926	ELAVL2		Nucleoplasm
P26378	ELAVL4		Nucleoplasm, Vesicles
P32519	ELF1		Nucleoplasm
Q15723	ELF2		Nucleoplasm
P78545	ELF3		Nucleoplasm
Q99607	ELF4		Nuclear bodies
Q9UKW6	ELF5		Nucleoplasm
P0C7U0	ELFN1		Nucleoplasm, Cell Junctions
Q5R3F8	ELFN2		Nucleoplasm, Vesicles
P19419	ELK1		Nucleoplasm
P41970	ELK3		Nucleoplasm
P28324	ELK4		Nucleoplasm
P55199	ELL		Nucleoplasm
O00472	ELL2		Nucleoplasm
Q9HB65	ELL3		Nucleoplasm, Nucleoli
Q96JJ3	ELMO2		Cytosol
Q96BJ8	ELMO3		Plasma membrane, Cell Junctions
Q8N336	ELMOD1		Nucleoplasm
Q8IZ81	ELMOD2		Nuclear bodies, Actin filaments
P15502	ELN	Secreted to extracellular matrix	Plasma membrane
Q14241	ELOA		Nuclear speckles
Q8IYF1	ELOA2		Nucleoplasm
Q15369	ELOC		Vesicles
P60002	ELOF1		Cytosol
Q9BW60	ELOVL1		Endoplasmic reticulum
Q9HB03	ELOVL3		Vesicles, Cytosol
Q9NYP7	ELOVL5		Endoplasmic reticulum
O95163	ELP1		Cytosol
Q6IA86	ELP2		Cytosol
Q9H9T3	ELP3		Cytosol
Q96EB1	ELP4		Nucleoplasm
Q8TE02	ELP5	Intracellular and membrane	Nucleoplasm
Q0PNE2	ELP6		Nucleoplasm, Cytosol
Q9BV81	EMC6		Centrosome
O43402	EMC8		Endoplasmic reticulum
P50402	EMD		Nuclear membrane
Q96AY2	EME1		Nucleoplasm
Q92979	EMG1		Nucleoli rim
Q9H8L6	EMILIN3	Secreted to extracellular matrix	Golgi apparatus
Q9NT22	EMILIN3	Secreted to extracellular matrix	Golgi apparatus
Q9HC35	EML4		Microtubules, Primary cilium, Annulus
Q6ZMW3	EML6		Mitochondria
P54849	EMP1		Vesicles
P54851	EMP2		Nucleoplasm
P54852	EMP3		Vesicles, Plasma membrane
Q7Z589	EMSY		Nucleoplasm
Q04741	EMX1		Nucleoli, Nucleoli rim
Q04743	EMX2		Nucleoplasm
Q05925	EN1		Nucleoli rim
P19622	EN2		Nucleoplasm
Q8N8S7	ENAH		Plasma membrane, Focal adhesion sites, Cytosol
O14682	ENC1		Plasma membrane
O94919	ENDOD1	Secreted - unknown location	Nuclear membrane
P17813	ENG		Plasma membrane
Q8NFI3	ENGASE		Cytosol
Q9H0I2	ENKD1		Plasma membrane, Centrosome, Basal body
Q8TC29	ENKUR		Mid piece
P06733	ENO1		Plasma membrane, Cytosol
P09104	ENO2		Plasma membrane, Cytosol
P13929	ENO3		Plasma membrane, Cytosol
A6NNW6	ENO4		Vesicles
Q9UHY7	ENOPH1		Nucleoplasm
Q8TC92	ENOX1	Intracellular and membrane	Plasma membrane
Q16206	ENOX2	Intracellular and membrane	Cytosol
Q13822	ENPP2	Secreted to blood	Nucleoplasm, Golgi apparatus
Q9UJA9	ENPP5	Intracellular and membrane	Cytosol
Q6UWR7	ENPP6	Intracellular and membrane	Golgi apparatus
O43768	ENSA		Nucleoplasm, Nucleoli
	ENSG00000111780		Mitochondria
	ENSG00000144785		Nucleoplasm, Centriolar satellite
	ENSG00000173867		Microtubules
	ENSG00000187186		Vesicles
	ENSG00000197991		Vesicles
	ENSG00000198211		Microtubules
	ENSG00000225528		Nucleoli, Nucleoli rim
	ENSG00000241690		Plasma membrane
	ENSG00000244255		Endoplasmic reticulum, Vesicles
	ENSG00000249967		Plasma membrane
	ENSG00000250264		Nuclear speckles, Endoplasmic reticulum
	ENSG00000250424		Plasma membrane
	ENSG00000251537		Cytosol
	ENSG00000251569		Basal body, Cytosol, Acrosome
	ENSG00000254692		Golgi apparatus
	ENSG00000254706		Nucleoplasm
	ENSG00000255439		Endoplasmic reticulum
	ENSG00000255639		Mitochondria
	ENSG00000255835		Nucleoplasm
	ENSG00000256349		Midbody
	ENSG00000256500		Plasma membrane, Acrosome, Equatorial segment
	ENSG00000256514		Centriolar satellite
	ENSG00000257390		Nuclear speckles
	ENSG00000258472		Vesicles, Plasma membrane
	ENSG00000258529		Endoplasmic reticulum
	ENSG00000260342		Endoplasmic reticulum
	ENSG00000260537		Nucleoplasm
	ENSG00000260643		Vesicles
	ENSG00000260836		Endoplasmic reticulum
	ENSG00000260914		Midbody
	ENSG00000261832		Nucleoplasm
	ENSG00000262660		Mitochondria
	ENSG00000264668		Nucleoli, Nucleoli rim
	ENSG00000265118		Golgi apparatus, Vesicles, Plasma membrane, Primary cilium
	ENSG00000267179		Nucleoplasm
	ENSG00000267561		Mitochondria
	ENSG00000267740		Mitochondria, End piece
	ENSG00000268083		Mitochondria
	ENSG00000268465		Plasma membrane, Cytosol
	ENSG00000268643		Nucleoplasm
	ENSG00000268870		Nucleoplasm
	ENSG00000269026		Nucleoplasm
	ENSG00000269035		Nuclear membrane
	ENSG00000269547		Nucleoplasm, Mitochondria
	ENSG00000269590		Nuclear membrane, Endoplasmic reticulum
	ENSG00000269825		Nucleoli rim
	ENSG00000270249		Nucleoplasm
	ENSG00000271254		Primary cilium, Cytosol
	ENSG00000272772		Nucleoplasm, Cytosol
	ENSG00000272822		Nucleoplasm, Nuclear bodies
	ENSG00000272980		Centrosome, Basal body
	ENSG00000273217		Cytosol
	ENSG00000274175		Centriolar satellite
	ENSG00000274792		Centrosome
	ENSG00000274944		Nucleoplasm
	ENSG00000275740		Nuclear speckles
	ENSG00000275869		Centriolar satellite
	ENSG00000276345		Nucleoli fibrillar center, Mitochondria
	ENSG00000277535		Nucleoli
	ENSG00000278646		Nucleoli
	ENSG00000280571		Centriolar satellite
	ENSG00000282218		Golgi apparatus, Calyx, Mid piece
	ENSG00000282278		Nucleoplasm
	ENSG00000282988		Nucleoplasm
	ENSG00000283149		Endoplasmic reticulum
	ENSG00000283321		Nucleoplasm, Cytosol
	ENSG00000283761		Vesicles
	ENSG00000283765		Mitochondria
	ENSG00000283782		Nucleoplasm
	ENSG00000283886		Nucleoplasm
	ENSG00000284057		Nuclear speckles
	ENSG00000284292		Cell Junctions
	ENSG00000284512		Vesicles
	ENSG00000284776		Nucleoli, Cytosol
	ENSG00000284779	Intracellular and membrane	Nucleoplasm
	ENSG00000284969		Golgi apparatus, Vesicles
	ENSG00000285130		Nucleoplasm, Plasma membrane, Cell Junctions
	ENSG00000285188		Centrosome, Basal body, Cytosol
	ENSG00000285245		Nucleoplasm
	ENSG00000285283		Endoplasmic reticulum
	ENSG00000285304		Cytosol
	ENSG00000285382		Vesicles
	ENSG00000285458		Focal adhesion sites
	ENSG00000285526		Nucleoplasm
	ENSG00000285547		Nucleoplasm
	ENSG00000285625		Cytosol
	ENSG00000285708		Nucleoplasm
	ENSG00000285749		Nucleoli
	ENSG00000285827		Mitochondria
	ENSG00000285837		Vesicles, Centriolar satellite, Centrosome
	ENSG00000285880		Vesicles, Basal body
	ENSG00000285920		Nucleoplasm, Nucleoli, Nucleoli fibrillar center
	ENSG00000285947		Plasma membrane
	ENSG00000285953		Vesicles
	ENSG00000285982		Mitochondria
	ENSG00000286112		Cytosol
	ENSG00000286165		Cytosol
	ENSG00000286185		Primary cilium, Cytosol
	ENSG00000286235		Nucleoplasm
	ENSG00000286268		Nuclear membrane, Endoplasmic reticulum
	ENSG00000288000		Nucleoplasm
	ENSG00000288520		Nuclear speckles, Plasma membrane
	ENSG00000288637		Centrosome
	ENSG00000288684		Plasma membrane, Cytosol
	ENSG00000289027		Endoplasmic reticulum, Vesicles
	ENSG00000289258		Focal adhesion sites
	ENSG00000289346		Nucleoplasm
	ENSG00000289700		Cytosol
	ENSG00000290147		Plasma membrane
	ENSG00000290315		Nucleoplasm, Cytosol, Rods & Rings
	ENSG00000290317		Nucleoplasm
	ENSG00000291316		Nucleoplasm
P49961	ENTPD1		Microtubules
O75355	ENTPD3		Cytosol
Q9Y227	ENTPD4		Vesicles
O75354	ENTPD6	Secreted to blood	Golgi apparatus
Q9NQZ7	ENTPD7		Nucleoplasm
Q5MY95	ENTPD8		Nucleoplasm, Cytosol
O60320	ENTREP2		Nucleoplasm
P81408	ENTREP3		Nucleoplasm
Q9NPA8	ENY2		Nucleoplasm, Mitochondria
Q5NDL2	EOGT	Intracellular and membrane	Nucleoplasm, Nuclear membrane
O95936	EOMES		Nucleoplasm
Q09472	EP300		Nucleoplasm
Q96L91	EP400		Nucleoplasm
Q99814	EPAS1		Nucleoplasm
P11171	EPB41		Plasma membrane, Cell Junctions
Q9H4G0	EPB41L1		Plasma membrane
O43491	EPB41L2		Plasma membrane
Q9Y2J2	EPB41L3		Plasma membrane, Cell Junctions
Q9HCS5	EPB41L4A		Plasma membrane
Q9H329	EPB41L4B		Plasma membrane, Cytosol
Q9HCM4	EPB41L5		Plasma membrane
P16452	EPB42		Nucleoplasm, Cytosol
Q9H2F5	EPC1		Nucleoplasm
Q52LR7	EPC2		Nuclear speckles
P16422	EPCAM		Plasma membrane
Q9HCE0	EPG5		Nuclear speckles
Q6UW88	EPGN	Secreted in other tissues	Nucleoplasm, Cytosol
P29317	EPHA2		Plasma membrane, Cell Junctions
P29320	EPHA3	Intracellular and membrane	Nuclear membrane, Plasma membrane, Cytosol
P54756	EPHA5		Golgi apparatus
Q9UF33	EPHA6		Mid piece
Q15375	EPHA7	Intracellular and membrane	Principal piece
P54762	EPHB1		Endoplasmic reticulum, Plasma membrane
P29323	EPHB2	Intracellular and membrane	Plasma membrane
O15197	EPHB6	Intracellular and membrane	Nuclear speckles
P34913	EPHX2		Cytosol
Q9H6B9	EPHX3		Nucleoplasm
Q8IUS5	EPHX4		Vesicles
B3EWF7	EPM2A		Nucleoplasm
O95278	EPM2A		Nucleoplasm
Q9Y6I3	EPN1		Plasma membrane, Cytosol
O95208	EPN2		Vesicles
Q9H201	EPN3		Vesicles
A6NHQ4	EPOP		Nucleoplasm
P19235	EPOR	Intracellular and membrane	Plasma membrane
P58107	EPPK1		Intermediate filaments
P07814	EPRS1		Cytosol
P42566	EPS15		Vesicles, Cytosol
Q9UBC2	EPS15L1		Vesicles
Q12929	EPS8		Plasma membrane
	EPS8L1		Cytosol
Q9H6S3	EPS8L2		Centrosome, Cytosol
Q8TE67	EPS8L3		Vesicles
Q9NQ60	EQTN	Secreted in male reproductive system	Plasma membrane, Actin filaments
O75616	ERAL1		Mitochondria
Q9NZ08	ERAP1	Secreted to blood	Nucleoplasm, Cytosol
Q6P179	ERAP2	Secreted to blood	Golgi apparatus
P04626	ERBB2		Plasma membrane
P21860	ERBB3	Secreted - unknown location	Plasma membrane
Q96RT1	ERBIN		Plasma membrane, Cell Junctions
Q8IUD2	ERC1		Plasma membrane
P07992	ERCC1		Nucleoplasm
P18074	ERCC2		Nucleoplasm
P19447	ERCC3		Nucleoplasm
Q92889	ERCC4		Nucleoplasm, Nuclear bodies
P28715	ERCC5		Nucleoplasm
P0DP91	ERCC6		Nucleoplasm
Q03468	ERCC6		Nucleoplasm
Q2NKX8	ERCC6L		Centrosome
Q5T890	ERCC6L2		Nucleoplasm, Cytosol
Q13216	ERCC8		Nuclear speckles
O14944	EREG	Secreted to blood	Vesicles
P50548	ERF		Nucleoplasm
A0A1W2PQ73	ERFL		Nucleoplasm, Nucleoli
P11308	ERG		Nucleoplasm
Q12809	ERG		Nucleoplasm
Q969X5	ERGIC1		Nucleoplasm, Vesicles
Q96RQ1	ERGIC2		Golgi apparatus, Vesicles
P84090	ERH		Nucleoplasm
Q8IV48	ERI1		Microtubules
A8K979	ERI2		Nucleoplasm
O43414	ERI3		Nucleoplasm, Cytosol
Q86X53	ERICH1		Nucleoli fibrillar center
A1L162	ERICH2		Nucleoli fibrillar center
Q5RHP9	ERICH3		Nuclear membrane, Endoplasmic reticulum
A6NGS2	ERICH4		Nucleoplasm
Q6P6B1	ERICH5		Golgi apparatus
O75477	ERLIN1		Endoplasmic reticulum
O94905	ERLIN2	Intracellular and membrane	Endoplasmic reticulum
Q96PL5	ERMAP		Golgi apparatus
Q5T6L9	ERMARD		Cytosol
Q8TAM6	ERMN		Plasma membrane
Q76MJ5	ERN2	Intracellular and membrane	Endoplasmic reticulum, Cytosol
P30040	ERP29	Intracellular and membrane	Microtubules
Q9UJM3	ERRFI1		Cytosol
Q14264	ERV3-1		Vesicles
P60508	ERVFRD-1		Plasma membrane, Actin filaments
Q9H9K5	ERVMER34-1	Secreted to blood	Nucleoplasm
B6SEH8	ERVV-1		Cytosol
B6SEH9	ERVV-2		Cytosol
Q96AP7	ESAM		Cell Junctions
Q56NI9	ESCO2		Nucleoplasm
P10768	ESD		Golgi apparatus
Q9H501	ESF1		Nucleoplasm, Nucleoli
Q9NQ30	ESM1	Secreted to blood	Vesicles
Q14674	ESPL1		Nucleoplasm
B1AK53	ESPN		Vesicles
Q6ZVH7	ESPNL		Cytosol
P03372	ESR1		Vesicles
Q92731	ESR2		Nucleoplasm
Q6NXG1	ESRP1		Nuclear bodies
Q9H6T0	ESRP2		Nucleoplasm
P11474	ESRRA		Nucleoplasm, Nucleoli fibrillar center
O95718	ESRRB		Nucleoplasm
P62508	ESRRG		Nucleoplasm
Q96DF8	ESS2		Nucleoplasm
Q8N693	ESX1		Nuclear speckles
Q9BSJ8	ESYT1		Endoplasmic reticulum
A0FGR8	ESYT2		Plasma membrane, Cytosol
Q9NY74	ETAA1		Nucleoplasm
P13804	ETFA		Mitochondria
P38117	ETFB		Mitochondria
Q16134	ETFDH		Mitochondria
O95571	ETHE1		Mitochondria
Q9HBU6	ETNK1		Nucleoplasm, Plasma membrane, Cytosol
Q8TBG4	ETNPPL		Nucleoplasm
P14921	ETS1		Nucleoplasm
P15036	ETS2		Nucleoplasm
P50549	ETV1		Nucleoplasm
P41162	ETV3		Nucleoplasm
Q6ZN32	ETV3L		Nucleoplasm, Nucleoli
P43268	ETV4		Nucleoli rim
P41161	ETV5		Nucleoplasm
P41212	ETV6		Nucleoli
Q9Y603	ETV7		Nucleoplasm
Q9H8M9	EVA1A		Vesicles
Q9NVM1	EVA1B		Plasma membrane
P58658	EVA1C		Cytosol
P57679	EVC		Nucleoplasm, Basal body
Q86UK5	EVC2		Plasma membrane, Microtubules, Cytokinetic bridge, Primary cilium
P22794	EVI2A		Golgi apparatus, Vesicles, Plasma membrane, Primary cilium
P34910	EVI2B		Plasma membrane
O60447	EVI5		Golgi apparatus
Q96CN4	EVI5L		Nucleoplasm
Q9UI08	EVL		Vesicles, Cytosol
Q92817	EVPL		Intermediate filaments
A8MZ36	EVPLL		Nucleoplasm, Nuclear bodies
P49640	EVX1		Nucleoplasm
Q01844	EWSR1		Nucleoplasm
Q9NVH0	EXD2		Mitochondria
Q8N9H8	EXD3		Focal adhesion sites
Q9UQ84	EXO1		Nucleoplasm
Q9H790	EXO5		Nucleoplasm
Q9NV70	EXOC1		Plasma membrane, Microtubules
Q96KP1	EXOC2		Vesicles
O60645	EXOC3		Plasma membrane, Cytosol
Q86VI1	EXOC3L1		Vesicles, Plasma membrane
Q2M3D2	EXOC3L2		Golgi apparatus, Vesicles
O00471	EXOC5		Vesicles
Q8TAG9	EXOC6		Centrosome, Basal body, Cytosol
Q9Y2D4	EXOC6B		Nucleoplasm, Nuclear bodies
Q9UPT5	EXOC7		Cytosol
Q8IYI6	EXOC8		Cytosol
Q9Y2C4	EXOG		Mitochondria
Q9Y3B2	EXOSC1		Nuclear bodies
Q01780	EXOSC10		Nucleoli, Nucleoli rim
Q13868	EXOSC2		Nucleoplasm, Nucleoli
Q9NQT5	EXOSC3		Nucleoplasm
Q9NPD3	EXOSC4		Nucleoplasm, Cytosol
Q9NQT4	EXOSC5		Nucleoli
Q15024	EXOSC7		Nuclear speckles
Q96B26	EXOSC8		Nucleoli fibrillar center, Mitotic chromosome
Q06265	EXOSC9		Nucleoli
Q8NEV8	EXPH5		Cytosol
Q93063	EXT2	Intracellular and membrane	Golgi apparatus
Q92935	EXTL1		Centrosome, Basal body
Q9UBQ6	EXTL2	Intracellular and membrane	Nucleoplasm
Q99502	EYA1		Nucleoplasm, Nuclear bodies
O00167	EYA2		Cytosol
Q99504	EYA3		Nucleoplasm
O95677	EYA4		Nucleoplasm
Q5T1H1	EYS	Secreted in other tissues	Plasma membrane, Cytosol, Flagellar centriole
Q92800	EZH1		Nucleoplasm
Q15910	EZH2		Nucleoplasm
Q86X51	EZHIP		Nucleoplasm
P15311	EZR		Plasma membrane
P03951	F11	Secreted to blood	Vesicles
Q9Y624	F11R		Microtubules
P55085	F2RL1		Plasma membrane
Q96RI0	F2RL3		Plasma membrane
P13726	F3	Secreted to blood	Vesicles
P12259	F5	Secreted to blood	Golgi apparatus
Q7L5A8	FA2H		Nuclear membrane
O00519	FAAH		Cytosol
Q0VG06	FAAP100		Nucleoplasm
Q6NZ36	FAAP20		Nucleoplasm
Q9BTP7	FAAP24		Nucleoplasm
P07148	FABP1		Nucleoplasm, Cytosol
P12104	FABP2		Actin filaments, Cytosol
P05413	FABP3		Focal adhesion sites
P15090	FABP4		Nucleoplasm, Cytosol
Q01469	FABP5	Intracellular and membrane	Cytosol
O15540	FABP7		Nucleoplasm
Q13158	FADD		Nucleoplasm, Cytosol
O95864	FADS2		Endoplasmic reticulum
Q9Y5Q0	FADS3		Nucleoli fibrillar center
Q9UNN5	FAF1		Nucleoplasm
Q96CS3	FAF2		Lipid droplets
P16930	FAH		Cytosol
Q6P587	FAHD1		Mitochondria
Q9NVQ4	FAIM		Plasma membrane, Cytosol
Q9BWQ8	FAIM2		Intermediate filaments
Q5T9C2	FAM102A		Cytosol
Q5T8I3	FAM102B		Nucleoli, Cytosol
Q969W3	FAM104A		Nucleoplasm
O95990	FAM107A		Nuclear speckles
Q9H098	FAM107B		Nucleoplasm
Q9BQ89	FAM110A		Nucleoplasm, Vesicles
Q8TC76	FAM110B		Mitochondria, Cytosol
Q96PZ2	FAM111A		Nucleoplasm, Nucleoli fibrillar center
Q6SJ93	FAM111B		Nucleoplasm
Q8IWE2	FAM114A1		Golgi apparatus, Cytosol
Q9NRY5	FAM114A2		Vesicles
Q9C073	FAM117A		Nucleoplasm
Q6P1L5	FAM117B		Nucleoplasm
Q9NWS6	FAM118A		Intermediate filaments
Q9NZB2	FAM120A		Cytosol
Q96EK7	FAM120B		Nucleoplasm
Q9NX05	FAM120C		Nuclear membrane
Q86V42	FAM124A		Nucleoplasm
Q9H5Z6	FAM124B		Nucleoplasm
Q6UXB0	FAM131A		Nucleoli rim
Q86XD5	FAM131B		Nucleoplasm
Q96AQ9	FAM131C		Intermediate filaments, Cytosol
Q8N9E0	FAM133A		Nucleoli
Q5BKY9	FAM133B		Nucleoli
Q9P2D6	FAM135A		Nucleoplasm
Q49AJ0	FAM135B		Nuclear membrane
Q96C01	FAM136A		Mitochondria
O94988	FAM13A		Cytosol
Q9NYF5	FAM13B		Nucleoplasm
Q8NE31	FAM13C		Nucleoplasm, Cytosol
A5PLN7	FAM149A		Golgi apparatus
Q96BN6	FAM149B1		Microtubules, Primary cilium
Q6UXP7	FAM151B		Cytosol
Q3B820	FAM161A		Centrosome, Basal body, Flagellar centriole
Q96MY7	FAM161B		Nucleoplasm, Plasma membrane
Q96A26	FAM162A		Mitochondria
P0C2L3	FAM163B		Nuclear bodies, Plasma membrane, Cytosol
Q6J272	FAM166A		Mid piece, Principal piece, End piece
A6NJV1	FAM166C		Nuclear membrane, Vesicles
Q96KS9	FAM167A		Mitochondria
Q9BTA0	FAM167B		Actin filaments
Q92567	FAM168A		Nucleoplasm
Q9Y6X4	FAM169A		Nuclear membrane, Cytosol
Q5VUB5	FAM171A1		Plasma membrane
Q6P995	FAM171B		Nucleoplasm, Mitochondria
Q8WUF8	FAM172A	Intracellular and membrane	Nucleoplasm
Q8TBP5	FAM174A		Golgi apparatus
Q3ZCQ3	FAM174B		Intermediate filaments
Q9BVV8	FAM174C		Nuclear speckles
Q8N128	FAM177A1	Secreted to blood	Vesicles
A6PVY3	FAM177B		Mid piece
Q8IXR5	FAM178B		Nuclear speckles
Q6UWF9	FAM180A	Secreted - unknown location	Vesicles
Q8N9Y4	FAM181A		Nucleoplasm
A6NEQ2	FAM181B		Mitochondria
A6NL82	FAM183A		Mid piece
Q8NB25	FAM184A		Centriolar satellite, Basal body, Cytosol
Q8N0U4	FAM185A		Cytosol
A6NE01	FAM186A		Nucleoplasm, Vesicles
Q8IYM0	FAM186B		Nucleoplasm, Cytosol
A6NFU0	FAM187A		Acrosome
P78312	FAM193A		Plasma membrane, Cytosol
Q96PV7	FAM193B		Nucleoplasm, Nucleoli
Q6PEV8	FAM199X		Golgi apparatus
Q9H8W3	FAM204A		Nucleoplasm, Nucleoli
Q6ZU69	FAM205A		Plasma membrane, Acrosome
Q5JX71	FAM209A		Plasma membrane, Cell Junctions
O75063	FAM20B		Golgi apparatus
Q8IXL6	FAM20C	Secreted in other tissues	Golgi apparatus
Q96ND0	FAM210A		Nucleoplasm, Golgi apparatus, Mitochondria
Q96KR6	FAM210B		Plasma membrane, Cytosol
Q8WUB2	FAM216A		Actin filaments
Q9NTX9	FAM217B		Nucleoplasm
Q8IW50	FAM219A		Golgi apparatus
Q5XKK7	FAM219B		Nucleoplasm
Q7Z4H9	FAM220A		Vesicles
A4D161	FAM221A		Cytosol
Q5U5X8	FAM222A		Golgi apparatus
Q8WU58	FAM222B		Nucleoplasm
F5H4B4	FAM227A		Nucleoplasm
Q96M60	FAM227B		Nuclear speckles
Q86W67	FAM228A		Nucleoplasm
P0C875	FAM228B		Golgi apparatus
Q4G0N7	FAM229B		Nucleoplasm
Q9H0X4	FAM234A		Mitochondria
A2RU67	FAM234B		Endoplasmic reticulum
A0A1B0GVR7	FAM240C		Nucleoplasm
Q8N8J7	FAM241A		Golgi apparatus
Q96D05	FAM241B		Nucleoplasm, Centrosome
Q9Y421	FAM32A		Nucleoplasm, Nucleoli
P98173	FAM3A	Secreted to blood	Nucleoli rim
P58499	FAM3B	Secreted to blood	Vesicles
Q92520	FAM3C	Secreted in other tissues	Golgi apparatus
Q8N2R8	FAM43A		Vesicles
Q6ZT52	FAM43B		Cytosol
Q6ZV65	FAM47E		Plasma membrane, Cytosol
	FAM47E-STBD1		Plasma membrane, Cytosol
Q14320	FAM50A		Nucleoplasm
Q9Y247	FAM50B		Nucleoplasm
Q6NSI3	FAM53A		Nucleoplasm, Plasma membrane
Q14153	FAM53B		Cytosol
Q5TYM5	FAM72A		Vesicles
Q86X60	FAM72B		Vesicles
H0Y354	FAM72C		Vesicles
Q6L9T8	FAM72D		Vesicles
Q8TAV0	FAM76A		Nucleoplasm, Cytosol
Q5HYJ3	FAM76B		Nucleoplasm
Q5JUQ0	FAM78A	Intracellular and membrane	Nucleoplasm, Vesicles
Q5VT40	FAM78B		Golgi apparatus, Vesicles
Q8TBF8	FAM81A		Nucleoplasm
Q86UY5	FAM83A		Nucleoplasm
Q9H4H8	FAM83D		Mitotic spindle
Q2M2I3	FAM83E		Cytosol
Q8NEG4	FAM83F		Mitochondria
A6ND36	FAM83G		Cytosol
Q6ZRV2	FAM83H		Cytosol
Q8N7N1	FAM86B1		Vesicles
P0C5J1	FAM86B2		Vesicles
Q96GI7	FAM89A		Golgi apparatus, Vesicles
Q9UBU6	FAM8A1		Golgi apparatus
Q86YD7	FAM90A1		Nucleoplasm
A6NDY2	FAM90A10		Nucleoplasm
A0A8V8TNH8	FAM90A11P		Nucleoplasm
A8MX19	FAM90A12P		Nucleoplasm
P0C7W8	FAM90A13P		Nucleoplasm
P0C7W9	FAM90A14		Nucleoplasm
P0C7V4	FAM90A15P		Nucleoplasm
P0DV73	FAM90A16		Nucleoplasm
P0DV74	FAM90A17		Nucleoplasm
P0DV75	FAM90A18		Nucleoplasm
P0DV76	FAM90A19		Nucleoplasm
A6NIJ5	FAM90A20P		Nucleoplasm
A8MWA6	FAM90A22		Nucleoplasm
A8MXZ1	FAM90A23		Nucleoplasm
P0C7X0	FAM90A24P		Nucleoplasm
D6RGX4	FAM90A26		Nucleoplasm
A6NNH2	FAM90A27P		Cytosol
A0A8V8TPE2	FAM90A3P		Nucleoplasm
A8MXJ8	FAM90A5P		Nucleoplasm
A6NKC0	FAM90A7		Nucleoplasm
A6NJQ4	FAM90A8		Nucleoplasm
A6NNJ1	FAM90A9		Nucleoplasm
Q658Y4	FAM91A1		Nucleoplasm, Microtubules
Q8NCA5	FAM98A		Vesicles
Q52LJ0	FAM98B		Nucleoplasm, Vesicles
Q17RN3	FAM98C		Nucleoplasm, Nucleoli
Q8IZU1	FAM9A		Mid piece
Q8IZU0	FAM9B		Nucleoplasm
Q16658	FAN1		Nucleoplasm, Cytosol
Q9Y2M0	FAN1		Nucleoplasm, Cytosol
O15360	FANCA		Nucleoplasm
Q00597	FANCC		Nucleoplasm
Q9BXW9	FANCD2		Nucleoplasm, Nuclear bodies
Q96PS1	FANCD2OS		Vesicles
Q9HB96	FANCE		Nucleoplasm
Q9NPI8	FANCF		Nucleoplasm
O15287	FANCG		Nuclear speckles
Q9NVI1	FANCI		Nucleoplasm
Q9NW38	FANCL		Nuclear bodies
Q8IYD8	FANCM		Nucleoplasm
Q8TC84	FANK1		Nucleoplasm
Q8WVX9	FAR1		Peroxisomes
Q96K12	FAR2		Golgi apparatus
Q9Y4F1	FARP1		Cytosol
O94887	FARP2		Cytosol
Q9Y285	FARSA		Cytosol
Q9NSD9	FARSB		Nucleoplasm
P25445	FAS	Secreted to blood	Plasma membrane
P49327	FAS	Secreted to blood	Plasma membrane
	FASN		Plasma membrane, Cytosol
Q14296	FASTK		Mitochondria
Q53R41	FASTKD1		Mitochondria
Q9NYY8	FASTKD2		Mitochondria
Q14CZ7	FASTKD3		Nucleoplasm, Mitochondria
Q9NYQ8	FAT2		Vesicles
Q8TDW7	FAT3		Cell Junctions
Q6V0I7	FAT4		Cytosol
P62861	FAU		Endoplasmic reticulum, Cytosol
Q5TGI0	FAXC		Nucleoplasm
	FBF1		Centrosome, Basal body
P22087	FBL		Nucleoli fibrillar center
Q8WUP2	FBLIM1		Cell Junctions, Focal adhesion sites
A6NHQ2	FBLL1		Nucleoli fibrillar center
P23142	FBLN1	Secreted to extracellular matrix	Endoplasmic reticulum
P98095	FBLN2	Secreted to extracellular matrix	Plasma membrane
Q9UBX5	FBLN5	Secreted to extracellular matrix	Plasma membrane
Q53RD9	FBLN7	Secreted to extracellular matrix	Plasma membrane
P35555	FBN1	Secreted to blood	Golgi apparatus
P35556	FBN2	Secreted to blood	Cytosol
P09467	FBP1		Mitochondria
O00757	FBP2		Plasma membrane, Cytosol
Q63HM2	FBP2		Plasma membrane, Cytosol
Q9HAH7	FBRS		Nucleoplasm
Q9HCM7	FBRSL1		Nucleoplasm, Cytosol
Q9NXK8	FBXL12		Mitochondria
Q9UF56	FBXL17		Nucleoplasm
Q96ME1	FBXL18		Nucleoplasm
Q6PCT2	FBXL19		Nucleoplasm
Q9UKC9	FBXL2		Plasma membrane
Q96IG2	FBXL20		Microtubules
Q6P050	FBXL22		Cytosol
Q9UKT7	FBXL3		Nuclear bodies
Q9UKA2	FBXL4		Nuclear speckles
Q8N531	FBXL6		Nucleoplasm
Q96CD0	FBXL8		Golgi apparatus
Q9UK96	FBXO10		Nucleoplasm, Cytosol
Q86XK2	FBXO11		Nucleoplasm, Nucleoli
Q8IX29	FBXO16		Nucleoplasm, Vesicles, Plasma membrane, Cytosol
Q9UK22	FBXO2		Nucleoplasm, Cytosol
O94952	FBXO21		Centrosome, Cytosol
Q8NI29	FBXO27		Nucleoplasm
Q9NVF7	FBXO28		Nucleoplasm
Q9UK99	FBXO3		Nucleoplasm
Q8TB52	FBXO30		Microtubules
Q5XUX0	FBXO31		Nucleoplasm
Q969P5	FBXO32		Nucleoplasm, Cytosol
Q7Z6M2	FBXO33		Nucleoplasm
Q9NWN3	FBXO34		Nuclear speckles
Q8NEA4	FBXO36		Nucleoplasm, Nucleoli
Q6PIJ6	FBXO38		Nucleoplasm, Plasma membrane
Q9UKT5	FBXO4		Nucleoplasm
Q8TF61	FBXO41		Nucleoplasm, Cytosol
Q6P3S6	FBXO42		Nucleoplasm
Q4G163	FBXO43		Cytosol
Q9H4M3	FBXO44		Nucleoplasm
P0C2W1	FBXO45	Secreted in other tissues	Nucleoplasm, Plasma membrane, Cytosol
Q6PJ61	FBXO46		Nucleoplasm, Vesicles
Q5FWF7	FBXO48		Nuclear bodies
Q9UKT4	FBXO5		Nucleoplasm
Q9Y3I1	FBXO7		Nucleoplasm, Cytosol
Q9NRD0	FBXO8		Nucleoplasm
Q9UK97	FBXO9		Centrosome
Q5XX13	FBXW10		Nucleoplasm
O95170	FBXW10B		Nucleoplasm, Nucleoli
Q9UKB1	FBXW11		Vesicles, Plasma membrane
Q6X9E4	FBXW12		Cytosol
Q9UKT8	FBXW2		Nucleoplasm
P57775	FBXW4		Golgi apparatus
Q969U6	FBXW5		Mitochondria
Q969H0	FBXW7		Nucleoplasm, Vesicles
Q8N3Y1	FBXW8		Cytosol
Q5XUX1	FBXW9		Cytosol
P24071	FCAR	Intracellular and membrane	Plasma membrane
Q9Y324	FCF1		Nucleoplasm
Q9Y6R7	FCGBP	Secreted in other tissues	Plasma membrane
P12314	FCGR1A		Vesicles
P12318	FCGR2A		Plasma membrane
P31995	FCGR2C		Plasma membrane
O14526	FCHO1		Nucleoplasm
Q0JRZ9	FCHO2		Centrosome
Q86WN1	FCHSD1		Nucleoplasm
O94868	FCHSD2		Plasma membrane, Actin filaments
O60667	FCMR	Secreted to blood	Nucleoplasm, Plasma membrane
Q6BAA4	FCRLB	Intracellular and membrane	Cytosol
Q8N0W3	FCSK		Vesicles
P37268	FDFT1		Endoplasmic reticulum
P14324	FDPS		Cytosol
P10109	FDX1		Mitochondria
Q9BRP7	FDXACB1		Nucleoplasm, Cytosol
P22570	FDXR		Mitochondria
Q9BSK4	FEM1A		Nucleoplasm, Golgi apparatus
Q9UK73	FEM1B		Nucleoplasm
Q96JP0	FEM1C		Nucleoplasm
P39748	FEN1		Nucleoplasm
P16591	FER		Cytosol
A0AVI2	FER1L5		Plasma membrane
Q2WGJ9	FER1L6		Plasma membrane
Q96AC1	FERMT2		Focal adhesion sites
Q86UX7	FERMT3		Vesicles
P07332	FES		Nucleoplasm, Cytosol
Q9UGM5	FETUB	Secreted to blood	Vesicles
Q99581	FEV		Nuclear speckles
Q99689	FEZ1		Microtubules, Cytosol
Q9Y250	FEZ1		Microtubules, Cytosol
Q9UHY8	FEZ2		Nucleoli, Nucleoli rim
A0PJY2	FEZF1		Nucleoplasm
Q8TBJ5	FEZF2		Nucleoplasm, Vesicles
O14842	FFAR1		Plasma membrane
Q5NUL3	FFAR4		Plasma membrane
P02671	FGA	Secreted to blood	Endoplasmic reticulum
P02675	FGB	Secreted to blood	Endoplasmic reticulum
P98174	FGD1		Plasma membrane, Cytosol
Q5JSP0	FGD3		Nucleoplasm, Cytosol
Q96M96	FGD4		Actin filaments
Q6ZNL6	FGD5		Plasma membrane
Q6ZV73	FGD6		Vesicles
P05230	FGF1	Secreted in other tissues	Nucleoplasm
Q92914	FGF11		Centrosome
P61328	FGF12		Nucleoplasm
Q92913	FGF13		Cytosol
Q92915	FGF14		Nucleoli fibrillar center
P09038	FGF2	Secreted in other tissues	Nucleoplasm, Nuclear bodies
Q9GZV9	FGF23	Secreted to blood	Vesicles
P21781	FGF7	Secreted in other tissues	Nucleoplasm, Nucleoli
P11362	FGFR1		Microtubules, Cytokinetic bridge, Mitotic spindle
Q9NVK5	FGFR1OP2		Mitochondria
P21802	FGFR2	Secreted - unknown location	Cell Junctions
P22607	FGFR3	Secreted - unknown location	Endoplasmic reticulum
Q8N441	FGFRL1		Vesicles
P02679	FGG	Secreted to blood	Endoplasmic reticulum
Q96C11	FGGY		Nucleoplasm
P09769	FGR		Plasma membrane
P07954	FH		Mitochondria
B1AJZ9	FHAD1		Nucleoplasm, Nuclear bodies
Q9C0D6	FHDC1		Centrosome, Basal body
Q05DH4	FHIP1A		Cytosol
Q8N612	FHIP1B		Mitochondria
Q5W0V3	FHIP2A		Nuclear speckles
Q86V87	FHIP2B		Nucleoplasm
P49789	FHIT		Nucleoli fibrillar center, Plasma membrane
Q13642	FHL1		Cytosol
Q14192	FHL2		Actin filaments, Focal adhesion sites
Q13643	FHL3		Nucleoplasm
Q9Y613	FHOD1		Cytosol
Q8N539	FIBCD1		Cell Junctions
O43427	FIBP		Nuclear speckles
Q9BVA6	FICD	Intracellular and membrane	Nucleoplasm
Q92562	FIG4		Vesicles, Lipid droplets
Q7Z7B0	FILIP1		Plasma membrane, Actin filaments
Q4L180	FILIP1L		Plasma membrane
Q6UN15	FIP1L1		Nucleoplasm
Q9Y3D6	FIS1		Mitochondria
Q96SL8	FIZ1		Nucleoplasm
Q86VR8	FJX1	Intracellular and membrane	Vesicles
Q96AY3	FKBP10	Intracellular and membrane	Golgi apparatus
Q9NYL4	FKBP11		Centrosome
Q9NWM8	FKBP14	Intracellular and membrane	Cytosol
Q5T1M5	FKBP15		Nucleoli
P62942	FKBP1A		Golgi apparatus
P68106	FKBP1B		Golgi apparatus, Vesicles
Q5VVH2	FKBP1C		Golgi apparatus
P26885	FKBP2	Intracellular and membrane	Plasma membrane
Q00688	FKBP3		Cytosol
Q02790	FKBP4		Cytosol
Q13451	FKBP5		Nucleoplasm
O75344	FKBP6		Nucleoli fibrillar center, Cytosol
Q9Y680	FKBP7	Intracellular and membrane	Endoplasmic reticulum
Q14318	FKBP8		Mitochondria
O95302	FKBP9	Intracellular and membrane	Golgi apparatus
Q9UIM3	FKBPL		Nucleoplasm
Q9H9S5	FKRP	Secreted to blood	Nucleoplasm, Golgi apparatus, Cytosol
Q96Q35	FLACC1		Cytosol, Connecting piece, Mid piece, Annulus
Q8NFF5	FLAD1		Plasma membrane, Cytosol
Q8NFG4	FLCN		Cytosol
P20930	FLG		Cytoplasmic bodies
Q01543	FLI1		Nuclear bodies
Q13045	FLII		Nucleoplasm, Centriolar satellite, Cytosol
P21333	FLNA		Plasma membrane, Actin filaments, Cytosol
O75369	FLNB		Plasma membrane
Q14315	FLNC		Plasma membrane, Cytosol
O75955	FLOT1		Golgi apparatus
P41440	FLOT1		Golgi apparatus
Q14254	FLOT2		Plasma membrane
Q9NZU0	FLRT3	Intracellular and membrane	Plasma membrane
P17948	FLT1	Secreted to blood	Plasma membrane
P36888	FLT3		Endoplasmic reticulum
P35916	FLT4	Secreted to blood	Cytosol
Q9Y5Y0	FLVCR1		Cell Junctions
Q4VC44	FLYWCH1		Nucleoplasm, Nuclear bodies
Q96CP2	FLYWCH2		Nucleoplasm
Q96HJ9	FMC1		Mitochondria
	FMC1-LUC7L2		Nucleoplasm
Q68DA7	FMN1		Nucleoplasm
Q9NZ56	FMN2		Actin filaments
O95466	FMNL1		Cytosol
Q96PY5	FMNL2		Cytosol
Q8IVF7	FMNL3		Golgi apparatus, Vesicles, Plasma membrane
P31512	FMO4		Vesicles, Cytosol
P49326	FMO5		Endoplasmic reticulum, Cytosol
Q06787	FMR1		Cytosol
Q8N0W7	FMR1NB		Acrosome
Q9H479	FN3K		Mitochondria
Q9HA64	FN3KRP		Nucleoplasm
Q96RU3	FNBP1		Plasma membrane
Q5T0N5	FNBP1L		Vesicles, Cytosol
Q8N3X1	FNBP4		Nucleoplasm
Q4ZHG4	FNDC1	Secreted to extracellular matrix	Nuclear speckles
Q9BVV2	FNDC11		Nucleoplasm, Vesicles
Q9Y2H6	FNDC3A		Nucleoplasm, Golgi apparatus, Centrosome
Q53EP0	FNDC3B		Endoplasmic reticulum
Q9H6D8	FNDC4	Intracellular and membrane	Nucleoplasm
Q5VTL7	FNDC7	Secreted in male reproductive system	Actin filaments
Q8TC99	FNDC8		Cytosol
Q9P278	FNIP2		Cytosol
P49354	FNTA		Cytosol
P49356	FNTB		Centrosome
Q5VW36	FOCAD		Cytosol
P01100	FOS		Nucleoplasm
P53539	FOSB		Nucleoplasm
P15407	FOSL1		Nucleoplasm
P15408	FOSL2		Nucleoplasm
P55317	FOXA1		Nucleoplasm
Q9Y261	FOXA2		Nucleoplasm, Cell Junctions
P55318	FOXA3		Nucleoplasm
Q99853	FOXB1		Nucleoplasm, Mitochondria
Q12948	FOXC1		Nucleoplasm
Q99958	FOXC2		Nucleoplasm, Nuclear bodies
Q12950	FOXD4		Nucleoplasm
Q9NU39	FOXD4L1		Nucleoplasm
Q6VB84	FOXD4L3		Nucleoplasm
Q8WXT5	FOXD4L4		Nucleoplasm
Q5VV16	FOXD4L5		Nucleoplasm
Q3SYB3	FOXD4L6		Nucleoplasm
Q12946	FOXF1		Nucleoplasm
Q12947	FOXF2		Nuclear bodies
Q12951	FOXI1		Nucleoli
Q9P0K8	FOXJ2		Nucleoplasm
Q9UPW0	FOXJ3		Nucleoplasm, Nuclear speckles
P85037	FOXK1		Nucleoplasm
Q01167	FOXK2		Nucleoplasm
P58012	FOXL2		Nucleoplasm
Q6ZUU3	FOXL2NB		Nucleoli fibrillar center
Q08050	FOXM1		Nucleoplasm, Nucleoli, Nucleoli rim
P32314	FOXN2		Nucleoplasm
O00409	FOXN3		Nucleoplasm
Q96NZ1	FOXN4		Nucleoplasm, Mitochondria
Q12778	FOXO1		Nucleoplasm
O43524	FOXO3		Nucleoplasm
P98177	FOXO4		Nuclear speckles
Q9H334	FOXP1		Nucleoplasm
O15409	FOXP2		Nucleoplasm
Q9BZS1	FOXP3		Nucleoplasm
Q8IVH2	FOXP4		Nucleoplasm
Q9C009	FOXQ1		Nucleoplasm
Q6PIV2	FOXR1		Nucleoplasm
Q6PJQ5	FOXR2		Nucleoplasm
Q96CU9	FOXRED1		Mitochondria
O43638	FOXS1		Nucleoplasm, Cytosol
O14772	FPGT		Vesicles
	FPGT-TNNI3K		Vesicles
P21462	FPR1		Golgi apparatus
P25089	FPR3		Plasma membrane, Primary cilium
Q92837	FRAT1		Vesicles, Cytosol
O75474	FRAT2		Nucleoplasm
Q5SZK8	FREM2		Cytosol
P42685	FRK		Nucleoplasm
Q8N878	FRMD1		Actin filaments
A2A2Y4	FRMD3		Golgi apparatus
Q9P2Q2	FRMD4A		Golgi apparatus
Q9Y2L6	FRMD4B		Centriolar satellite
Q96NE9	FRMD6		Mitochondria
Q6ZUT3	FRMD7		Plasma membrane
Q9BZ67	FRMD8		Plasma membrane, Centriolar satellite
Q68DX3	FRMPD2		Golgi apparatus, Vesicles
Q5JV73	FRMPD3		Cytosol
Q8WU20	FRS2		Plasma membrane, Cell Junctions
O94915	FRYL		Cytosol
O95073	FSBP		Nucleoplasm
Q5H9T9	FSCB		Flagellar centriole
	FSCN1		Plasma membrane, Cytosol
Q9BTV5	FSD1		Cytosol
Q9BXM9	FSD1L		Plasma membrane
A1L4K1	FSD2		Cytosol
Q8NA03	FSIP1		Nucleoplasm, Flagellar centriole, Annulus
Q5CZC0	FSIP2		Microtubules
P19883	FST	Secreted to blood	Vesicles
Q12841	FSTL1	Secreted to blood	Vesicles
O95633	FSTL3	Secreted in other tissues	Nucleoplasm
Q6MZW2	FSTL4	Secreted to blood	Vesicles
O95954	FTCD		Cytosol
E5RQL4	FTCDNL1		Vesicles
P02794	FTH1		Vesicles
P02792	FTL		Cytosol
Q9C0B1	FTO		Cytosol
Q9UET6	FTSJ1		Cytosol
Q8IY81	FTSJ3		Nucleoli, Nucleoli rim
Q96AE4	FUBP1		Nucleoplasm
Q96I24	FUBP3		Nucleoplasm
P04066	FUCA1	Intracellular and membrane	Vesicles
P09958	FURIN	Intracellular and membrane	Golgi apparatus
P35637	FUS		Nucleoplasm
Q6P4F1	FUT10		Nucleoplasm, Endoplasmic reticulum, Golgi apparatus
Q495W5	FUT11	Intracellular and membrane	Nuclear membrane
Q10981	FUT2		Plasma membrane
P22083	FUT4		Vesicles
P51993	FUT6	Secreted to blood	Golgi apparatus
Q11130	FUT7		Golgi apparatus
Q9BYC5	FUT8		Golgi apparatus
Q9Y231	FUT9		Nucleoplasm
Q9BT04	FUZ		Cytosol
Q16595	FXN		Mitochondria
P51114	FXR1		Cytosol
P51116	FXR2		Cytosol
O00168	FXYD1		Nucleoplasm, Cytosol
P54710	FXYD2		Mitochondria
Q14802	FXYD3	Intracellular and membrane	Nucleoplasm
P59646	FXYD4		Cytosol
Q96DB9	FXYD5		Endoplasmic reticulum
Q9H0Q3	FXYD6		Nucleoplasm, Cytosol
	FXYD6-FXYD2		Nuclear membrane, Vesicles
O15117	FYB1		Plasma membrane
Q5VWT5	FYB2		Perinuclear theca, Mid piece, Principal piece
Q9BQS8	FYCO1		Vesicles
P06241	FYN		Plasma membrane
Q96QD9	FYTTD1		Nucleoplasm, Nuclear speckles
Q9UP38	FZD1		Plasma membrane
Q9ULW2	FZD10		Nucleoplasm
Q14332	FZD2		Nucleoplasm, Nuclear bodies, Cell Junctions
O00144	FZD3		Nucleoplasm
Q9NPG1	FZD3		Nucleoplasm
Q9ULV1	FZD4		Plasma membrane
O60353	FZD6		Plasma membrane
O75084	FZD7		Vesicles
Q9H461	FZD8		Endoplasmic reticulum
	FZR1		Nucleoplasm, Nuclear membrane
Q7L622	G2E3		Cytosol
Q13283	G3BP1		Cytosol
Q9UN86	G3BP2		Cytosol
P35575	G6PC1		Mid piece
Q9BUM1	G6PC3		Endoplasmic reticulum
P11413	G6PD		Cytosol
P10253	GAA		Vesicles
Q13480	GAB1		Plasma membrane
Q9UQC2	GAB2		Plasma membrane
Q8WWW8	GAB3		Nuclear speckles
O95166	GABARAP		Vesicles
Q9H0R8	GABARAPL1		Vesicles
P60520	GABARAPL2		Nucleoplasm, Cytosol
Q9UBS5	GABBR1	Intracellular and membrane	Vesicles, Plasma membrane
Q06546	GABPA		Nucleoplasm
Q06547	GABPB1		Nucleoplasm
Q8TAK5	GABPB2		Nucleoplasm
P14867	GABRA1		Plasma membrane
P47869	GABRA2	Intracellular and membrane	Plasma membrane
P34903	GABRA3		Plasma membrane
P31644	GABRA5		Plasma membrane
O14764	GABRD		Golgi apparatus, Vesicles
Q8N1C3	GABRG1		Plasma membrane
Q99928	GABRG3		Plasma membrane, Microtubules
Q99259	GAD1		Vesicles, Plasma membrane, Cytosol
P24522	GADD45A		Nuclear speckles
O75293	GADD45B		Nucleoplasm
Q8TAE8	GADD45GIP1		Mitochondria
Q6ZQY3	GADL1		Plasma membrane, Cytosol
P0DTW1	GAGE1		Plasma membrane
A6NGK3	GAGE10		Plasma membrane
A1L429	GAGE12C		Plasma membrane
	GAGE12D		Plasma membrane
	GAGE12E		Plasma membrane
P0CL80	GAGE12F		Plasma membrane
P0CL81	GAGE12G		Plasma membrane
A6NDE8	GAGE12H		Plasma membrane
A6NER3	GAGE12J		Plasma membrane
Q4V321	GAGE13		Plasma membrane
Q6NT46	GAGE2A		Plasma membrane
Q4V326	GAGE2E		Plasma membrane
O14976	GAK		Golgi apparatus
P22466	GAL	Secreted to blood	Golgi apparatus
Q8N6F7	GAL	Secreted to blood	Golgi apparatus
Q99999	GAL3ST1		Vesicles
Q96RP7	GAL3ST4		Nucleoplasm
Q14376	GALE		Golgi apparatus, Cytosol
P51570	GALK1		Cytosol
Q01415	GALK2		Nucleoplasm, Cytosol
Q96C23	GALM		Nucleoplasm
P34059	GALNS	Intracellular and membrane	Cytosol
Q86SR1	GALNT10	Intracellular and membrane	Plasma membrane
Q8NCW6	GALNT11		Endoplasmic reticulum, Golgi apparatus, Plasma membrane
Q8IXK2	GALNT12		Plasma membrane
Q96FL9	GALNT14		Golgi apparatus
Q7Z4T8	GALNT15		Golgi apparatus
Q8N3T1	GALNT15		Golgi apparatus
Q8N428	GALNT16		Vesicles, Cytosol
Q49A17	GALNT17		Nucleoplasm, Golgi apparatus
Q6IS24	GALNT17		Nucleoplasm, Golgi apparatus
Q6P9A2	GALNT18		Golgi apparatus
Q10471	GALNT2	Intracellular and membrane	Golgi apparatus
Q14435	GALNT3		Golgi apparatus
Q8N4A0	GALNT4		Golgi apparatus
Q7Z7M9	GALNT5		Golgi apparatus, Cytosol
Q8NCL4	GALNT6		Nucleoplasm, Golgi apparatus
Q86SF2	GALNT7		Golgi apparatus
Q9NY28	GALNT8		Golgi apparatus
Q9HCQ5	GALNT9		Vesicles
P47211	GALR1		Plasma membrane
P07902	GALT		Cytosol
Q9H2C0	GAN		Microtubules
Q14697	GANAB	Intracellular and membrane	Endoplasmic reticulum
Q8TET4	GANC		Cytosol
P17677	GAP43		Plasma membrane
P04406	GAPDH		Plasma membrane, Cytosol
O14556	GAPDHS		Nucleoplasm, Principal piece
Q8N292	GAPT		Plasma membrane
Q14C86	GAPVD1		Plasma membrane
Q9NY12	GAR1		Nucleoplasm, Nucleoli fibrillar center
Q9H706	GAREM1		Nucleoplasm
Q75VX8	GAREM2		Cytosol
Q6NXP2	GARIN1A		Nucleoplasm
Q96KD3	GARIN1B		Nuclear bodies, Golgi apparatus
Q6IPT2	GARIN5A		Nucleoli fibrillar center
Q5VVW2	GARNL3		Vesicles
O15063	GARRE1		Nucleoplasm
P41250	GARS1	Intracellular and membrane	Cytosol
P22102	GART		Cytosol
P54826	GAS1		Nuclear speckles
O43903	GAS2		Plasma membrane, Cytosol
Q99501	GAS2L1		Plasma membrane
Q14393	GAS6	Secreted to blood	Cytosol
O60861	GAS7		Plasma membrane
O95995	GAS8		Golgi apparatus, Plasma membrane, Primary cilium, Cytosol, Mid piece, Principal piece, End piece
Q9UFP1	GASK1A	Secreted - unknown location	Vesicles
Q6UWH4	GASK1B		Nucleoplasm
P15976	GATA1		Nucleoplasm
P23769	GATA2		Nucleoplasm
P23771	GATA3		Nucleoplasm
P43694	GATA4		Nuclear bodies
Q9BWX5	GATA5		Nucleoplasm
Q92908	GATA6		Nucleoplasm
Q8WUU5	GATAD1		Nucleoplasm
Q86YP4	GATAD2A		Nucleoplasm
Q8WXI9	GATAD2B		Nucleoplasm
O75879	GATB		Mitochondria
Q8NB37	GATD1	Secreted to blood	Nucleoplasm
P0DPI2	GATD3		Mitochondria
P50440	GATM		Mitochondria
Q9HCG7	GBA2		Nucleoplasm, Golgi apparatus
Q04446	GBE1		Cytosol
Q92538	GBF1		Golgi apparatus
P32456	GBP2		Nucleoplasm, Cytosol
Q96PP9	GBP4		Golgi apparatus
P52951	GBX2		Nucleoplasm
P28676	GCA		Cytosol
O75600	GCAT		Nuclear speckles
Q96CN9	GCC1		Golgi apparatus
Q8IWJ2	GCC2		Golgi apparatus
Q92947	GCDH		Mitochondria
P16383	GCFC2		Nucleoplasm
P01275	GCG	Secreted to blood	Endoplasmic reticulum
P47871	GCGR		Golgi apparatus
P30793	GCH1		Nucleoplasm
P30047	GCHFR		Nucleoplasm
P35557	GCK		Cytosol
Q12851	GCK		Cytosol
Q14397	GCKR		Nucleoplasm
P48506	GCLC		Nucleoplasm
P48507	GCLM		Nucleoplasm, Cytosol
Q92616	GCN1		Cytosol
Q96QF7	GCNA		Nucleoplasm
Q02742	GCNT1		Nuclear speckles
Q8N0V5	GCNT2		Golgi apparatus
O95395	GCNT3		Golgi apparatus
Q9P109	GCNT4		Golgi apparatus
Q6ZNI0	GCNT7		Nuclear bodies, Vesicles
	GCOM1		Nucleoplasm
Q5JQS6	GCSAML		Cytosol
P23434	GCSH		Vesicles
P16260	GDA		Nucleoplasm
Q9Y2T3	GDA		Nucleoplasm
Q8TB36	GDAP1		Mitochondria
Q96MZ0	GDAP1L1		Endoplasmic reticulum
Q9NXN4	GDAP2		Endoplasmic reticulum
Q9NZC3	GDE1		Vesicles
P55107	GDF10	Secreted in other tissues	Vesicles
O95390	GDF11	Secreted to blood	Vesicles
Q99988	GDF15	Secreted to blood	Golgi apparatus
Q6KF10	GDF6	Secreted to blood	Vesicles
Q7Z4P5	GDF7	Secreted in other tissues	Vesicles
O60383	GDF9	Secreted in female reproductive system	Golgi apparatus
P31150	GDI1		Cytosol
P50395	GDI2		Plasma membrane, Cytosol
P39905	GDNF	Secreted in other tissues	Vesicles
Q7L5L3	GDPD3		Nucleoplasm
Q8WTR4	GDPD5		Golgi apparatus
Q6ZNW5	GDPGP1		Cytosol
O14893	GEMIN2		Nucleoplasm, Nuclear bodies
P57678	GEMIN4		Nuclear bodies, Cytosol
Q8TEQ6	GEMIN5		Cytosol
Q8WXD5	GEMIN6		Nucleoplasm, Nuclear bodies
Q9H840	GEMIN7		Nucleoplasm, Cytosol
Q9NWZ8	GEMIN8		Nucleoplasm, Cytosol
Q17RS7	GEN1		Nucleoplasm
	GET3		Nucleoli
Q7L5D6	GET4		Nucleoli, Cytosol
P14136	GFAP		Intermediate filaments
P55789	GFER	Secreted to blood	Cytosol
Q5VTD9	GFI1B		Nucleoplasm, Plasma membrane
Q96RP9	GFM1		Mitochondria
Q969S9	GFM2		Mitochondria
Q9NXC2	GFOD1	Secreted - unknown location	Nucleoplasm, Cytosol
Q3B7J2	GFOD2	Secreted to blood	Nucleoplasm
Q06210	GFPT1		Nucleoplasm, Nucleoli
O94808	GFPT2		Vesicles
P56159	GFRA1		Golgi apparatus
O00451	GFRA2	Intracellular and membrane	Plasma membrane
O60609	GFRA3		Plasma membrane
Q6UXV0	GFRAL		Nucleoplasm, Plasma membrane
Q13630	GFUS		Cytosol
Q9UJY5	GGA1		Golgi apparatus, Vesicles
Q9UJY4	GGA2		Golgi apparatus
Q9NZ52	GGA3		Golgi apparatus
Q92820	GGH	Intracellular and membrane	Vesicles
Q86UU5	GGN		Golgi apparatus
Q9H3C7	GGNBP2		Endoplasmic reticulum
O95749	GGPS1		Cytosol
P19440	GGT1	Intracellular and membrane	Vesicles
P36269	GGT5		Nucleoli fibrillar center
Q6P531	GGT6		Cytosol
Q9UJ14	GGT7		Vesicles
Q4G0N0	GGTA1		Plasma membrane, Cytosol
Q9H3K2	GHITM		Mitochondria
P10912	GHR	Secreted to blood	Plasma membrane, Cytosol, Cytoplasmic bodies
Q8IVV7	GID4		Cytosol
Q9NWU2	GID8		Nucleoplasm
	GIGYF1		Vesicles
Q6Y7W6	GIGYF2		Cytosol
Q8WWP7	GIMAP1		Endoplasmic reticulum
	GIMAP1-GIMAP5		Endoplasmic reticulum
Q9UG22	GIMAP2		Lipid droplets
Q9NUV9	GIMAP4		Vesicles, Cytosol
Q8NHV1	GIMAP7		Golgi apparatus, Vesicles
Q9NXP7	GIN1		Nucleoplasm, Nucleoli
Q9NU53	GINM1		Nucleoli fibrillar center, Plasma membrane
Q14691	GINS1		Nucleoplasm
Q9Y248	GINS2		Nucleoplasm
Q9BRX5	GINS3		Nucleoplasm
Q9BRT9	GINS4		Nucleoplasm
O14908	GIPC1		Plasma membrane, Cell Junctions
Q8TF65	GIPC2		Nucleoplasm
Q8TF64	GIPC3		Nucleoplasm
P48546	GIPR		Vesicles
Q9Y2X7	GIT1		Focal adhesion sites, Cytosol
Q14161	GIT2		Microtubules
P17302	GJA1		Vesicles, Cell Junctions
P29033	GJB2		Mitochondria
O75712	GJB3		Vesicles, Cell Junctions
Q9NTQ9	GJB4		Cell Junctions
O95452	GJB6		Cell Junctions
Q6PEY0	GJB7		Plasma membrane, Cytosol
P36383	GJC1		Plasma membrane
Q8N144	GJC1		Plasma membrane
Q5T442	GJC2		Plasma membrane, Cytosol
Q6ZS86	GK5		Nucleoplasm, Cytosol
Q5VSY0	GKAP1		Centriolar satellite, Cytosol
P16278	GLB1	Intracellular and membrane	Vesicles
Q8IW92	GLB1L2	Secreted in other tissues	Nucleoplasm
Q86VQ1	GLCCI1		Nucleoli
O94923	GLCE		Mitochondria
P23378	GLDC		Mitochondria
Q6ZMI3	GLDN	Secreted to extracellular matrix	Vesicles, Plasma membrane
Q53GS7	GLE1		Nuclear membrane
Q92896	GLG1		Golgi apparatus
P08151	GLI1		Nucleoplasm
P10070	GLI2		Nucleoli
P10071	GLI3		Nucleoplasm
P10075	GLI4		Nucleoplasm, Cytokinetic bridge
P48060	GLIPR1	Intracellular and membrane	Vesicles
Q4G1C9	GLIPR1L2		Golgi apparatus
Q9H4G4	GLIPR2		Vesicles
Q8NBF1	GLIS1		Nucleoplasm
Q9BZE0	GLIS2		Nucleoplasm
Q8NEA6	GLIS3		Nucleoplasm
Q92990	GLMN		Nucleoplasm, Cytosol
Q04760	GLO1		Nucleoplasm, Plasma membrane, Cytosol
Q9HC38	GLOD4		Cytosol
A6NK44	GLOD5		Mitochondria
P43220	GLP1R		Nuclear bodies, Plasma membrane
O95838	GLP2R		Plasma membrane
P23415	GLRA1		Vesicles, Plasma membrane
P23416	GLRA2		Vesicles, Plasma membrane
O75311	GLRA3		Vesicles, Plasma membrane
P35754	GLRX		Plasma membrane, Cytosol
Q9NS18	GLRX2		Nucleoplasm
Q86SX6	GLRX5		Mitochondria
O94925	GLS		Mitochondria
Q96MS3	GLT1D1	Secreted to blood	Cytosol
Q68CQ7	GLT8D1		Golgi apparatus
Q9H1C3	GLT8D2		Golgi apparatus, Vesicles
Q9NZD2	GLTP		Cytosol
A6NH11	GLTPD2	Secreted - unknown location	Vesicles
P00367	GLUD1		Mitochondria
P49448	GLUD2		Mitochondria
P15104	GLUL		Mitochondria, Cytosol
Q969I3	GLYATL1		Golgi apparatus
A0A0U1RQE8	GLYATL1B		Golgi apparatus
Q8WU03	GLYATL2		Mitochondria
Q8IVS8	GLYCTK		Cytosol
Q49A26	GLYR1		Nucleoplasm
P17900	GM2A	Intracellular and membrane	Vesicles, Cytosol
Q9Y692	GMEB1		Nucleoplasm
Q9UKD1	GMEB2		Nucleoplasm
P60983	GMFB		Nucleoplasm, Cytosol
O60234	GMFG		Nucleoplasm, Cytosol
Q9P107	GMIP		Nucleoplasm, Cytosol
O75496	GMNN		Nucleoplasm
Q96IJ6	GMPPA		Nucleoplasm
Q9P2T1	GMPR2		Nucleoplasm
P49915	GMPS		Mitochondria, Cytosol
Q03113	GNA12		Cytosol
Q14344	GNA13		Cytosol
P63096	GNAI1		Centrosome, Principal piece
P04899	GNAI2		Cytosol
P08754	GNAI3		Centrosome, Principal piece
P38405	GNAL		Plasma membrane, Cytosol
P50148	GNAQ		Nuclear speckles, Plasma membrane
O95467	GNAS		Nucleoplasm
P63092	GNAS		Nucleoplasm
P84996	GNAS		Nucleoplasm
Q5JWF2	GNAS		Nucleoplasm
P11488	GNAT1		Mid piece, Principal piece, End piece
A8MTJ3	GNAT3		Vesicles
P19086	GNAZ		Vesicles
P62873	GNB1		Plasma membrane
Q9BYB4	GNB1L		Cytosol
P62879	GNB2		Plasma membrane
P16520	GNB3		Plasma membrane
Q9HAV0	GNB4		Plasma membrane
O14775	GNB5		Nuclear speckles
Q9Y223	GNE		Cytosol
Q9UBI6	GNG12		Mitochondria
P59768	GNG2		Plasma membrane
P36915	GNL1		Vesicles
Q13823	GNL2		Nucleoli, Nucleoli rim
Q9BVP2	GNL3		Nucleoli rim
Q9NVN8	GNL3L		Nucleoli
Q14749	GNMT		Cytosol
O15228	GNPAT		Vesicles, Cell Junctions
P46926	GNPDA1		Vesicles
Q8TDQ7	GNPDA2		Vesicles
Q3T906	GNPTAB		Golgi apparatus
Q9UJJ9	GNPTG	Intracellular and membrane	Endoplasmic reticulum
Q92805	GOLGA1		Golgi apparatus
Q08379	GOLGA2		Golgi apparatus
Q08378	GOLGA3		Golgi apparatus
Q13439	GOLGA4		Golgi apparatus
Q8TBA6	GOLGA5		Golgi apparatus
Q9NYA3	GOLGA6A		Vesicles
A6NDN3	GOLGA6B		Vesicles
A6NDK9	GOLGA6C		Vesicles
P0CG33	GOLGA6D		Vesicles
A7E2F4	GOLGA8A		Golgi apparatus
A8MQT2	GOLGA8B		Golgi apparatus
Q14789	GOLGB1		Golgi apparatus
O00461	GOLIM4		Golgi apparatus
Q8NBJ4	GOLM1		Golgi apparatus
Q6P4E1	GOLM2		Golgi apparatus
Q9H4A6	GOLPH3		Golgi apparatus, Vesicles
Q9H4A5	GOLPH3L		Golgi apparatus
Q9Y3E0	GOLT1B		Vesicles
Q3T8J9	GON4L		Nucleoplasm, Nuclear bodies
Q9BXV9	GON7		Nucleoplasm, Nucleoli rim
Q9HD26	GOPC		Golgi apparatus
Q5T7V8	GORAB		Nucleoplasm, Golgi apparatus
Q9BQQ3	GORASP1		Golgi apparatus
Q9H8Y8	GORASP2		Golgi apparatus
O14653	GOSR2		Nucleoplasm, Golgi apparatus
P40197	GP5		Cytosol
Q9HCN6	GP6	Intracellular and membrane	Plasma membrane
P14770	GP9		Plasma membrane, Cytosol
O43292	GPAA1		Endoplasmic reticulum, Cytosol
Q8IXQ4	GPALPP1		Nucleoli rim
Q9HCL2	GPAM		Mitochondria
O95872	GPANK1		Endoplasmic reticulum
Q6NUI2	GPAT2		Mitochondria
Q9BRR8	GPATCH1		Nucleoplasm
Q8N954	GPATCH11		Nucleoplasm
Q9NW75	GPATCH2		Nuclear speckles
Q9NWQ4	GPATCH2L		Nucleoplasm
Q96I76	GPATCH3		Nucleoplasm
Q5T3I0	GPATCH4		Nucleoli
Q9UKJ3	GPATCH8		Nuclear speckles
Q86WP2	GPBP1		Vesicles, Cytosol
Q9HC44	GPBP1L1		Nucleoplasm
P35052	GPC1	Intracellular and membrane	Plasma membrane, Cytosol
P51654	GPC3		Plasma membrane
O75487	GPC4	Intracellular and membrane	Plasma membrane
P78333	GPC5	Intracellular and membrane	Nucleoplasm
Q9Y625	GPC6	Intracellular and membrane	Golgi apparatus, Vesicles
Q9NPB8	GPCPD1		Nucleoplasm
P43304	GPD2		Mitochondria
Q99527	GPER1		Nucleoli
Q96T91	GPHA2	Secreted to blood	Vesicles
Q9NQX3	GPHN		Vesicles
P06744	GPI	Secreted to blood	Cytosol
Q8IV16	GPIHBP1	Intracellular and membrane	End piece
Q92917	GPKOW		Nucleoplasm
Q9HCN4	GPN1		Nucleoplasm, Cytosol
Q9UHW5	GPN3		Nuclear speckles
Q5VW38	GPR107		Golgi apparatus
Q9NPR9	GPR108		Golgi apparatus
Q96N19	GPR137		Nucleoplasm, Nucleoli
Q8N3F9	GPR137C		Vesicles
Q7Z601	GPR142		Plasma membrane, Cytosol
P51810	GPR143		Plasma membrane
Q8TDV2	GPR148		Plasma membrane
Q8NFN8	GPR156		Plasma membrane
Q5UAW9	GPR157		Cytosol
Q9UJ42	GPR160		Plasma membrane
Q8N6U8	GPR161		Primary cilium
Q16538	GPR162	Intracellular and membrane	Centriolar satellite
Q13304	GPR17		Vesicles
O14626	GPR171		Vesicles, Plasma membrane
Q9NS66	GPR173		Plasma membrane, Cytosol
Q9BXC1	GPR174		Plasma membrane
Q86V85	GPR180		Vesicles
P32249	GPR183		Plasma membrane
Q99678	GPR20		Plasma membrane
Q9NS67	GPR27		Nucleoplasm
Q9UPC5	GPR34		Cytosol
O15354	GPR37		Nuclear membrane
O60883	GPR37L1		Nucleoplasm, Cell Junctions
Q13585	GPR50		Plasma membrane
Q9BZJ6	GPR63		Nucleoplasm, Plasma membrane, Cytosol
Q8IYL9	GPR65		Vesicles
O95800	GPR75		Plasma membrane
Q9BY21	GPR87		Lipid droplets, Mitochondria
B7ZAQ6	GPR89A		Endoplasmic reticulum
P0CG08	GPR89B		Endoplasmic reticulum
Q5JY77	GPRASP1		Cytosol
Q96D09	GPRASP2		Cytosol
Q6PI77	GPRASP3		Cytosol
Q8NFJ5	GPRC5A		Vesicles
Q9NZH0	GPRC5B		Vesicles
Q9NQ84	GPRC5C		Vesicles, Plasma membrane
Q7Z2K8	GPRIN1		Plasma membrane
O60269	GPRIN2		Plasma membrane, Microtubules
Q6ZVF9	GPRIN3		Nucleoli
Q13098	GPS1		Nucleoplasm
Q13227	GPS2		Nucleoplasm
Q86YR5	GPSM1		Golgi apparatus
P81274	GPSM2		Cytosol
Q8TD30	GPT2		Mitochondria
P07203	GPX1		Cytosol
P18283	GPX2		Cytosol
P36969	GPX4	Intracellular and membrane	Nucleoplasm, Mitochondria
Q8TED1	GPX8		Plasma membrane, Cytosol
Q96CP6	GRAMD1A		Plasma membrane
Q3KR37	GRAMD1B		Endoplasmic reticulum, Plasma membrane
Q8IYS0	GRAMD1C		Plasma membrane, Cytosol
Q8IUY3	GRAMD2A		Nucleoli, Nuclear speckles
Q96HH9	GRAMD2B		Cytosol
Q13588	GRAP		Centrosome
O75791	GRAP2		Nucleoplasm, Cytosol
Q8TC17	GRAPL		Centrosome
Q13322	GRB10		Vesicles
Q14449	GRB14		Nucleoplasm, Cytosol
P62993	GRB2		Cytosol
Q14451	GRB7		Plasma membrane, Cytosol
Q4ZG55	GREB1		Mitochondria, Cytosol
Q9C091	GREB1L		Mitochondria
Q9NZI5	GRHL1		Nucleoplasm
Q6ISB3	GRHL2		Nucleoplasm
Q8TE85	GRHL3		Nucleoplasm
Q9UBQ7	GRHPR		Cytosol
P48058	GRIA4	Intracellular and membrane	Focal adhesion sites
A4D2P6	GRID2IP		Plasma membrane
P39086	GRIK1		Plasma membrane
Q16478	GRIK5		Plasma membrane
Q12879	GRIN2A		Endoplasmic reticulum
Q13224	GRIN2B		Plasma membrane
Q7Z429	GRINA		Nucleoli fibrillar center
Q9C0E4	GRIP2		Cytosol
Q4V328	GRIPAP1		Vesicles, Cytosol
Q15835	GRK1		Principal piece
P25098	GRK2		Vesicles
P35626	GRK3		Nucleoplasm
P32298	GRK4		Plasma membrane, Cytosol
P34947	GRK5		Nuclear membrane, Nuclear speckles
P43250	GRK6		Mitochondria
Q8WTQ7	GRK7		Golgi apparatus
Q13255	GRM1		Vesicles
Q14831	GRM7		Cytosol
P28799	GRN	Secreted to blood	Lysosomes
Q9HAV7	GRPEL1		Mitochondria
Q8TAA5	GRPEL2		Mitochondria
P30550	GRPR		Plasma membrane
Q12849	GRSF1		Mitochondria
Q9BQ67	GRWD1		Nucleoli, Nucleoli rim
A4D1B5	GSAP		Vesicles
P56915	GSC		Nucleoplasm, Nuclear speckles
Q96QA5	GSDMA		Plasma membrane, Cytosol
Q8TAX9	GSDMB		Nucleoplasm
Q9BYG8	GSDMC		Vesicles
P57764	GSDMD	Intracellular and membrane	Nucleoplasm
O60443	GSDME		Cytosol
Q14687	GSE1		Mitochondria
P49840	GSK3A		Nucleoplasm
P49841	GSK3B		Nucleoplasm
Q9P0R6	GSKIP		Golgi apparatus, Vesicles
P06396	GSN	Secreted to blood	Actin filaments
P15170	GSPT1		Cytosol
Q8IYD1	GSPT2		Cytosol
P00390	GSR		Cytosol
P48637	GSS		Nucleoplasm
P08263	GSTA1		Cytosol
P09210	GSTA2		Cytosol
Q16772	GSTA3		Cytosol
Q7RTV2	GSTA5		Cytosol
Q8NEC7	GSTCD		Nucleoplasm
Q9Y2Q3	GSTK1		Peroxisomes
P09488	GSTM1		Cytosol
P28161	GSTM2		Cytosol
P21266	GSTM3		Cytosol
Q03013	GSTM4		Cytosol
P46439	GSTM5		Cytosol
Q9H4Y5	GSTO2		Nucleoplasm, Nucleoli
P09211	GSTP1		Mitochondria, Cytosol
P0CG29	GSTT2		Cytosol
P0CG30	GSTT2		Cytosol
	GSTT2B		Cytosol
O43708	GSTZ1		Cytosol
Q9H4S2	GSX1		Golgi apparatus
Q4AE62	GTDC1		Cytosol
P52655	GTF2A1		Nucleoplasm
Q9UNN4	GTF2A1L		Nucleoplasm
P52657	GTF2A2		Nucleoplasm
Q00403	GTF2B		Nucleoplasm, Nuclear bodies
P29083	GTF2E1		Nucleoplasm
P29084	GTF2E2		Nucleoplasm
P35269	GTF2F1		Nucleoplasm
P13984	GTF2F2		Nucleoplasm
P32780	GTF2H1		Nucleoplasm
Q13888	GTF2H2		Nuclear speckles
Q6P1K8	GTF2H2C		Nuclear speckles
Q13889	GTF2H3		Nucleoplasm
Q92759	GTF2H4		Nuclear speckles
P78347	GTF2I		Nucleoplasm
Q9UHL9	GTF2IRD1		Nucleoplasm
Q86UP8	GTF2IRD2		Nucleoplasm
Q6EKJ0	GTF2IRD2B		Nucleoplasm
Q92664	GTF3A		Nucleoplasm
Q12789	GTF3C1		Nucleoplasm, Nucleoli
Q8WUA4	GTF3C2		Nucleoplasm
Q9Y5Q9	GTF3C3		Nucleoplasm, Nuclear membrane
Q9UKN8	GTF3C4		Nucleoplasm
Q9Y5Q8	GTF3C5		Nucleoplasm
Q969F1	GTF3C6		Nucleoplasm
O00178	GTPBP1		Golgi apparatus, Cytosol
Q9BX10	GTPBP2		Vesicles
Q969Y2	GTPBP3		Mitochondria
Q9BZE4	GTPBP4		Nucleoli, Nucleoli rim
O43824	GTPBP6		Mitochondria
Q8N3Z3	GTPBP8		Mitochondria
Q9NYZ3	GTSE1		Plasma membrane, Centrosome
Q8WW33	GTSF1		Nucleoplasm
Q9H1H1	GTSF1L		Nucleoli
P43080	GUCA1A		Plasma membrane
Q9UMX6	GUCA1B		Microtubules, Primary cilium
O95843	GUCA1C		Focal adhesion sites
Q96NT3	GUCD1		Nucleoplasm
Q02108	GUCY1A1		Nucleoplasm
Q02153	GUCY1B1		Cytosol
P25092	GUCY2C		Vesicles
Q8N442	GUF1		Nucleoplasm, Mitochondria
Q16774	GUK1		Plasma membrane
Q9UBP9	GULP1		Vesicles
P08236	GUSB	Intracellular and membrane	Vesicles
Q3ZCU0	GVQW3		Nucleoplasm, Centrosome
Q4G148	GXYLT1	Intracellular and membrane	Endoplasmic reticulum
A0PJZ3	GXYLT2		Nucleoplasm
P46976	GYG1		Vesicles
O15488	GYG2		Nucleoli, Cytosol
P02724	GYPA		Nucleoplasm, Plasma membrane, Cytosol
P04921	GYPC		Plasma membrane
P13807	GYS1		Microtubules, Cytosol
Q9H116	GZF1		Nucleoplasm, Nucleoli
P10144	GZMB	Secreted to blood	Calyx
P49863	GZMK	Secreted to blood	Golgi apparatus
P07305	H1-0		Nucleoplasm, Nuclear bodies
Q02539	H1-1		Nucleoplasm
Q92522	H1-10		Nucleoplasm, Nucleoli
P16403	H1-2		Nucleoplasm, Nucleoli rim
P10412	H1-4		Nuclear speckles
P16401	H1-5		Nucleoplasm
Q75WM6	H1-7		Perinuclear theca, Connecting piece, Mid piece, Principal piece, End piece
Q96QV6	H2AC1		Nucleoplasm
P0C0S8	H2AC11		Nucleoplasm
Q96KK5	H2AC12		Nucleoplasm
	H2AC13		Nucleoplasm
Q99878	H2AC14		Nucleoplasm
	H2AC15		Nucleoplasm
	H2AC16		Nucleoplasm
	H2AC17		Nucleoplasm
Q6FI13	H2AC18		Nucleoplasm
	H2AC19		Nucleoplasm
Q16777	H2AC20		Nucleoplasm
Q8IUE6	H2AC21		Nucleoplasm
Q7L7L0	H2AC25		Nucleoplasm
P04908	H2AC4		Nucleoplasm
Q93077	H2AC6		Nucleoplasm
P20671	H2AC7		Nucleoplasm
	H2AC8		Nucleoplasm
Q9BTM1	H2AJ		Nucleoplasm
P16104	H2AX		Nucleoplasm
P0C0S5	H2AZ1		Nucleoplasm
P62807	H2BC10		Nucleoplasm
P06899	H2BC11		Nucleoplasm
O60814	H2BC12		Nucleoplasm
P57053	H2BC12L		Nucleoplasm
Q99880	H2BC13		Nucleoplasm
Q99879	H2BC14		Nucleoplasm
Q99877	H2BC15		Nucleoplasm
P23527	H2BC17		Nucleoplasm
Q5QNW6	H2BC18		Nucleoplasm
Q16778	H2BC21		Nucleoplasm
Q8N257	H2BC26		Nucleoplasm
P33778	H2BC3		Nucleoplasm
	H2BC4		Nucleoplasm
P58876	H2BC5		Nucleoplasm
	H2BC6		Nucleoplasm
	H2BC7		Nucleoplasm
	H2BC8		Nucleoplasm
Q93079	H2BC9		Nucleoplasm
P84243	H3-3A		Nucleoplasm
	H3-3B		Nucleoplasm
Q16695	H3-4		Nucleoplasm
Q6NXT2	H3-5		Nucleoplasm
Q5TEC6	H3-7		Nucleoplasm
P68431	H3C1		Nucleoplasm
	H3C10		Nucleoplasm
	H3C11		Nucleoplasm
	H3C12		Nucleoplasm
Q71DI3	H3C13		Nucleoplasm
	H3C14		Nucleoplasm
	H3C15		Nucleoplasm
	H3C2		Nucleoplasm
	H3C3		Nucleoplasm
	H3C4		Nucleoplasm
	H3C6		Nucleoplasm
	H3C7		Nucleoplasm
	H3C8		Nucleoplasm
P0DPK2	H3Y1		Nucleoplasm
P0DPK5	H3Y2		Nucleoplasm
P62805	H4C16		Nucleoplasm
O95479	H6PD	Intracellular and membrane	Cytosol
Q5JVS0	HABP4		Nuclear membrane
Q9P035	HACD3		Endoplasmic reticulum
Q8IYU2	HACE1		Endoplasmic reticulum
Q9UJ83	HACL1		Vesicles
P40939	HADH		Mitochondria
Q16836	HADH		Mitochondria
	HADHA		Mitochondria
P55084	HADHB		Mitochondria
P42357	HAL		Cytosol
O96004	HAND1		Nucleoplasm
P61296	HAND2		Nucleoplasm
Q9UJM8	HAO1		Vesicles
Q9NYQ3	HAO2		Vesicles, Cytosol
P54257	HAP1		Cytosol
P10915	HAPLN1	Secreted to extracellular matrix	Vesicles
Q96S86	HAPLN3	Secreted to extracellular matrix	Plasma membrane, Cytosol
Q14CZ0	HAPSTR1		Nucleoplasm
Q96MB7	HARBI1		Plasma membrane, Cytosol
P12081	HARS1		Cytosol
P49590	HARS2		Mitochondria
Q92839	HAS1		Plasma membrane
O00219	HAS3		Microtubules
Q8TF76	HASPIN		Nucleoplasm
O14929	HAT1		Nucleoplasm
Q96CS2	HAUS1		Cytosol
Q9NVX0	HAUS2		Nucleoplasm, Cytosol
Q68CZ6	HAUS3		Microtubules, Primary cilium
Q7Z4H7	HAUS6		Centriolar satellite, Cytosol, Acrosome
Q99871	HAUS7		Plasma membrane, Centrosome
Q96D42	HAVCR1		Vesicles
O00165	HAX1		Mitochondria
Q99075	HBEGF	Secreted to blood	Golgi apparatus
O60381	HBP1		Nuclear speckles
P09105	HBQ1		Lipid droplets
Q9Y450	HBS1L		Nuclear bodies, Cytosol
P02008	HBZ		Cytosol
Q8TDS4	HCAR2		Cell Junctions
P49019	HCAR3		Cell Junctions
P53701	HCCS		Mitochondria
P51610	HCFC1		Nucleoplasm
Q9NWW0	HCFC1R1		Nucleoplasm
Q9Y5Z7	HCFC2		Nucleoplasm
P08631	HCK		Vesicles
P14317	HCLS1		Plasma membrane, Cytosol
O43614	HCRTR2		Plasma membrane
Q9UBK5	HCST		Golgi apparatus, Vesicles, Plasma membrane
Q13547	HDAC1		Nucleoplasm
Q969S8	HDAC10		Nucleoplasm
Q96DB2	HDAC11		Nucleoplasm
Q92769	HDAC2		Nucleoplasm
O15379	HDAC3		Nucleoplasm
P56524	HDAC4		Nuclear speckles
Q9UQL6	HDAC5		Nuclear speckles
Q9UBN7	HDAC6		Centrosome, Basal body, Cytosol
Q8WUI4	HDAC7		Cytosol
Q9UKV0	HDAC7		Cytosol
	HDAC9		Nucleoplasm
P19113	HDC		Nuclear bodies
Q9UBI9	HDC		Nuclear bodies
Q7Z4H3	HDDC2		Nucleoli
Q8N4P3	HDDC3		Nucleoplasm, Cytosol
P51858	HDGF	Secreted to blood	Nucleoplasm
Q5TGJ6	HDGFL1		Nucleoplasm, Nucleoli fibrillar center
Q7Z4V5	HDGFL2		Nucleoplasm
Q9Y3E1	HDGFL3		Nucleoplasm
Q9H0R4	HDHD2		Vesicles
Q9BSH5	HDHD3		Nucleoli
Q9BXW7	HDHD5		Mitochondria
Q00341	HDLBP		Endoplasmic reticulum
Q7Z353	HDX		Cytosol
Q9H583	HEATR1		Nucleoli fibrillar center
Q7Z4Q2	HEATR3		Nucleoplasm
Q86WZ0	HEATR4		Vesicles
Q9P2D3	HEATR5B		Golgi apparatus, Vesicles
Q6AI08	HEATR6		Mitochondria
Q9NRV9	HEBP1		Vesicles
	HECA		Cytosol
Q9ULT8	HECTD1		Nucleoplasm, Nucleoli
Q5U5R9	HECTD2		Nucleoplasm
Q9Y4D8	HECTD4		Nuclear speckles, Vesicles
Q76N89	HECW1		Nucleoli fibrillar center
Q9ULI3	HEG1	Intracellular and membrane	Vesicles
Q8NG08	HELB		Nucleoplasm
Q9NRZ9	HELLS		Nucleoplasm
Q8TDG4	HELQ		Nuclear speckles
P42694	HELZ		Nucleoli, Nucleoli rim
Q9BXL5	HEMGN		Nucleoplasm
Q5T8I9	HENMT1		Plasma membrane, Focal adhesion sites
Q14CZ8	HEPACAM		Vesicles
A8MVW5	HEPACAM2		Vesicles, Mitotic spindle
Q6WQI6	HEPN1		Golgi apparatus
O95714	HERC2		Cytosol
Q15034	HERC3		Cytosol
Q15034	HERC3		Cytosol
Q5GLZ8	HERC4		Nucleoli fibrillar center, Cytosol
Q8IVU3	HERC6		Cytosol
Q15011	HERPUD1		Plasma membrane, Cytosol
Q9BSE4	HERPUD2		Nucleoli, Nucleoli rim
Q14469	HES1		Nucleoplasm
Q5TGS1	HES3		Nucleoplasm
Q9HCC6	HES4		Nucleoplasm
Q5TA89	HES5		Nucleoplasm
Q96HZ4	HES6		Nuclear bodies
Q9BYE0	HES7		Nucleoplasm
Q9UBX0	HESX1		Nucleoplasm
P06865	HEXA	Intracellular and membrane	Vesicles
Q8WVB3	HEXD		Nucleoli fibrillar center, Mitochondria
	HEXIM1		Nucleoplasm
Q96MH2	HEXIM2		Nucleoplasm, Nuclear speckles
Q9Y5J3	HEY1		Nucleoplasm
Q9UBP5	HEY2		Nuclear bodies
Q9NQ87	HEYL		Nucleoli fibrillar center
Q30201	HFE		Plasma membrane
A2PYH4	HFM1		Golgi apparatus, Vesicles
Q93099	HGD		Golgi apparatus
Q9BTY7	HGH1		Nuclear bodies, Cytosol
O14964	HGS		Endosomes, Lysosomes
Q5VTY9	HHAT		Golgi apparatus
Q03014	HHEX		Nucleoplasm
Q96QV1	HHIP	Secreted in other tissues	Nucleoplasm
Q6UWX4	HHIPL2	Secreted in other tissues	Mitochondria
Q6NVY1	HIBCH		Mitochondria
Q96JB3	HIC2		Nucleoplasm
	HID1		Golgi apparatus, Cytosol
Q16665	HIF1A		Nucleoplasm, Nuclear bodies
Q9NWT6	HIF1AN		Nucleoplasm
Q9Y2N7	HIF3A		Nucleoplasm, Cytosol
Q9Y241	HIGD1A		Mitochondria
Q9P298	HIGD1B		Microtubules, Cytokinetic bridge, Mitotic spindle
Q9BW72	HIGD2A		Mitochondria
Q4VC39	HIGD2B		Mitochondria
Q53FT3	HIKESHI		Nuclear speckles
Q9Y5L2	HILPDA	Intracellular and membrane	Lipid droplets
P49773	HINT1		Plasma membrane, Cytosol
Q9BX68	HINT2		Mitochondria
Q9NQE9	HINT3		Nucleoli, Mitochondria
O00291	HIP1		Vesicles
O75146	HIP1R		Plasma membrane, Cytosol
Q86Z02	HIPK1		Nucleoplasm, Basal body, Cytosol
Q9H2X6	HIPK2		Nucleoplasm
Q9H422	HIPK3		Cytosol
P54198	HIRA		Nucleoplasm
Q9BW71	HIRIP3		Nucleoplasm
P15822	HIVEP1		Nucleoplasm
P31629	HIVEP2		Nucleoplasm
Q5T1R4	HIVEP3		Nucleoplasm
Q8NCD3	HJURP		Nucleoplasm, Nucleoli
P19367	HK1		Mitochondria
P52789	HK2		Mitochondria, Cytosol
Q2TB90	HKDC1		Mitochondria
P04439	HLA-A		Plasma membrane
P28067	HLA-DMA		Vesicles
P28068	HLA-DMB		Vesicles
P20036	HLA-DPA1		Vesicles
P04440	HLA-DPB1		Cell Junctions
P01920	HLA-DQB1		Rods & Rings
P13747	HLA-E	Secreted to blood	Vesicles, Plasma membrane
P50747	HLCS		Cytosol
Q16534	HLF		Nucleoplasm
Q14527	HLTF		Nucleoplasm
Q14774	HLX		Nucleoplasm, Cytosol
Q8TCT9	HM13		Endoplasmic reticulum
Q6NT76	HMBOX1		Nucleoplasm
P08397	HMBS		Lipid droplets
Q96FZ2	HMCES		Nucleoplasm
Q96RW7	HMCN1	Secreted to extracellular matrix	Golgi apparatus, Cytosol
Q8NDA2	HMCN2	Secreted to extracellular matrix	Vesicles
Q9NP66	HMG20A		Nucleoplasm
Q9P0W2	HMG20B		Nucleoplasm
P17096	HMGA1		Nucleoplasm, Nuclear membrane
P52926	HMGA2		Nucleoplasm, Nucleoli, Nucleoli rim
P09429	HMGB1	Secreted to blood	Nucleoplasm
B2RPK0	HMGB1P1		Nucleoplasm
P26583	HMGB2	Secreted to blood	Nucleoplasm
O15347	HMGB3		Nucleoplasm
Q01581	HMGCS1		Nucleoplasm, Cytosol
P54868	HMGCS2		Mitochondria
P05114	HMGN1		Nucleoplasm
P05204	HMGN2		Nucleoplasm
Q15651	HMGN3		Nucleoplasm
O00479	HMGN4		Nucleoplasm
P82970	HMGN5		Nucleoplasm
Q12766	HMGXB3		Nucleoli
Q9UGU5	HMGXB4		Nucleoplasm
O75330	HMMR		Microtubules
P09601	HMOX1		Golgi apparatus, Plasma membrane
P30519	HMOX2		Vesicles, Cytosol
A6NHT5	HMX3		Nucleoplasm
Q8IZL8	HMX3		Nucleoplasm
P20823	HNF1A		Nucleoplasm
P35680	HNF1B		Nucleoplasm
P41235	HNF4A		Nucleoplasm
Q14541	HNF4G		Nucleoplasm
P50135	HNMT		Nucleoplasm, Cytosol
Q13151	HNRNPA0		Nucleoplasm
P09651	HNRNPA1		Nucleoplasm
Q32P51	HNRNPA1L2		Nucleoplasm
A0A2R8Y4L2	HNRNPA1L3		Nucleoplasm
P22626	HNRNPA2B1	Intracellular and membrane	Nucleoplasm
P51991	HNRNPA3		Nucleoplasm
Q99729	HNRNPAB		Nucleoplasm
P07910	HNRNPC		Nucleoplasm
O60812	HNRNPCL1		Nucleoplasm
B2RXH8	HNRNPCL2		Nucleoplasm
B7ZW38	HNRNPCL3		Nucleoplasm
P0DMR1	HNRNPCL4		Nucleoplasm
Q14103	HNRNPD		Nucleoplasm
O14979	HNRNPDL		Nucleoplasm
P52597	HNRNPF		Nucleoplasm
P31943	HNRNPH1		Nucleoplasm
P55795	HNRNPH2		Nucleoplasm
P31942	HNRNPH3		Nucleoplasm
P61978	HNRNPK		Nucleoplasm
P14866	HNRNPL		Nucleoplasm
Q8WVV9	HNRNPLL		Nucleoplasm
P52272	HNRNPM		Nucleoplasm
O43390	HNRNPR		Nucleoplasm
Q00839	HNRNPU		Nucleoplasm
Q9BUJ2	HNRNPUL1		Nucleoplasm
Q1KMD3	HNRNPUL2		Nucleoplasm
Q86YM7	HOMER1		Cytosol
Q9NSB8	HOMER2		Cytosol
Q9NSC5	HOMER3		Cytosol
Q8IX15	HOMEZ		Nucleoli
Q96ED9	HOOK2		Vesicles, Cytosol
Q86VS8	HOOK3		Centriolar satellite
Q9BPY8	HOPX		Nuclear bodies
Q86X24	HORMAD1		Nucleoplasm
Q8N7B1	HORMAD2		Nucleoplasm
P31260	HOXA10		Nucleoplasm
P31270	HOXA11		Nucleoplasm
P31271	HOXA13		Nucleoplasm
O43364	HOXA2		Nucleoplasm, Vesicles
O43365	HOXA3		Nucleoplasm
Q00056	HOXA4		Nuclear bodies
P31267	HOXA6		Nucleoplasm
P31268	HOXA7		Nucleoplasm
P31269	HOXA9		Nucleoplasm
P14653	HOXB1		Nucleoplasm
Q92826	HOXB13		Nucleoplasm
P14652	HOXB2		Nucleoplasm
P14651	HOXB3		Nucleoplasm
P17483	HOXB4		Nucleoplasm
P09067	HOXB5		Nucleoplasm
P17509	HOXB6		Nucleoplasm
P09629	HOXB7		Nucleoplasm, Nuclear bodies
P17481	HOXB8		Nucleoplasm
P17482	HOXB9		Nucleoplasm
Q9NYD6	HOXC10		Nuclear bodies
O43248	HOXC11		Nucleoplasm
P09017	HOXC4		Nucleoplasm
Q00444	HOXC5		Nucleoplasm
P09630	HOXC6		Nucleoplasm
P31273	HOXC8		Nucleoplasm, Microtubules
P31274	HOXC9		Nucleoplasm
Q9GZZ0	HOXD1		Nucleoplasm
P28358	HOXD10		Nucleoplasm
P31277	HOXD11		Nucleoplasm
P35453	HOXD13		Nucleoplasm
P31249	HOXD3		Nucleoplasm
P09016	HOXD4		Nucleoplasm
P28356	HOXD9		Nucleoplasm, Nucleoli
P00738	HP	Secreted to blood	Vesicles
Q5SSJ5	HP1BP3		Nuclear speckles
Q9UM19	HPCAL4		Cytosol
P32754	HPD		Nuclear speckles
Q96IR7	HPDL		Mitochondria
Q9NWY4	HPF1		Cytosol
P15428	HPGD		Cytosol
O60760	HPGDS		Vesicles, Cytosol
P00739	HPR	Secreted to blood	Vesicles
P00492	HPRT1		Cytosol
Q969F9	HPS3		Golgi apparatus, Plasma membrane
Q9NQG7	HPS4		Plasma membrane
Q9UPZ3	HPS5		Cytosol
Q86YV9	HPS6		Cytosol
Q9Y251	HPSE	Secreted to extracellular matrix	Nucleoplasm
O43593	HR		Nucleoplasm
P01112	HRAS		Cytosol
P23327	HRC	Intracellular and membrane	Endoplasmic reticulum
Q6UXD1	HRCT1		Nuclear membrane
P35367	HRH1		Plasma membrane
Q86YZ3	HRNR		Mitochondria
Q8N3J3	HROB		Nucleoplasm, Cytosol
Q53T59	HS1BP3		Nucleoli
Q7LGA3	HS2ST1		Mitochondria
O14792	HS3ST1	Intracellular and membrane	Vesicles
Q9Y663	HS3ST3A1		Microtubules
Q9Y662	HS3ST3B1		Vesicles
O60243	HS6ST1		Nucleoplasm
Q96MM7	HS6ST2	Intracellular and membrane	Golgi apparatus
Q8IZP7	HS6ST3		Nucleoplasm, Nuclear membrane
O75506	HSBP1		Nuclear speckles, Plasma membrane
C9JCN9	HSBP1L1		Nucleoplasm
Q8IWL3	HSCB		Nucleoplasm, Mitochondria, Cytosol
Q7Z5J1	HSD11B1L	Secreted in brain	Vesicles
P80365	HSD11B2		Vesicles
P14061	HSD17B1		Cytosol
Q8NBQ5	HSD17B11		Lipid droplets
Q7Z5P4	HSD17B13		Vesicles
P37059	HSD17B2		Endoplasmic reticulum
P37058	HSD17B3		Vesicles
P51659	HSD17B4		Peroxisomes
O14756	HSD17B6		Nucleoplasm, Vesicles
P14060	HSD3B1		Nucleoli, Endoplasmic reticulum, Primary cilium
P26439	HSD3B2		Endoplasmic reticulum, Primary cilium
Q9H2F3	HSD3B7		Lipid droplets
Q3SXM5	HSDL1		Mitochondria
Q6YN16	HSDL2		Mitochondria
Q00613	HSF1		Nucleoplasm
Q03933	HSF2		Nucleoplasm
O75031	HSF2BP		Nucleoplasm
Q9ULV5	HSF4		Nuclear speckles
Q4G112	HSF5		Nucleoplasm
Q9UBD0	HSFX1		Nucleoplasm
	HSFX2		Nucleoplasm
Q96LI6	HSFY1		Nucleoplasm, Cytosol
	HSFY2		Nucleoplasm, Cytosol
Q96JZ2	HSH2D		Plasma membrane
P07900	HSP90AA1		Cytosol
P08238	HSP90AB1	Intracellular and membrane	Plasma membrane
P14625	HSP90B1	Intracellular and membrane	Endoplasmic reticulum
O43301	HSPA12A		Golgi apparatus, Cytosol
Q96MM6	HSPA12B		Nucleoplasm
P0DMV8	HSPA1A	Intracellular and membrane	Vesicles, Flagellar centriole, Annulus
P0DMV9	HSPA1B		Vesicles, Cytosol, Flagellar centriole, Annulus
P34931	HSPA1L		Vesicles, Flagellar centriole, Annulus
P54652	HSPA2		Vesicles, Flagellar centriole, Annulus
P34932	HSPA4		Nucleoplasm, Cytosol
O95757	HSPA4L		Cytosol
P11021	HSPA5	Intracellular and membrane	Cytosol, Annulus
P17066	HSPA6		Vesicles, Flagellar centriole, Annulus
P11142	HSPA8		Vesicles, Flagellar centriole, Annulus
P38646	HSPA9		Mitochondria
P04792	HSPB1		Plasma membrane, Cytosol
Q9Y547	HSPB11		Mid piece, Principal piece, End piece
Q16082	HSPB2		Golgi apparatus
Q12988	HSPB3		Nuclear speckles
O14558	HSPB6	Intracellular and membrane	Mitochondria, Cytosol
Q9UBY9	HSPB7		Nucleoplasm
Q9UJY1	HSPB8		Cytosol
Q9BQS6	HSPB9		Nucleoplasm
Q96EW2	HSPBAP1		Mitochondria
Q9NZL4	HSPBP1		Cytosol
P10809	HSPD1		Mitochondria
Q92598	HSPH1		Cytosol
Q9BUP3	HTATIP2		Cytosol
O43719	HTATSF1		Nucleoplasm
P86397	HTD2		Mitochondria
P28222	HTR1B		Plasma membrane
P41595	HTR2B		Nucleoplasm
P34969	HTR7		Nucleoplasm, Plasma membrane
Q92743	HTRA1	Secreted to blood	Plasma membrane
O43464	HTRA2		Mitochondria
P83110	HTRA3	Secreted in other tissues	Vesicles
P31645	HTT		Nucleoplasm
P42858	HTT		Nucleoplasm
P57058	HUNK		Nucleoplasm, Plasma membrane
O60921	HUS1		Nucleoplasm
Q8NHY5	HUS1B		Nucleoplasm
Q7Z6Z7	HUWE1		Nucleoplasm, Cytosol
Q9BYI3	HYCC1		Plasma membrane, Cytosol
Q8IXS8	HYCC2		Cell Junctions
Q4G0P3	HYDIN		Cytokinetic bridge, Primary cilium, Cytosol, Equatorial segment
Q5T013	HYI		Plasma membrane, Cytosol
A2RU49	HYKK		Nucleoplasm, Vesicles, Aggresome, Cytosol
Q96M11	HYLS1		Plasma membrane, Cytosol
Q9NX55	HYPK		Nucleoplasm
Q2TAA2	IAH1		Nucleoplasm
P10997	IAPP	Secreted to blood	Vesicles
P41252	IARS1		Nucleoplasm, Cytosol
Q9NSE4	IARS2		Mitochondria
Q5T440	IBA57		Mitochondria
P21815	IBSP	Secreted in other tissues	Vesicles
Q9P2D0	IBTK		Nucleoplasm
Q05084	ICA1		Vesicles, Cytosol
Q8NDH6	ICA1L		Mitochondria
P05362	ICAM1		Plasma membrane
P13598	ICAM2		Plasma membrane
P32942	ICAM3		Mitochondria
Q9Y2F5	ICE1		Nucleoplasm, Nuclear bodies
Q659A1	ICE2		Nucleoplasm, Nuclear bodies
Q9Y6W8	ICOS	Intracellular and membrane	Plasma membrane
O75144	ICOSLG		Vesicles, Plasma membrane
P41134	ID1		Nucleoplasm
Q02363	ID2		Nucleoplasm, Nuclear bodies
Q02535	ID3		Nucleoplasm
P47928	ID4		Nucleoplasm
O75874	IDH1		Nuclear bodies, Cytosol
P48735	IDH2		Mitochondria
P50213	IDH3A		Mitochondria
O43837	IDH3B		Mitochondria
P51553	IDH3G		Nucleoli, Mitochondria
Q9BXS1	IDI2		Vesicles
Q5T6J7	IDNK		Mitochondria, Cytosol
P14902	IDO1		Microtubules
Q6ZQW0	IDO2		Cytosol
P35475	IDUA	Intracellular and membrane	Vesicles
Q9BTL4	IER2		Nucleoplasm
Q9Y5U9	IER3IP1		Endoplasmic reticulum
Q5VY09	IER5		Nucleoplasm
Q5T953	IER5L		Nucleoplasm
Q5TF58	IFFO2		Nucleoplasm, Plasma membrane
Q16666	IFI16		Nucleoplasm, Nucleoli
Q9H2X8	IFI27L2	Intracellular and membrane	Cytosol
P13284	IFI30	Intracellular and membrane	Vesicles, Cytosol
P80217	IFI35	Secreted to blood	Nucleoplasm, Cytosol
Q8TCB0	IFI44		Nucleoplasm
Q53G44	IFI44L		Nucleoplasm
P09912	IFI6		Mitochondria
P09914	IFIT1		Cytosol
P09913	IFIT2		Vesicles
O14879	IFIT3		Mitochondria, Cytosol
Q13325	IFIT5		Plasma membrane
P13164	IFITM1		Golgi apparatus, Plasma membrane
Q01629	IFITM2		Cell Junctions
A6NNB3	IFITM5		Plasma membrane
P15260	IFNGR1		Plasma membrane
P38484	IFNGR2		Nucleoplasm, Golgi apparatus
Q8IU57	IFNLR1	Intracellular and membrane	Cytosol
O00458	IFRD1		Plasma membrane
Q12894	IFRD2		Nucleoplasm
Q9HBG6	IFT122		Primary cilium transition zone, Cytosol, Mid piece
Q96RY7	IFT140		Basal body
Q8IY31	IFT20		Microtubules, Primary cilium
Q9H7X7	IFT22		Microtubules, Cytosol
Q96FT9	IFT43		Microtubules, Primary cilium, Principal piece, End piece
Q9NQC8	IFT46		Actin filaments, Primary cilium, Principal piece
Q9Y366	IFT52		Microtubules
Q9NWB7	IFT57		Golgi apparatus, Primary cilium, Basal body, Mid piece
Q96LB3	IFT74		Golgi apparatus, Centriolar satellite, Basal body
Q8WYA0	IFT81		Cytosol
Q13099	IFT88		Microtubules, Primary cilium, End piece
Q86VG3	IFTAP		Cytosol
P78318	IGBP1		Microtubules, Primary cilium
A0A1W2PR95	IGBP1P2		Microtubules, Primary cilium
Q8IVU1	IGDCC3		Nucleoplasm, Vesicles
Q8TDY8	IGDCC4		Nucleoplasm, Cytosol
P08069	IGF1R		Nucleoli, Plasma membrane
P01344	IGF2	Secreted to blood	Golgi apparatus
Q9NZI8	IGF2BP1		Cytosol
Q9Y6M1	IGF2BP2		Cytosol
O00425	IGF2BP3		Cytosol
P11717	IGF2R		Golgi apparatus
P08833	IGFBP1	Secreted to blood	Golgi apparatus
P18065	IGFBP2	Secreted to blood	Endoplasmic reticulum
P17936	IGFBP3	Secreted to blood	Vesicles
P24593	IGFBP5	Secreted to blood	Vesicles
Q16270	IGFBP7	Secreted to blood	Golgi apparatus
Q8WX77	IGFBPL1	Secreted to blood	Nucleoplasm, Vesicles
Q6UWQ7	IGFL2	Secreted in other tissues	Nucleoplasm
Q6B9Z1	IGFL4	Secreted - unknown location	Cytosol
Q9H665	IGFLR1	Intracellular and membrane	Nucleoplasm, Plasma membrane
Q86VF2	IGFN1		Midbody ring
P38935	IGHMBP2		Nucleoplasm
A6NJ69	IGIP	Secreted to blood	Vesicles
P01834	IGKC	Immunoglobulin genes	Vesicles, Cytosol
P04433	IGKV3-11	Immunoglobulin genes	Plasma membrane, Cytosol
P01624	IGKV3-15	Immunoglobulin genes	Plasma membrane, Cytosol
P01619	IGKV3-20	Immunoglobulin genes	Plasma membrane, Cytosol
A0A075B6H7	IGKV3-7	Immunoglobulin genes	Plasma membrane, Cytosol
A0A0A0MRZ8	IGKV3D-11	Immunoglobulin genes	Plasma membrane, Cytosol
A0A087WSY6	IGKV3D-15	Immunoglobulin genes	Plasma membrane, Cytosol
A0A0C4DH25	IGKV3D-20	Immunoglobulin genes	Plasma membrane, Cytosol
A0A0C4DH55	IGKV3D-7	Immunoglobulin genes	Plasma membrane, Cytosol
	IGKV3OR2-268		Plasma membrane, Cytosol
P15814	IGLL1	Secreted to blood	Endoplasmic reticulum
Q8N6C5	IGSF1	Intracellular and membrane	Cytosol
Q6WRI0	IGSF10	Secreted - unknown location	Vesicles
Q5DX21	IGSF11		Cell Junctions
Q8N9C0	IGSF22		Mitochondria
A1L1A6	IGSF23		Nucleoplasm
O75054	IGSF3		Nucleoplasm
Q9NSI5	IGSF5		Focal adhesion sites
Q969P0	IGSF8		Vesicles
Q9UPX0	IGSF9B		Golgi apparatus, Cell Junctions
Q8IYA8	IHO1		Nucleoplasm
Q13123	IK		Nuclear speckles
Q70UQ0	IKBIP		Endoplasmic reticulum
O14920	IKBKB		Cytosol
Q14164	IKBKE		Cytosol
Q9Y6K9	IKBKG		Cytosol
Q13422	IKZF1		Nucleoplasm
Q9UKS7	IKZF2		Nucleoplasm, Nuclear bodies
Q9UKT9	IKZF3		Nucleoplasm
Q9H2S9	IKZF4		Nucleoplasm, Nuclear bodies
Q9H5V7	IKZF5		Nucleoplasm
Q13651	IL10RA		Plasma membrane, Cytosol
Q08334	IL10RB		Cytosol
Q14626	IL11RA	Secreted to blood	Vesicles, Plasma membrane
P42701	IL12RB1	Intracellular and membrane	Plasma membrane
Q99665	IL12RB2	Intracellular and membrane	Plasma membrane
Q14627	IL13RA2		Plasma membrane, Cell Junctions
P40933	IL15	Secreted to blood	Nucleoplasm, Nuclear speckles
Q13261	IL15RA	Secreted to blood	Vesicles, Plasma membrane
Q14005	IL16	Secreted to blood	Nuclear speckles
Q96F46	IL17RA	Secreted to blood	Nucleoplasm, Cytosol
Q9NRM6	IL17RB	Intracellular and membrane	Vesicles, Plasma membrane
Q8NFM7	IL17RD		Golgi apparatus
Q14116	IL18	Secreted to blood	Nucleoplasm, Golgi apparatus
O95998	IL18BP	Secreted to blood	Endoplasmic reticulum
Q13478	IL18R1		Mitochondria
P01583	IL1A	Secreted to blood	Cytosol
P14778	IL1R1	Secreted to blood	Nucleoplasm, Vesicles
Q9NPH3	IL1RAP	Secreted to blood	Vesicles, Cytosol
Q9NP60	IL1RAPL2		Plasma membrane
Q01638	IL1RL1	Secreted to blood	Plasma membrane
P18510	IL1RN	Secreted to blood	Nucleoplasm, Cytosol
Q9NYY1	IL20	Secreted to blood	Vesicles
Q9UHF5	IL20	Secreted to blood	Vesicles
Q9UHF4	IL20RA		Cytosol
Q6UXL0	IL20RB		Vesicles
Q9HBE5	IL21R		Plasma membrane, Cytosol
Q9NPF7	IL23A	Secreted to blood	Cytosol
Q9NPH9	IL26	Secreted to blood	Golgi apparatus, Vesicles
Q6UWB1	IL27RA		Vesicles
P31785	IL2RG		Plasma membrane
Q8NI17	IL31RA		Plasma membrane, Cytosol
O95760	IL33	Secreted to blood	Nucleoplasm
Q9NZH8	IL36G	Secreted to blood	Cytosol
Q9NZH6	IL37	Secreted to blood	Nucleoplasm, Vesicles, Cytosol
Q96RQ9	IL4I1	Secreted to blood	Acrosome
P24394	IL4R	Secreted to blood	Plasma membrane
P05231	IL6	Secreted to blood	Vesicles
P40189	IL6ST	Secreted to blood	Plasma membrane
P16871	IL7R	Intracellular and membrane	Plasma membrane
Q71H61	ILDR2		Plasma membrane
Q12905	ILF2		Nucleoplasm
Q12906	ILF3		Nucleoplasm, Nucleoli, Mitochondria
Q13418	ILK		Focal adhesion sites
Q9H6K1	ILRUN		Nuclear speckles
A1L0T0	ILVBL		Golgi apparatus, Vesicles
Q96LU5	IMMP1L		Mitochondria
Q96T52	IMMP2L		Mitochondria
Q16891	IMMT		Mitochondria
Q8TCT8	IMP3		Nucleoli
Q9NV31	IMP3		Nucleoli
Q8TCT7	IMP4		Nucleoli
Q96G21	IMP4		Nucleoli
P29218	IMPA1		Actin filaments
O14732	IMPA2		Nucleoplasm
Q9P2X3	IMPACT		Nucleoplasm
P20839	IMPDH1		Cytosol, Rods & Rings
P12268	IMPDH2		Cytosol
Q17R60	IMPG1	Secreted in other tissues	Plasma membrane, Microtubules, Mid piece, Principal piece, End piece
Q16352	INA		Intermediate filaments
Q3KP66	INAVA		Nucleoplasm
Q0VD86	INCA1		Nucleoplasm, Nuclear bodies
Q9NQS7	INCENP		Nuclear bodies, Kinetochore
Q27J81	INF2		Endoplasmic reticulum
Q9UK53	ING1		Nucleoplasm
Q9H160	ING2		Nucleoplasm
Q9NXR8	ING3		Nucleoplasm
Q9UNL4	ING4		Nucleoplasm
P05111	INHA	Secreted to blood	Vesicles
P09529	INHBB	Secreted to blood	Vesicles
P55103	INHBC	Secreted to blood	Cytosol
P58166	INHBE	Secreted to blood	Vesicles
Q9NRY2	INIP		Nucleoplasm
Q96EL1	INKA1		Nucleoplasm, Vesicles
Q9NTI7	INKA2		Nucleoplasm
O95050	INMT		Golgi apparatus, Vesicles
Q9ULG1	INO80		Nucleoplasm, Nuclear bodies
Q9C086	INO80B		Nucleoplasm
Q6PI98	INO80C		Nucleoplasm
Q8NBZ0	INO80E		Nucleoplasm
P49441	INPP1		Centriolar satellite
Q96PE3	INPP4A		Nucleoplasm, Nuclear membrane
O15327	INPP4B		Centrosome
Q14642	INPP5A		Cytosol
P32019	INPP5B		Cytosol
Q92835	INPP5D		Cytosol
Q10713	INPP5E		Golgi apparatus
Q9NRR6	INPP5E		Golgi apparatus
Q9Y2H2	INPP5F		Vesicles
Q15735	INPP5J		Cytosol
O15357	INPPL1		Cytosol
F8WCM5	INS-IGF2	Secreted to digestive system	Nucleoplasm
O15503	INSIG1		Vesicles
Q14641	INSL4	Secreted to blood	Vesicles
Q96T92	INSM2		Nucleoplasm
P06213	INSR		Vesicles, Plasma membrane
Q2T9L4	INSYN1		Nucleoplasm, Cytosol
Q8N201	INTS1		Nucleoplasm
Q9NVR2	INTS10		Cytosol
Q5TA45	INTS11		Cytosol
Q96CB8	INTS12		Nucleoplasm, Cytosol
Q9NVM9	INTS13		Nucleoplasm
Q96SY0	INTS14		Nucleoplasm, Nuclear bodies, Mitochondria
Q96N11	INTS15		Nucleoplasm
Q68E01	INTS3		Nucleoli
Q96HW7	INTS4		Nucleoli rim
Q6P9B9	INTS5		Nucleoplasm
Q9UL03	INTS6		Nucleoplasm
Q5JSJ4	INTS6L		Centrosome
Q9NVH2	INTS7		Nuclear bodies
Q75QN2	INTS8		Nucleoplasm
Q9NV88	INTS9		Nucleoplasm
Q9ULD6	INTU		Basal body
Q9Y283	INVS		Primary cilium, Cytosol
Q92551	IP6K1		Nucleoli fibrillar center
Q9UHH9	IP6K2		Nucleoli fibrillar center
Q96PC2	IP6K3		Nucleoplasm
Q8WWN9	IPCEF1		Nuclear speckles, Plasma membrane
Q8NFU5	IPMK		Nucleoplasm
Q9UI26	IPO11		Nucleoplasm
Q8TEX9	IPO4		Cytosol
O00410	IPO5		Nucleoplasm, Nuclear membrane
O95373	IPO7		Nucleoplasm, Cytosol
O15397	IPO8		Nucleoplasm
Q96P70	IPO9		Cytosol
Q9H8X2	IPPK		Cytosol
Q86XH1	IQCA1		Flagellar centriole
Q15051	IQCB1		Microtubules, Cytokinetic bridge, Mitotic spindle
Q4KMZ1	IQCC		Vesicles
Q96DY2	IQCD		Mid piece, Principal piece, End piece
Q6IPM2	IQCE		Nucleoplasm, Plasma membrane
P0C7M6	IQCF3		Nucleoli
Q9H095	IQCG		Actin filaments, Cytosol
Q86VS3	IQCH		Cytosol
B3KU38	IQCJ-SCHIP1		Cytosol
Q8N0W5	IQCK		Nuclear speckles
Q9H0B3	IQCN		Acrosome, Equatorial segment
P46940	IQGAP1		Plasma membrane, Cell Junctions
Q13576	IQGAP2		Vesicles, Plasma membrane
Q86VI3	IQGAP3		Nucleoli rim
Q6DN90	IQSEC1		Cytosol
Q5JU85	IQSEC2		Vesicles, Lipid droplets
Q9UPP2	IQSEC3		Nucleoplasm, Cytosol
Q8NA54	IQUB		Nuclear speckles, Mid piece, Principal piece, End piece
Q9Y6F6	IRAG1		Cytosol
Q12912	IRAG2		Endoplasmic reticulum, Plasma membrane
P51617	IRAK1		Cytosol
Q5VVH5	IRAK1BP1		Vesicles
O43187	IRAK2		Vesicles
Q9Y616	IRAK3		Vesicles
Q9NWZ3	IRAK4		Microtubules, Cytosol
P48200	IREB2		Cell Junctions
P10914	IRF1		Nucleoplasm
P14316	IRF2		Nucleoplasm
Q8IU81	IRF2BP1		Nucleoplasm
Q7Z5L9	IRF2BP2		Nucleoplasm
Q9H1B7	IRF2BPL		Nucleoplasm
Q14653	IRF3		Cytosol
Q15306	IRF4		Nucleoplasm
O14896	IRF6		Cytosol
Q92985	IRF7		Nucleoplasm
Q02556	IRF8		Nucleoplasm
Q00978	IRF9		Cytosol
Q8WZA9	IRGQ		Vesicles
P35568	IRS1		Nucleoplasm, Cytosol
Q9Y4H2	IRS2		Cytosol
P78414	IRX1		Golgi apparatus
Q9BZI1	IRX2		Nucleoplasm, Nucleoli
P78415	IRX3		Nucleoplasm
P78413	IRX4		Nucleoplasm, Vesicles
P78411	IRX5		Nuclear speckles
P78412	IRX6		Nucleoplasm, Mitochondria
Q9H1K1	ISCU		Mitochondria, Cytosol
Q9H9L3	ISG20L2		Nucleoplasm
P61371	ISL1		Nucleoplasm
Q96A47	ISL2		Rods & Rings
O14498	ISLR	Secreted - unknown location	Plasma membrane
Q6H9L7	ISM2	Secreted in female reproductive system	Nucleoplasm
Q96CN7	ISOC1		Endoplasmic reticulum, Vesicles
Q96AB3	ISOC2		Mitochondria
P53990	IST1		Vesicles
Q2M1V0	ISX		Nucleoplasm
Q9ULR0	ISY1		Nuclear speckles
	ISY1-RAB43		Nuclear speckles
Q9NPH2	ISYNA1		Nucleoplasm
Q96J02	ITCH		Nucleoplasm
Q8TB96	ITFG1	Intracellular and membrane	Golgi apparatus, Vesicles
Q969R8	ITFG2		Vesicles
P56199	ITGA1		Endoplasmic reticulum
O75578	ITGA10		Endoplasmic reticulum
P08514	ITGA2B		Plasma membrane
P26006	ITGA3		Plasma membrane
P13612	ITGA4	Intracellular and membrane	Plasma membrane
Q13683	ITGA7		Plasma membrane
P53708	ITGA8		Plasma membrane
Q13797	ITGA9	Intracellular and membrane	Vesicles
P06756	ITGAV		Focal adhesion sites, Cytosol
P20702	ITGAX		Vesicles, Plasma membrane
P05556	ITGB1		Plasma membrane, Focal adhesion sites
O14713	ITGB1BP1		Nucleoplasm
Q9UKP3	ITGB1BP2		Cytosol
P05107	ITGB2		Plasma membrane
P05106	ITGB3	Intracellular and membrane	Plasma membrane
Q13352	ITGB3BP		Nucleoplasm
P16144	ITGB4		Plasma membrane, Cell Junctions
P18084	ITGB5		Plasma membrane, Mitochondria
P18564	ITGB6		Nucleoplasm, Cell Junctions, Acrosome
P26010	ITGB7		Plasma membrane, Cytosol
P26012	ITGB8		Plasma membrane, Cytosol
P19827	ITIH1	Secreted to blood	Vesicles
P19823	ITIH2	Secreted to blood	Golgi apparatus
Q14624	ITIH4	Secreted to blood	Vesicles
Q86UX2	ITIH5	Secreted to blood	Golgi apparatus
Q08881	ITK		Cytosol
Q8WWA0	ITLN1	Secreted to blood	Vesicles, Equatorial segment
O43736	ITM2A		Vesicles
Q9Y287	ITM2B	Secreted to blood	Golgi apparatus, Vesicles
Q9BY32	ITPA		Nucleoplasm, Cytosol
Q13572	ITPK1		Mitochondria
P27987	ITPKB		Nucleoplasm
Q96DU7	ITPKC		Nuclear speckles
Q14643	ITPR1		Vesicles
Q14571	ITPR2		Endoplasmic reticulum, Mid piece
Q14573	ITPR3		Vesicles
Q6ZRS4	ITPRID1		Nucleoplasm
P28290	ITPRID2		Plasma membrane, Cytosol
Q8IWB1	ITPRIP		Vesicles
Q3MIP1	ITPRIPL2		Centrosome
Q15811	ITSN1		Plasma membrane
Q9NZM3	ITSN2		Vesicles, Plasma membrane
P26440	IVD		Mitochondria
P07476	IVL		Cytosol
Q9Y6Y0	IVNS1ABP		Cytosol
Q96ST2	IWS1		Nucleoplasm
Q6PHW0	IYD		Plasma membrane
Q6UXV1	IZUMO2		Acrosome
Q5VZ72	IZUMO3		Acrosome, Equatorial segment
Q1ZYL8	IZUMO4	Secreted in male reproductive system	Equatorial segment, Calyx, Connecting piece
Q6IE81	JADE1		Nucleoplasm
Q9NQC1	JADE2		Nucleoplasm
Q92613	JADE3		Nucleoplasm, Nucleoli
P78504	JAG1		Golgi apparatus, Plasma membrane
Q9Y219	JAG2		Vesicles
Q8N5M9	JAGN1		Vesicles
O60674	JAK2		Nucleoplasm
P52333	JAK3		Plasma membrane, Cytosol
Q96AA8	JAKMIP2		Golgi apparatus
P57087	JAM2		Plasma membrane
Q9BX67	JAM3	Secreted to blood	Golgi apparatus
Q86YT9	JAML		Plasma membrane
Q92833	JARID2		Nucleoplasm, Mitochondria
Q86VZ6	JAZF1		Nucleoplasm, Nucleoli fibrillar center
Q9P266	JCAD		Vesicles, Cell Junctions
Q8WYK2	JDP2		Nucleoplasm, Nuclear speckles
Q6NUN7	JHY		Nucleoplasm
Q9P055	JKAMP		Vesicles
Q15652	JMJD1C		Nucleoplasm
Q9H9V9	JMJD4		Plasma membrane
Q6NYC1	JMJD6		Nucleoplasm
P0C870	JMJD7		Cytosol
	JMJD7-PLA2G4B		Cytosol
Q8N9B5	JMY		Nucleoplasm
Q15040	JOSD1		Vesicles, Cytosol
Q9HDC5	JPH1		Nucleoplasm
Q8WXH2	JPH3		Nucleoplasm
Q96JJ6	JPH4		Cytosol
Q9UK76	JPT1		Cytosol
Q9H910	JPT2		Plasma membrane, Cytosol
O75564	JRK		Nucleoplasm, Nucleoli
Q9Y4A0	JRKL		Nucleoplasm
Q96MG2	JSRP1		Endoplasmic reticulum
O76095	JTB		Vesicles, Mitochondria
P05412	JUN		Nucleoplasm
P17275	JUNB		Nucleoplasm
P17535	JUND		Nucleoplasm
P14923	JUP		Plasma membrane, Cell Junctions
O60229	KALRN		Nucleoplasm, Cytosol
Q14678	KANK1		Plasma membrane
Q63ZY3	KANK2		Nucleoplasm
Q6NY19	KANK3		Plasma membrane
Q5T7N3	KANK4		Cytosol
Q7Z3B3	KANSL1		Nucleoplasm
A0AUZ9	KANSL1L		Cytosol
Q9H9L4	KANSL2	Intracellular and membrane	Nucleoplasm, Plasma membrane, Cytosol
Q9P2N6	KANSL3		Nucleoplasm
Q15046	KARS1	Intracellular and membrane	Cytosol
Q92831	KAT2B		Nucleoplasm
Q92993	KAT5		Nucleoplasm
Q92794	KAT6A		Nuclear speckles
Q8WYB5	KAT6B		Nucleoplasm
O95251	KAT7		Nucleoplasm
Q9H7Z6	KAT8		Nucleoplasm
O75449	KATNA1		Centriolar satellite
Q9BW62	KATNAL1		Centrosome, Cytosol
Q8IYT4	KATNAL2		Intermediate filaments
Q9BVA0	KATNB1		Cytosol
Q9H079	KATNBL1		Midbody, Mitotic spindle
O60303	KATNIP		Nucleoplasm, Basal body
Q674X7	KAZN		Nucleoplasm
O94819	KBTBD11		Intermediate filaments
Q8IY47	KBTBD2		Nucleoplasm, Nucleoli fibrillar center
Q9NVX7	KBTBD4		Nucleoplasm
Q9P0J7	KCMF1		Cytosol
P17658	KCNA6		Plasma membrane, Cytosol
Q96RP8	KCNA7		Vesicles, Plasma membrane
Q14722	KCNAB1		Vesicles
O43448	KCNAB3		Mitochondria
Q92953	KCNB2		Plasma membrane
P48547	KCNC1		Nucleoplasm, Nuclear membrane
Q03721	KCNC4		Nucleoli, Cytosol
Q9NSA2	KCND1		Nucleoplasm
Q9Y6H6	KCNE3		Plasma membrane
Q8WWG9	KCNE4		Microtubules
Q9H3M0	KCNF1		Golgi apparatus
Q9UIX4	KCNG1		Vesicles
Q8TAE7	KCNG3		Cytoplasmic bodies
Q8TDN1	KCNG3		Cytoplasmic bodies
	KCNG4		Plasma membrane
O95259	KCNH1		Vesicles
Q8NCM2	KCNH5		Centrosome
Q96L42	KCNH8		Plasma membrane
Q9NZI2	KCNIP1		Vesicles
Q9NS61	KCNIP2		Vesicles
Q9Y2W7	KCNIP3	Intracellular and membrane	Vesicles
Q6PIL6	KCNIP4		Vesicles
Q14500	KCNJ12		Golgi apparatus
O60928	KCNJ13		Nuclear membrane
Q99712	KCNJ15		Plasma membrane
Q9NPI9	KCNJ16		Vesicles
B7U540	KCNJ18		Golgi apparatus
P48549	KCNJ3		Mitochondria
P48050	KCNJ4		Vesicles
O00180	KCNK1		Vesicles
Q9HB14	KCNK13		Nuclear speckles, Cell Junctions
Q96T54	KCNK17		Plasma membrane, Cytosol
O95279	KCNK5		Nucleoplasm
Q9Y257	KCNK6		Plasma membrane, Cytosol
Q9Y2U2	KCNK7		Plasma membrane
Q9NPC2	KCNK9		Plasma membrane
Q9NPA1	KCNMB3		Nucleoplasm
Q86W47	KCNMB4		Cytosol
Q92952	KCNN1		Actin filaments, Cytosol
Q9H2S1	KCNN2		Nucleoplasm, Plasma membrane
Q9UGI6	KCNN3		Plasma membrane, Cytosol
O15554	KCNN4		Plasma membrane, Cytosol
P51787	KCNQ1		Endoplasmic reticulum
O43526	KCNQ2		Endoplasmic reticulum
Q9NR82	KCNQ5		Cytoplasmic bodies
Q8N5I3	KCNRG		Golgi apparatus, Vesicles
Q96KK3	KCNS1		Vesicles, Plasma membrane
Q9BQ31	KCNS3		Cytosol
Q5JUK3	KCNT1		Plasma membrane
Q6UVM3	KCNT2		Vesicles
A8MYU2	KCNU1		Plasma membrane, Principal piece
Q6PIU1	KCNV1		Plasma membrane, Cytokinetic bridge
Q719H9	KCTD1		Nucleoplasm
Q9H3F6	KCTD10		Nucleoplasm
Q693B1	KCTD11		Nucleoplasm
Q96CX2	KCTD12		Mitochondria
Q8WZ19	KCTD13		Nucleoplasm, Nuclear bodies
Q9BQ13	KCTD14		Nucleoplasm
Q96SI1	KCTD15		Nucleoplasm
Q68DU8	KCTD16		Centrosome
Q6PI47	KCTD18		Mitochondria
Q7Z5Y7	KCTD20		Endoplasmic reticulum
Q4G0X4	KCTD21		Cytosol
Q9Y597	KCTD3		Cytosol
Q8WVF5	KCTD4		Centriolar satellite
Q8NC69	KCTD6		Nucleoli, Mitochondria
Q6ZWB6	KCTD8		Cytoplasmic bodies
Q7L273	KCTD9		Nucleoplasm
P24390	KDELR1		Golgi apparatus
O43731	KDELR3		Endoplasmic reticulum
Q8NAX2	KDF1		Plasma membrane
O60341	KDM1A		Nucleoplasm
Q8NB78	KDM1B		Nucleoplasm
Q9Y2K7	KDM2A		Nucleoplasm
Q8NHM5	KDM2B		Nucleoplasm
Q9Y4C1	KDM3A		Nucleoplasm
Q7LBC6	KDM3B		Nucleoplasm
O75164	KDM4A		Nucleoli fibrillar center
O94953	KDM4B		Nucleoplasm
Q9H3R0	KDM4C		Nucleoplasm
Q6B0I6	KDM4D		Nucleoplasm
P29375	KDM5A		Nuclear bodies
Q9UGL1	KDM5B		Nucleoplasm
P41229	KDM5C		Nucleoplasm
Q9BY66	KDM5D		Nucleoli fibrillar center
O15550	KDM6A		Nucleoli, Nucleoli rim
O15054	KDM6B		Nuclear speckles
Q6ZMT4	KDM7A		Nucleoplasm
Q8N371	KDM8		Nucleoplasm
P35968	KDR	Intracellular and membrane	Vesicles
Q14145	KEAP1		Nucleoplasm, Centriolar satellite
P23276	KEL		Golgi apparatus, Plasma membrane
Q4VXA5	KHDC1		Cytosol
Q5JSQ8	KHDC1L		Cytosol
Q7Z7F0	KHDC4		Nucleoplasm
Q07666	KHDRBS1		Nucleoplasm
O75525	KHDRBS3		Nucleoplasm
P50053	KHK		Vesicles, Cytosol
O15037	KHNYN		Nucleoplasm
Q92945	KHSRP		Nucleoplasm
Q15053	KIAA0040		Nucleoplasm
Q92628	KIAA0232		Cytosol
Q5VV43	KIAA0319	Secreted in brain	Vesicles
Q8IZA0	KIAA0319L		Golgi apparatus
Q6ZU52	KIAA0408		Nucleoplasm
O60268	KIAA0513		Cytosol
Q2KHM9	KIAA0753		Centrosome
Q6ICG6	KIAA0930		Nuclear membrane, Mitochondria
Q96AT1	KIAA1143		Nucleoplasm
Q96A73	KIAA1191		Nucleoplasm
Q9ULL0	KIAA1210		Golgi apparatus, Vesicles
Q5T5P2	KIAA1217		Nucleoplasm, Cytosol
Q86T90	KIAA1328		Nuclear speckles
Q9P206	KIAA1522		Plasma membrane, Cell Junctions
Q9HCM3	KIAA1549		Nuclear membrane
Q6ZVL6	KIAA1549L		Nucleoplasm
Q9HCI6	KIAA1586		Nucleoplasm, Nuclear membrane
Q5VZ46	KIAA1614		Nuclear membrane, Vesicles
Q9BY89	KIAA1671		Microtubules, Primary cilium
Q5JYT7	KIAA1755		Nucleoli
Q8N8K9	KIAA1958		Plasma membrane, Cytosol
Q8IYS2	KIAA2013		Golgi apparatus
Q5HYC2	KIAA2026		Vesicles, Cytosol
Q96MD2	KICS2		Lysosomes
Q9ULH0	KIDINS220		Nucleoplasm
P52732	KIF11		Cytosol, Mid piece
Q96FN5	KIF12		Nucleoplasm, Mid piece, Principal piece
Q9H1H9	KIF13A		Mid piece, Principal piece
Q15058	KIF14		Cytosol, End piece
Q96L93	KIF16B		Mitochondria
Q9P2E2	KIF17		Nucleoplasm
Q8NI77	KIF18A		Microtubules, Cytokinetic bridge
Q86Y91	KIF18B		Nucleoplasm, Microtubule ends
Q2TAC6	KIF19		Plasma membrane
Q12756	KIF1A		Centriolar satellite
O60333	KIF1B		Microtubules, Mid piece, Principal piece, End piece
O43896	KIF1C		Nucleoplasm, Nucleoli, Principal piece
O95235	KIF20A		Nucleoplasm, Cytokinetic bridge, Cleavage furrow, Mitotic spindle
Q96Q89	KIF20B		Nucleoplasm, Cytokinetic bridge, Basal body
Q7Z4S6	KIF21A		Cytosol
O75037	KIF21B		Plasma membrane, Mid piece
Q14807	KIF22		Nuclear speckles
Q02241	KIF23		Nucleoplasm
Q9ULI4	KIF26A		Plasma membrane, Flagellar centriole
Q2KJY2	KIF26B		Microtubules, Primary cilium
O00139	KIF2A		Nucleoplasm, Nucleoli, Centrosome, Basal body, Annulus
Q8N4N8	KIF2B		Microtubules, Cytokinetic bridge, Mitotic spindle
Q99661	KIF2C		Nucleoplasm, Midbody, Centrosome
Q9Y496	KIF3A		Nucleoplasm, Primary cilium, Basal body, Cytosol
O15066	KIF3B		Nucleoplasm, Primary cilium tip, Flagellar centriole
O95239	KIF4A		Nucleoplasm, Midbody
Q2VIQ3	KIF4B		Nucleoplasm, Midbody
Q12840	KIF5A		Nucleoplasm, Cytosol
P33176	KIF5B		Centriolar satellite, Cytosol
O60282	KIF5C		Cytosol, Equatorial segment, Connecting piece
Q6ZMV9	KIF6		Centrosome, Basal body
Q2M1P5	KIF7		Primary cilium, Primary cilium tip
Q9HAQ2	KIF9		Primary cilium, Primary cilium tip, Cytosol
Q92845	KIFAP3		Microtubules, Basal body
Q9BW19	KIFC1		Centrosome
Q96AC6	KIFC2		Nucleoplasm
O60870	KIN		Nucleoplasm
Q6UWL6	KIRREL2	Intracellular and membrane	Centriolar satellite
Q15726	KISS1	Secreted in female reproductive system	Vesicles
Q969F8	KISS1R		Plasma membrane
P10721	KIT		Plasma membrane
P21583	KITLG	Intracellular and membrane	Vesicles
Q86Z14	KLB		Mid piece, Principal piece
Q07866	KLC1		Plasma membrane, Acrosome, Equatorial segment
Q6P597	KLC2		Plasma membrane, Cytosol
Q9H0B6	KLC2		Plasma membrane, Cytosol
	KLC3		Centriolar satellite, Cytosol
Q9NSK0	KLC4		Mitochondria
Q13351	KLF1		Nucleoplasm
O14901	KLF11		Nucleoplasm
Q9Y4X4	KLF12		Nucleoplasm
Q9UIH9	KLF15		Nucleoplasm, Nuclear speckles
Q9BXK1	KLF16		Nucleoplasm
Q9Y5W3	KLF2		Nucleoplasm
P57682	KLF3		Nucleoplasm
O43474	KLF4		Nucleoplasm
	KLF5		Nucleoplasm
Q99612	KLF6		Nucleoplasm
O75840	KLF7		Nucleoplasm
O95600	KLF8		Nucleoplasm
Q13886	KLF9		Nucleoplasm
Q8N7A1	KLHDC1		Cytosol
Q6PID8	KLHDC10		Nucleoplasm
Q9Y2U9	KLHDC2		Nucleoplasm, Nuclear membrane
Q9BQ90	KLHDC3		Nucleoplasm
Q8TBB5	KLHDC4		Nucleoli
Q5VTJ3	KLHDC7A		Nuclear speckles
Q96G42	KLHDC7B		Plasma membrane
Q8IYD2	KLHDC8A		Nucleoplasm
Q8IXV7	KLHDC8B		Cytosol
Q8NEP7	KLHDC9		Nucleoplasm, Nucleoli, Nucleoli rim, Mitotic chromosome
Q6JEL2	KLHL10		Mid piece
Q9NVR0	KLHL11		Nucleoplasm
Q53G59	KLHL12		Vesicles, Centriolar satellite
Q9P2N7	KLHL13		Cytosol
Q9P2G3	KLHL14		Cytosol
Q96M94	KLHL15		Cytosol
Q6TDP4	KLHL17		Nuclear bodies
O94889	KLHL18		Nucleoplasm
O95198	KLHL2		Nucleoplasm
Q9Y2M5	KLHL20		Golgi apparatus, Cytosol
Q9UJP4	KLHL21		Centrosome
Q53GT1	KLHL22		Vesicles, Microtubules, Cytokinetic bridge, Mitotic spindle
Q8NBE8	KLHL23		Actin filaments
Q9H0H3	KLHL25		Nucleoplasm, Cytosol
Q9NXS3	KLHL28		Cytosol
Q96CT2	KLHL29		Mitochondria
Q0D2K2	KLHL30		Centriolar satellite
Q96NJ5	KLHL32		Nucleoplasm
Q6PF15	KLHL35		Nucleoplasm, Centrosome
Q8N4N3	KLHL36		Cytosol
Q2WGJ6	KLHL38		Nucleoplasm
Q9C0H6	KLHL4		Microtubules, Primary cilium
O60662	KLHL41		Cytosol
Q96PQ7	KLHL5		Plasma membrane, Microtubules
Q8WZ60	KLHL6		Plasma membrane, Centriolar satellite
Q8IXQ5	KLHL7		Nucleoplasm, Cytosol
Q9P2G9	KLHL8		Nucleoplasm
Q9P2J3	KLHL9		Cytosol
Q92876	KLK6	Secreted in other tissues	Nucleoplasm
P49862	KLK7	Secreted in other tissues	Plasma membrane
O60259	KLK8	Secreted in other tissues	Vesicles
B2CW77	KLLN		Nucleoplasm
Q12918	KLRB1		Nucleoplasm
P26715	KLRC1		Plasma membrane
P26717	KLRC2		Plasma membrane
Q07444	KLRC3		Vesicles
Q9NZS2	KLRF1		Plasma membrane
Q96E93	KLRG1		Vesicles
A4D1S0	KLRG2		Nucleoplasm
P26718	KLRK1		Plasma membrane
Q03164	KMT2A		Nucleoplasm
Q9UMN6	KMT2B		Nucleoplasm
Q8NEZ4	KMT2C		Nucleoplasm
O14686	KMT2D		Plasma membrane, Cytosol
Q8IZD2	KMT2E		Nucleoplasm
Q9NQR1	KMT5A		Nucleoplasm
Q4FZB7	KMT5B		Nucleoplasm, Nucleoli fibrillar center
Q86Y97	KMT5C		Nucleoplasm
Q76NI1	KNDC1		Plasma membrane, Cytosol
Q8NG31	KNL1		Nucleoplasm
Q1ED39	KNOP1		Nucleoli, Nucleoli rim
Q9Y448	KNSTRN		Mitotic spindle, Centriolar satellite
P50748	KNTC1		Cytosol
P52294	KPNA1		Nucleoplasm
P52292	KPNA2		Nucleoplasm
O00505	KPNA3		Nucleoplasm
O00629	KPNA4		Nucleoplasm
O15131	KPNA5		Cytosol
O60684	KPNA6		Cytosol
Q14974	KPNB1		Nuclear membrane
Q9Y664	KPTN		Plasma membrane
P01116	KRAS		Cytosol
A5PL33	KRBA1		Nucleoplasm
Q6ZNG9	KRBA2		Nucleoplasm
C9JBD0	KRBOX1		Nucleoplasm
Q5JUW0	KRBOX4		Nucleoplasm
Q7Z2F6	KRBOX5		Cytosol
Q9NPI7	KRCC1		Cytosol
Q8N9T8	KRI1		Nucleoli
O00522	KRIT1		Vesicles
Q13601	KRR1		Nucleoli, Nucleoli rim
P13646	KRT13		Intermediate filaments
P02533	KRT14		Intermediate filaments
P19012	KRT15		Intermediate filaments
P08779	KRT16		Intermediate filaments
Q04695	KRT17		Intermediate filaments
P05783	KRT18		Cytosol
P08727	KRT19		Intermediate filaments
P35908	KRT2		Intermediate filaments, Cytosol
P35900	KRT20		Intermediate filaments, Cytosol
Q8N1A0	KRT222		Vesicles, Lipid droplets
Q9C075	KRT23		Intermediate filaments
Q2M2I5	KRT24		Intermediate filaments, Cytosol
Q7Z3Z0	KRT25		Vesicles
Q15323	KRT31		Cytosol, Principal piece, End piece
O76009	KRT33A		Cytosol, Principal piece, End piece
Q14525	KRT33B		Cytosol, Principal piece, End piece
O76011	KRT34		Cytosol, Principal piece, End piece
Q92764	KRT35		Intermediate filaments
Q6A163	KRT39		Annulus
P19013	KRT4		Intermediate filaments
P13647	KRT5		Intermediate filaments
P02538	KRT6A		Intermediate filaments
P04259	KRT6B		Intermediate filaments
P48668	KRT6C		Intermediate filaments
P08729	KRT7		Intermediate filaments, Cytosol
Q7RTS7	KRT74		Intermediate filaments
O95678	KRT75		Cytosol
Q7Z794	KRT77		Nuclear membrane, Plasma membrane
P05787	KRT8		Intermediate filaments
Q6KB66	KRT80		Intermediate filaments
O43790	KRT86		Cytosol
Q3LHN0	KRTAP25-1		Nuclear membrane
Q53RY4	KRTCAP3		Nucleoplasm, Cytosol
Q8IVT5	KSR1		Cytosol
Q96EK9	KTI12		Nuclear speckles, Cytoplasmic bodies
Q86UP2	KTN1		Endoplasmic reticulum
Q9BQD3	KXD1		Nucleoli fibrillar center, Centrosome, Cytosol
Q8NBH2	KY		Nucleoplasm
Q16773	KYAT1		Cytosol
Q6YP21	KYAT3		Cytosol
Q16719	KYNU		Cytosol
P32004	L1CAM		Nucleoplasm, Plasma membrane
Q5T7N2	L1TD1		Vesicles
Q9H9P8	L2HGDH		Mitochondria
Q96EM0	L3HYPDH		Vesicles
Q9Y468	L3MBTL1		Nucleoplasm
Q969R5	L3MBTL2		Nucleoplasm
Q96JM7	L3MBTL3		Nucleoplasm, Nucleoli
Q8NA19	L3MBTL4		Nucleoplasm, Vesicles
P83111	LACTB		Mitochondria
Q53H82	LACTB2		Cytosol
A8MY62	LACTBL1		Nuclear bodies
O00515	LAD1	Secreted to extracellular matrix	Actin filaments
Q14657	LAGE3		Nucleoplasm
Q6GTX8	LAIR1		Plasma membrane
Q16787	LAMA3	Secreted to extracellular matrix	Endoplasmic reticulum
Q16363	LAMA4	Secreted to extracellular matrix	Plasma membrane, Cytosol
O15230	LAMA5	Secreted to extracellular matrix	Vesicles
P11047	LAMB2	Secreted to extracellular matrix	Vesicles
P55268	LAMB2	Secreted to extracellular matrix	Vesicles
Q13751	LAMB3	Secreted to extracellular matrix	Vesicles
	LAMC1	Secreted to extracellular matrix	Endoplasmic reticulum, Plasma membrane
Q13753	LAMC2	Secreted to extracellular matrix	Endoplasmic reticulum, Golgi apparatus
P13473	LAMP2		Endoplasmic reticulum, Vesicles, Plasma membrane
Q9UQV4	LAMP3		Vesicles
Q9UJQ1	LAMP5		Cytosol
Q6IAA8	LAMTOR1		Golgi apparatus
Q9Y2Q5	LAMTOR2		Nucleoplasm, Vesicles
Q0VGL1	LAMTOR4		Lysosomes
O43504	LAMTOR5		Cytosol
O43813	LANCL1		Microtubules, Primary cilium, Basal body, End piece
Q9NS86	LANCL2		Nucleoplasm, Cytosol
Q6ZV70	LANCL3		Mitochondria
P28838	LAP3		Cytosol
Q15012	LAPTM4A		Golgi apparatus, Vesicles
Q86VI4	LAPTM4B		Golgi apparatus
Q13571	LAPTM5		Cytosol
Q6PKG0	LARP1		Nucleoplasm, Endoplasmic reticulum, Cytosol
Q659C4	LARP1B		Cytosol
Q71RC2	LARP4		Cytosol
Q92615	LARP4B		Cytosol
Q9BRS8	LARP6		Microtubules
Q4G0J3	LARP7		Nucleoplasm, Cytosol
Q9P2J5	LARS1		Nuclear bodies, Cytosol
Q15031	LARS2		Mitochondria
Q9Y4W2	LAS1L		Nucleoplasm
Q14847	LASP1		Plasma membrane, Cytosol
O43561	LAT		Plasma membrane
Q9GZY6	LAT2		Plasma membrane
Q9UHI5	LAT2		Plasma membrane
Q9NRM7	LATS2		Centriolar satellite, Cytosol
Q8IWV1	LAX1		Plasma membrane, Cytosol
Q6UX15	LAYN		Cytosol
Q53QV2	LBH		Vesicles
Q86T20	LBH		Vesicles
Q9BQE6	LBHD1		Nucleoplasm
Q14739	LBR		Nuclear membrane
P52954	LBX1		Nucleoplasm
Q6XYB7	LBX2		Nucleoplasm
Q86VQ0	LCA5		Primary cilium tip, Centriolar satellite
O95447	LCA5L		Nucleoplasm, Nuclear speckles, Flagellar centriole, Mid piece
P04180	LCAT	Secreted to blood	Nucleoplasm
P06239	LCK		Golgi apparatus
Q6UWP7	LCLAT1		Endoplasmic reticulum
Q9UIC8	LCMT1		Nucleoplasm, Cytosol
O60294	LCMT2		Cytosol
P80188	LCN2	Secreted in other tissues	Endoplasmic reticulum
Q96JN0	LCOR		Nucleoplasm
Q8N3X6	LCORL		Nucleoplasm
P13796	LCP1		Plasma membrane
Q13094	LCP2		Cytosol
Q6UWM7	LCTL		Plasma membrane
Q96B96	LDAF1		Vesicles
Q86U70	LDB1		Nucleoplasm
O43679	LDB2		Nucleoplasm, Nucleoli
O75112	LDB3		Focal adhesion sites, Cytosol
P00338	LDHA		Cytosol
Q9BYZ2	LDHAL6B		Cytosol
P07195	LDHB		Cytosol
P07864	LDHC		Cytosol
Q86WU2	LDHD		Cytosol
P01130	LDLR		Vesicles
Q5T700	LDLRAD1		Nucleoplasm
Q86YD5	LDLRAD3		Cell Junctions
O15165	LDLRAD4		Vesicles
Q5SW96	LDLRAP1		Microtubules
O95751	LDOC1		Nucleoplasm, Nucleoli
O14960	LECT2	Secreted to blood	Cytosol
Q9UJU2	LEF1		Nucleoplasm
Q6ZMV7	LEKR1		Nucleoplasm
Q68G75	LEMD1		Plasma membrane
Q8NC56	LEMD2		Nuclear membrane
Q9Y2U8	LEMD3		Nuclear membrane
Q96BZ8	LENG1		Plasma membrane
Q96PV6	LENG8		Nucleoplasm
Q96B70	LENG9		Nucleoli fibrillar center
Q8WVC0	LEO1		Nucleoplasm, Nucleoli fibrillar center
P41159	LEP	Secreted to blood	Vesicles, Plasma membrane
O15243	LEPR	Intracellular and membrane	Vesicles
P48357	LEPR	Intracellular and membrane	Vesicles
	LEPROT		Centrosome
O95202	LETM1		Mitochondria
Q2VYF4	LETM2		Nucleoplasm
Q6P1Q0	LETMD1		Mitochondria
A8MZ59	LEUTX		Nucleoplasm, Nucleoli
Q8NES3	LFNG	Intracellular and membrane	Nuclear membrane, Golgi apparatus
P09382	LGALS1	Secreted to blood	Cytosol
Q96DT0	LGALS12		Cytosol
Q9UHV8	LGALS13		Nucleoplasm
Q8TCE9	LGALS14		Nucleoplasm
P05162	LGALS2		Mitochondria
P17931	LGALS3	Secreted to blood	Nucleoplasm, Cytosol
P56470	LGALS4		Plasma membrane
O00214	LGALS8		Plasma membrane
O00182	LGALS9	Secreted to blood	Cytosol
Q3B8N2	LGALS9B		Cytosol
Q6DKI2	LGALS9C		Cytosol
Q3ZCW2	LGALSL		Nucleoplasm
Q8N0V4	LGI2	Secreted to blood	Centrosome
Q8N135	LGI4	Secreted in brain	Golgi apparatus
Q99538	LGMN	Intracellular and membrane	Vesicles
Q9BXB1	LGR4		Centrosome
O75473	LGR5		Nucleoplasm, Vesicles, Primary cilium transition zone
Q9HBX8	LGR6		Plasma membrane
Q5TDP6	LGSN		Nucleoplasm, Vesicles
P22888	LHCGR		Plasma membrane
Q6ZUX7	LHFPL2		Plasma membrane
Q86UP9	LHFPL3		Vesicles
Q7Z7J7	LHFPL4		Golgi apparatus
Q8TAF8	LHFPL5		Vesicles
Q9Y693	LHFPL6		Nucleoli
Q9H008	LHPP		Nuclear speckles, Cytosol
P48742	LHX1		Nucleoplasm
P50458	LHX2		Nucleoplasm
Q969G2	LHX4		Nuclear speckles
Q9H2C1	LHX5		Cytosol
Q9UPM6	LHX6		Nucleoplasm
Q68G74	LHX8		Nucleoplasm, Nucleoli
Q9NQ69	LHX9		Nucleoplasm
O43766	LIAS		Nucleoplasm
P15018	LIF	Secreted in other tissues	Cytosol
P18858	LIG1		Nucleoplasm
Q96JA1	LIG1		Nucleoplasm
P49916	LIG3		Nucleoplasm
Q6UXM1	LIG3		Nucleoplasm
P49917	LIG4		Nucleoplasm
Q6PI73	LILRA6		Plasma membrane
O75022	LILRB3		Plasma membrane
Q9UHB6	LIMA1		Plasma membrane, Actin filaments
Q9UPQ0	LIMCH1		Actin filaments
Q9UGP4	LIMD1		Nucleoplasm, Focal adhesion sites
Q9BT23	LIMD2		Nucleoplasm
P53667	LIMK1		Nuclear speckles, Cytosol
P53671	LIMK2		Nucleoplasm
P48059	LIMS1		Cytosol
Q7Z4I7	LIMS2		Focal adhesion sites
P0CW19	LIMS3		Cytosol
P0CW20	LIMS4		Cytosol
Q9H9Z2	LIN28A		Cytosol
Q6ZN17	LIN28B		Nucleoplasm, Nucleoli
Q96GY3	LIN37		Nucleoplasm
Q52LA3	LIN52		Nuclear speckles
Q5TKA1	LIN9		Nucleoplasm
	LINC02203		Centrosome
Q96FE5	LINGO1		Plasma membrane
Q7L985	LINGO2		Cytoplasmic bodies
P0C6S8	LINGO3		Mitochondria
Q6UY18	LINGO4		Golgi apparatus, Vesicles
Q8NG48	LINS1		Nucleoplasm
P38571	LIPA	Intracellular and membrane	Vesicles, Cytosol
Q05469	LIPE		Cytosol
Q6XZB0	LIPI	Secreted in male reproductive system	Plasma membrane
Q5W064	LIPJ		Plasma membrane
Q5VYY2	LIPM	Secreted in other tissues	Endoplasmic reticulum
Q99732	LITAF		Nucleoplasm
Q8N485	LIX1		Cytosol
Q8IVB5	LIX1L		Cytosol
Q8TD35	LKAAEAR1		Nucleoplasm
Q6P1M3	LLGL2		Cytosol
Q9BRT6	LLPH		Nucleoli
P49257	LMAN1		Vesicles
Q12907	LMAN2		Golgi apparatus
Q8WVP7	LMBR1		Cytosol
Q9NUN5	LMBRD1		Vesicles
Q68DH5	LMBRD2		Nucleoplasm, Cytosol
Q9NZU5	LMCD1		Nucleoplasm, Plasma membrane
Q9BU23	LMF2		Centrosome
Q96KR4	LMLN		Cytosol
P02545	LMNA		Nuclear speckles
P20700	LMNB1		Nuclear membrane
Q03252	LMNB2		Nuclear membrane
Q8N9Z9	LMNTD1		Nucleoplasm, Centrosome
Q8IXW0	LMNTD2		Cytoplasmic bodies
P25791	LMO2		Nucleoplasm
P61968	LMO4		Nucleoplasm
Q8WWI1	LMO7		Actin filaments
P29536	LMOD1		Cytosol
Q6P5Q4	LMOD2		Plasma membrane
Q8IWU2	LMTK2		Nuclear speckles, Centriolar satellite
Q96Q04	LMTK3		Nucleoplasm
Q8TE12	LMX1A		Nucleoplasm, Golgi apparatus, Vesicles
O60663	LMX1B		Nucleoplasm
A1A4G5	LNP1		Vesicles
Q9C0E8	LNPK		Endoplasmic reticulum
Q8TBB1	LNX1	Intracellular and membrane	Cell Junctions
Q8N448	LNX2		Vesicles
P36776	LONP1		Mitochondria
Q17RB8	LONRF1		Plasma membrane, Cytosol
Q1L5Z9	LONRF2		Nucleoplasm
Q496Y0	LONRF3		Nucleoplasm
P28300	LOX	Secreted to extracellular matrix	Endoplasmic reticulum
Q8IVV2	LOXHD1		Plasma membrane
Q08397	LOXL1	Secreted to extracellular matrix	Endoplasmic reticulum
Q9Y4K0	LOXL2	Secreted to extracellular matrix	Nucleoplasm
Q96JB6	LOXL4	Secreted to extracellular matrix	Vesicles
Q9UBY5	LPAR3		Plasma membrane
Q99677	LPAR4		Plasma membrane
P43657	LPAR6		Plasma membrane
Q8NF37	LPCAT1		Endoplasmic reticulum
Q7L5N7	LPCAT2		Endoplasmic reticulum
Q14693	LPIN1		Cytosol
Q92539	LPIN2		Cytosol
Q9BQK8	LPIN3		Cytosol
P06858	LPL	Secreted to blood	Vesicles
Q93052	LPP		Focal adhesion sites, Cytosol
O60711	LPXN		Focal adhesion sites
O95237	LRAT		Endoplasmic reticulum, Golgi apparatus
Q96KN4	LRATD1		Nucleoplasm
Q96KN1	LRATD2		Nucleoplasm
P50851	LRBA		Golgi apparatus
Q9Y2L9	LRCH1		Actin filaments, Cytosol
Q5VUJ6	LRCH2		Plasma membrane
Q96II8	LRCH3		Cytosol
O75427	LRCH4		Nucleoplasm, Focal adhesion sites, Cytosol
Q9ULH4	LRFN2		Plasma membrane
P02750	LRG1	Secreted to blood	Vesicles
Q5T3J3	LRIF1		Nucleoplasm
	LRIG1		Cytosol
O94898	LRIG2		Golgi apparatus
	LRIG3		Cytosol
Q9P2V4	LRIT1		Flagellar centriole
Q3SXY7	LRIT3		Nucleoplasm, Mitochondria, Cytosol
Q9H2I8	LRMDA		Nucleoplasm
Q07954	LRP1	Intracellular and membrane	Plasma membrane
O75096	LRP10		Nucleoplasm
Q7Z4F1	LRP10		Nucleoplasm
Q86VZ4	LRP11		Plasma membrane
Q9Y561	LRP12		Nucleoli fibrillar center, Plasma membrane, Mitochondria
Q9NZR2	LRP1B		Vesicles
P98164	LRP2		Cell Junctions
Q9P2M1	LRP2BP		Golgi apparatus
O75074	LRP3		Lipid droplets
	LRP4		Mitochondria
P30533	LRPAP1		Endoplasmic reticulum
P42704	LRPPRC		Mitochondria
Q96L50	LRR1		Nucleoplasm, Nuclear membrane
Q9BTT6	LRRC1		Cytosol
A6NIK2	LRRC10B		Nucleoplasm
Q15048	LRRC14		Nucleoplasm, Cytosol
A6NHZ5	LRRC14B		Nucleoplasm, Cytosol
Q8TF66	LRRC15		Vesicles
Q8N6Y2	LRRC17	Secreted in other tissues	Vesicles
Q8N456	LRRC18		Cytosol
Q9BYS8	LRRC2		Nucleoplasm
Q8TCA0	LRRC20		Nucleoplasm
Q53EV4	LRRC23		Nucleoli, Nucleoli rim
Q50LG9	LRRC24		Vesicles
Q8N386	LRRC25		Endoplasmic reticulum, Microtubules, Cytosol
Q2I0M4	LRRC26		Plasma membrane
Q9C0I9	LRRC27		Golgi apparatus
Q86X40	LRRC28		Nucleoplasm
Q6UY01	LRRC31		Nucleoplasm
Q14392	LRRC32	Intracellular and membrane	Nucleoplasm
Q8IZ02	LRRC34		Microtubules
Q1X8D7	LRRC36		Mitochondria
A6NMS7	LRRC37A		Vesicles
A6NM11	LRRC37A2		Vesicles
O60309	LRRC37A3		Vesicles
Q96QE4	LRRC37B		Cytosol
Q9HBW1	LRRC4		Golgi apparatus
Q9H9A6	LRRC40		Nucleoli
Q15345	LRRC41		Nuclear bodies
Q9Y546	LRRC42		Nucleoplasm
Q8N309	LRRC43		Golgi apparatus
Q96CN5	LRRC45		Centrosome, Basal body, Cytosol
Q96FV0	LRRC46		Plasma membrane
Q8N1G4	LRRC47		Nucleoli fibrillar center
Q9HCJ2	LRRC4C		Cytosol
Q96E66	LRRC51		Microtubules
Q8N9N7	LRRC57		Mitochondria, Cytosol
Q96CX6	LRRC58		Nucleoplasm
Q96AG4	LRRC59		Endoplasmic reticulum
Q9BV99	LRRC61		Nucleoplasm
Q05C16	LRRC63		Golgi apparatus
Q6ZNQ3	LRRC69		Plasma membrane
Q96NW7	LRRC7		Plasma membrane, Cytosol
Q5JTD7	LRRC73		Cytosol
Q8NAA5	LRRC75A		Nucleoplasm
Q2VPJ9	LRRC75B		Nucleoplasm, Cytosol
Q8TDW0	LRRC8C		Golgi apparatus
Q6ZRR7	LRRC9		Plasma membrane, Cell Junctions
Q9C099	LRRCC1		Centrosome, Basal body
Q32MZ4	LRRFIP1		Cytosol
Q9Y608	LRRFIP2		Plasma membrane, Actin filaments
A6PVS8	LRRIQ3		Plasma membrane
A6NIV6	LRRIQ4		Mitochondria
Q38SD2	LRRK1		Cytosol
Q5S007	LRRK2		Vesicles, Basal body
Q6UXK5	LRRN1		Endoplasmic reticulum
O43300	LRRN2		Endoplasmic reticulum
O75325	LRRN2		Endoplasmic reticulum
Q9H3W5	LRRN3		Nucleoplasm, Cytosol
Q8WUT4	LRRN4		Nucleoli, Nucleoli rim, Mitotic chromosome
Q8ND94	LRRN4CL		Nucleoplasm
Q86UE6	LRRTM1		Golgi apparatus
Q6UWE0	LRSAM1		Cytosol
Q8N967	LRTM2		Cytosol
Q8WZ04	LRTOMT		Microtubules
Q9UFC0	LRWD1		Nucleoli, Nucleoli rim
Q13449	LSAMP		Cytosol
Q9H089	LSG1		Nuclear bodies, Cytosol
O15116	LSM1		Cytoplasmic bodies
Q969L4	LSM10		Nucleoplasm
P83369	LSM11		Nucleoplasm
Q3MHD2	LSM12		Cytosol
Q8ND56	LSM14A		Cytoplasmic bodies
Q9BX40	LSM14B		Vesicles
Q9Y333	LSM2		Nucleoplasm
P62310	LSM3		Nucleoli
Q9Y4Z0	LSM4		Vesicles
P62312	LSM6		Actin filaments
Q9UK45	LSM7		Nucleoli fibrillar center
O95777	LSM8		Nucleoplasm, Vesicles
Q8N8F7	LSMEM1		Cytosol
Q8N112	LSMEM2		Plasma membrane
Q86X29	LSR		Plasma membrane, Cell Junctions
O00453	LST1		Plasma membrane, Cytosol
Q9Y6L6	LST1		Plasma membrane, Cytosol
P09960	LTA4H		Cytosol
Q06643	LTB		Centrosome
Q9NPC1	LTB4R2		Plasma membrane
P36941	LTBR		Golgi apparatus
Q16873	LTC4S		Nucleoplasm
P29376	LTK		Vesicles
O94822	LTN1		Cytosol
Q8WV07	LTO1		Nucleoplasm
Q96GA3	LTV1		Cytosol
Q9NQ29	LUC7L		Nucleoplasm
Q9Y383	LUC7L2		Nucleoplasm
O95232	LUC7L3		Nuclear speckles
Q96LR2	LURAP1		Cytosol
Q8IV03	LURAP1L		Nucleoli
Q86V48	LUZP1		Actin filaments
Q86TE4	LUZP2	Secreted in brain	Nucleoplasm, Cytosol
Q9BS40	LXN		Nucleoplasm, Cytosol
Q17RY6	LY6K	Secreted in male reproductive system	Plasma membrane, Acrosome, Mid piece
O60449	LY75		Golgi apparatus
Q9HBG7	LY9	Secreted - unknown location	Plasma membrane
Q9Y6Y9	LY96	Secreted to blood	Vesicles
Q9NX58	LYAR		Nucleoli rim
P12980	LYL1		Nucleoplasm
P07948	LYN		Plasma membrane
Q8N2G4	LYPD1	Intracellular and membrane	Nucleoplasm, Vesicles
O95274	LYPD3		Endoplasmic reticulum, Vesicles
Q6UWN5	LYPD5		Nucleoplasm, Cytosol
Q86Y78	LYPD6	Secreted in other tissues	Cytosol
O75608	LYPLA1		Nucleoplasm, Cytosol
O95372	LYPLA2		Nucleoplasm, Cytosol
Q5VWZ2	LYPLAL1		Cytosol
O43325	LYRM1		Nucleoplasm
Q9NU23	LYRM2		Cytosol
Q9HD34	LYRM4		Nuclear bodies
Q96S90	LYSMD1		Nucleoplasm
Q8IV50	LYSMD2		Mitochondria
Q7Z3D4	LYSMD3		Cytosol
Q5XG99	LYSMD4		Cytosol
Q99698	LYST		Nucleoplasm
P61626	LYZ	Secreted to blood	Golgi apparatus, Actin filaments
Q96KX0	LYZL4	Secreted in male reproductive system	End piece
Q8WZA0	LZIC		Nucleoplasm
Q9NQ48	LZTFL1		Cytosol
Q8N653	LZTR1		Nucleoplasm
	LZTS1		Plasma membrane
Q9BRK4	LZTS2		Plasma membrane, Cytosol
O60299	LZTS3		Vesicles
Q8TC57	M1AP		Mitochondria
Q13394	MAB21L1		Nucleoplasm
Q9Y586	MAB21L2		Nucleoplasm
Q8N8X9	MAB21L3		Nucleoplasm
Q08AI8	MAB21L4		Nucleoplasm, Golgi apparatus
Q6ZN28	MACC1		Mitochondria
O94854	MACF1		Plasma membrane, Actin filaments
Q9UPN3	MACF1		Plasma membrane, Actin filaments
Q96GV9	MACIR		Nucleoplasm, Actin filaments
Q8N5G2	MACO1		Cytosol
Q9BQ69	MACROD1		Nucleoplasm
A1Z1Q3	MACROD2		Nucleoplasm, Nucleoli
O75367	MACROH2A1		Nucleoplasm
Q9P0M6	MACROH2A2		Nucleoplasm
Q9Y6D9	MAD1L1		Nucleoplasm, Nuclear membrane
Q13257	MAD2L1		Nucleoplasm
Q15013	MAD2L1BP		Nucleoplasm, Nucleoli
Q9UI95	MAD2L2		Nucleoplasm
Q8WXG6	MADD		Plasma membrane, Cytosol
Q7L5Y9	MAEA		Nucleoplasm
O75444	MAF		Nucleoplasm, Nuclear bodies
Q9H063	MAF1		Nucleoplasm
Q9Y5Q3	MAFB		Nucleoplasm
Q9ULX9	MAFF		Nucleoplasm
O60675	MAFK		Nucleoplasm
P20916	MAG		Equatorial segment, Perinuclear theca
P43355	MAGEA1		Cytosol
P43363	MAGEA10		Nucleoplasm
P43364	MAGEA11		Nucleoplasm, Nuclear bodies
P43358	MAGEA4		Nuclear speckles
P43362	MAGEA9		Nucleoplasm, Golgi apparatus
	MAGEA9B		Nucleoplasm, Golgi apparatus
A2A368	MAGEB16		Nucleoplasm
A8MXT2	MAGEB17		Nucleoplasm
O15479	MAGEB2		Cytosol
O60732	MAGEC1		Nucleoplasm, Cytosol
Q9UBF1	MAGEC2		Nucleoplasm
Q9Y5V3	MAGED1		Cytosol
Q9UNF1	MAGED2		Nucleoplasm, Nucleoli, Cytosol
Q96JG8	MAGEE1		Cytosol
Q9HCI5	MAGEE1		Cytosol
Q9HAY2	MAGEF1		Actin filaments
Q9H213	MAGEH1		Nucleoli, Nucleoli rim
	MAGI1		Cell Junctions
Q5TCQ9	MAGI3		Cell Junctions
Q9H6Y5	MAGIX		Nucleoplasm
P61326	MAGOH		Nucleoplasm
Q8WWC4	MAIP1		Mitochondria
P20794	MAK		Nucleoplasm, Basal body, Cytosol, Connecting piece
Q9BXY0	MAK16		Nucleoli, Vesicles
P21145	MAL		Golgi apparatus
P58753	MAL		Golgi apparatus
Q969V6	MAL		Golgi apparatus
Q5VYJ5	MALRD1		Golgi apparatus
Q96EH3	MALSU1		Mitochondria
Q9UDY8	MALT1		Nucleoli fibrillar center
Q7Z304	MAMDC2	Secreted in other tissues	Nuclear speckles, Plasma membrane
Q6UXC1	MAMDC4		Nucleoplasm
Q92585	MAML1		Nucleoplasm
Q8IZL2	MAML2		Nuclear bodies
Q96JK9	MAML3		Nuclear speckles
Q13495	MAMLD1		Nucleoplasm
Q6ZN01	MAMSTR		Nuclear speckles
P33908	MAN1A1		Golgi apparatus
O60476	MAN1A2		Golgi apparatus
Q9UKM7	MAN1B1		Vesicles
Q9NR34	MAN1C1		Nucleoplasm, Vesicles
Q16706	MAN2A1		Golgi apparatus
P49641	MAN2A2		Cytoplasmic bodies
O00754	MAN2B1	Intracellular and membrane	Nucleoplasm, Vesicles
O00462	MANBA		Vesicles
Q9NQG1	MANBAL		Mitochondria
Q5SRI9	MANEA		Golgi apparatus
Q5VSG8	MANEAL	Intracellular and membrane	Golgi apparatus
P55145	MANF	Secreted to blood	Endoplasmic reticulum
Q9H8J5	MANSC1		Vesicles
P21397	MAOA		Mitochondria
P78559	MAP1A		Cytosol
P46821	MAP1B		Cytosol
Q9H492	MAP1LC3A		Vesicles
Q9GZQ8	MAP1LC3B		Vesicles
A6NCE7	MAP1LC3B2		Vesicles
Q9BXW4	MAP1LC3C		Cytoplasmic bodies
Q66K74	MAP1S		Cytosol, Principal piece
P11137	MAP2		Cytosol
Q02750	MAP2K1		Plasma membrane, Cytosol
P36507	MAP2K2		Cytosol
P46734	MAP2K3		Nucleoplasm, Cytosol
P45985	MAP2K4		Nucleoplasm
Q13163	MAP2K5		Microtubules, Primary cilium
P52564	MAP2K6		Nucleoplasm
O14733	MAP2K7		Plasma membrane, Cytosol
Q13233	MAP3K1		Cytosol
Q02779	MAP3K10		Nucleoplasm, Actin filaments, Cytosol
Q16584	MAP3K11		Centriolar satellite, Cytosol
Q12852	MAP3K12		Nucleoplasm, Plasma membrane
O43283	MAP3K13		Centriolar satellite
Q99558	MAP3K14		Vesicles, Cytosol
Q6ZN16	MAP3K15		Vesicles
Q56UN5	MAP3K19		Cytosol
Q9Y2U5	MAP3K2		Nucleoplasm, Cytosol
Q9NYL2	MAP3K20		Cytosol
Q5TCX8	MAP3K21		Plasma membrane, Cytosol
Q99759	MAP3K3		Nucleoplasm
Q9Y6R4	MAP3K4		Cytosol
Q99683	MAP3K5		Cytosol
O95382	MAP3K6		Nucleoplasm
O43318	MAP3K7		Cytosol
P57077	MAP3K7CL		Nucleoplasm
P41279	MAP3K8		Cytosol
P80192	MAP3K9	Intracellular and membrane	Nucleoplasm, Nucleoli
P27816	MAP4		Plasma membrane, Microtubules, Primary cilium, Cytosol
Q92918	MAP4K1		Plasma membrane
	MAP4K2		Vesicles
Q8IVH8	MAP4K3		Centriolar satellite
Q9Y4K4	MAP4K5		Cytosol
Q9H9H5	MAP6D1		Cytosol
Q14244	MAP7		Cytosol
Q96T17	MAP7D2		Nucleoplasm
Q8IWC1	MAP7D3		Plasma membrane, Centrosome
Q49MG5	MAP9		Primary cilium, Primary cilium transition zone
P28482	MAPK1		Nucleoplasm
P53779	MAPK10		Nucleoplasm
Q15759	MAPK11		Cytosol
P53778	MAPK12		Nuclear speckles
O15264	MAPK13		Nucleoplasm, Nucleoli, Nucleoli rim, Cytosol
Q16539	MAPK14		Nuclear speckles
Q8TD08	MAPK15		Nucleoplasm, Cytosol
Q8NDC0	MAPK1IP1L		Nucleoplasm, Cytosol
P27361	MAPK3		Nucleoplasm
P31152	MAPK4		Nucleoplasm, Golgi apparatus
Q16659	MAPK6		Cytosol
Q13164	MAPK7		Nucleoplasm, Cytosol
P45983	MAPK8		Nucleoplasm
Q9UQF2	MAPK8IP1		Plasma membrane
Q9UPT6	MAPK8IP3		Vesicles
P45984	MAPK9		Plasma membrane, Cytosol
Q9BPZ7	MAPKAP1		Nucleoplasm
P49137	MAPKAPK2		Nucleoplasm
Q16644	MAPKAPK3		Nucleoplasm
Q8IW41	MAPKAPK5		Nucleoplasm
O60336	MAPKBP1		Nucleoli, Nucleoli rim
Q15691	MAPRE1		Centrosome, Cytosol
P10636	MAPT	Secreted to blood	Plasma membrane, End piece
Q8TCQ1	MARCHF1		Vesicles
Q8NA82	MARCHF10		Plasma membrane, Cytosol
Q9P0N8	MARCHF2		Endoplasmic reticulum
Q86UD3	MARCHF3		Vesicles
Q9NX47	MARCHF5		Mitochondria
O60337	MARCHF6		Endoplasmic reticulum
Q9H992	MARCHF7		Plasma membrane, Cytosol
P29966	MARCKS		Plasma membrane
P49006	MARCKSL1		Plasma membrane
Q9UEW3	MARCO		Golgi apparatus
Q9Y4F3	MARF1		Golgi apparatus, Vesicles
Q7KZI7	MARK2		Plasma membrane
Q96L34	MARK4		Cytosol
P56192	MARS1		Cytosol
Q8N4S9	MARVELD2		Cell Junctions
Q96A59	MARVELD3		Vesicles
P35410	MAS1L		Plasma membrane
P48740	MASP1	Secreted to blood	Nucleoplasm, Cytosol
O00187	MASP2	Secreted to blood	Golgi apparatus
Q7Z460	MAST1		Vesicles
Q9Y2H9	MAST1		Vesicles
Q6P0Q8	MAST2		Cytosol
O60307	MAST3		Nuclear speckles
O15021	MAST4		Nucleoplasm, Cytosol
Q96GX5	MASTL		Nucleoplasm
Q00266	MAT1A		Nucleoplasm
P31153	MAT2A		Nucleoplasm
Q9NZL9	MAT2B		Plasma membrane
Q68EN5	MATCAP1		Nucleoplasm, Vesicles
Q8NCT3	MATCAP2		Nucleoplasm
P42679	MATK		Microtubules
O15232	MATN3	Secreted to extracellular matrix	Endoplasmic reticulum, Golgi apparatus, Vesicles
P43243	MATR3		Nucleoplasm
P43243	MATR3		Nucleoplasm
Q9Y6X3	MAU2		Nucleoplasm
Q7Z434	MAVS		Mitochondria
P61244	MAX		Nucleoplasm
P56270	MAZ		Nucleoplasm
Q8IYB1	MB21D2		Cytosol
Q9UIS9	MBD1		Nucleoplasm, Vesicles
Q9UBB5	MBD2		Nucleoplasm
O95983	MBD3		Nucleoplasm
Q8NHZ7	MBD3L2		Nucleoplasm, Nucleoli
A0A1B0GVZ6	MBD3L2B		Nucleoplasm, Nucleoli
A6NE82	MBD3L3		Nucleoplasm, Nucleoli
A6NDZ8	MBD3L4		Nucleoplasm, Nucleoli
A6NJ08	MBD3L5		Nucleoplasm, Nucleoli
O95243	MBD4		Nuclear speckles
Q9P267	MBD5		Nucleoplasm
Q96DN6	MBD6		Nucleoplasm
Q9NS73	MBIP		Cytosol
Q68D91	MBLAC2		Mitochondria
Q9NR56	MBNL1		Nucleoplasm
Q5VZF2	MBNL2		Nucleoplasm
Q9NUK0	MBNL3		Nucleoplasm
Q6ZWT7	MBOAT2		Vesicles
Q96T53	MBOAT4		Golgi apparatus
Q96N66	MBOAT7		Cytosol
P02686	MBP		Plasma membrane
P13727	MBP		Plasma membrane
Q05BQ5	MBTD1		Nucleoplasm
O43462	MBTPS2		Nucleoplasm, Mitochondria, Cytosol
P33032	MC5R		Plasma membrane
P43121	MCAM		Plasma membrane
Q8IVS2	MCAT		Mitochondria
P23508	MCC		Nucleoplasm
Q96RQ3	MCCC1		Mitochondria
Q9HCC0	MCCC2		Mitochondria
Q96PE7	MCEE		Nucleoli
Q8IX19	MCEMP1		Plasma membrane
P10911	MCF2		Plasma membrane, Cytosol
Q86YR7	MCF2L2		Centriolar satellite, Cytosol
Q969V1	MCHR2		Plasma membrane
D6RGH6	MCIDAS		Nuclear bodies
Q07820	MCL1		Mitochondria
Q7L590	MCM10		Nucleoplasm, Nucleoli
P33993	MCM2		Nucleoplasm
P25205	MCM3		Nucleoplasm
O60318	MCM3AP		Nuclear membrane, Cytosol
P33991	MCM4		Nucleoplasm
P33992	MCM5		Nucleoplasm
Q14566	MCM6		Nucleoplasm
	MCM7		Nucleoplasm
Q9UJA3	MCM8		Nucleoplasm
Q9NXL9	MCM9		Nucleoplasm
Q9BTE3	MCMBP		Nucleoplasm
Q4G0Z9	MCMDC2		Actin filaments
Q9GZU1	MCOLN1		Plasma membrane
C9JLW8	MCRIP1		Cytosol
Q96EZ8	MCRS1		Nucleoplasm
Q6DN14	MCTP1		Golgi apparatus
Q6DN12	MCTP2		Nucleoplasm, Cytosol
Q9ULC4	MCTS1		Cytosol
A0A3B3IRV3	MCTS2		Cytosol
Q8NE86	MCU		Mitochondria
Q9NWR8	MCUB		Mitochondria
Q14676	MDC1		Nucleoplasm, Nuclear bodies
Q99750	MDFI		Nucleoplasm
Q9P1T7	MDFIC	Intracellular and membrane	Nucleoplasm, Golgi apparatus
Q8NFP4	MDGA1	Intracellular and membrane	Plasma membrane
P40925	MDH1		Centrosome, Cytosol
P40926	MDH2		Mitochondria
P21741	MDK	Secreted to blood	Vesicles
Q8TC05	MDM1		Centriolar satellite, Cytosol
Q00987	MDM2		Nucleoplasm, Cytosol
O15151	MDM4		Nucleoplasm
Q9NU22	MDN1		Nucleoli, Cytosol
P54098	MDP1		Nucleoplasm
Q86V88	MDP1		Nucleoplasm
P48163	ME1		Nucleoplasm, Plasma membrane
P23368	ME2		Mitochondria
Q16626	MEA1		Nucleoplasm, Cytosol
Q9HAF1	MEAF6		Nuclear bodies
Q6P9B6	MEAK7		Cytosol
Q03112	MECOM		Nuclear speckles
P51608	MECP2		Nucleoplasm
Q9BV79	MECR		Mitochondria
Q15648	MED1		Nucleoplasm
Q9BTT4	MED10		Nucleoplasm
Q9P086	MED11		Nucleoplasm, Nuclear bodies
Q93074	MED12		Nucleoplasm
Q86YW9	MED12L		Nucleoli
Q9UHV7	MED13		Nucleoplasm
Q71F56	MED13L		Nucleoplasm
O60244	MED14		Nucleoplasm
Q96RN5	MED15		Nucleoplasm
Q9Y2X0	MED16		Nucleoli
Q9NVC6	MED17		Nuclear speckles
Q9BUE0	MED18		Nucleoplasm
A0JLT2	MED19		Nuclear bodies
Q13503	MED21		Nucleoplasm
Q15528	MED22		Nucleoplasm
Q9ULK4	MED23		Nucleoplasm
Q71SY5	MED25		Nucleoplasm
Q9NWA0	MED25		Nucleoplasm
O95402	MED26		Nucleoplasm
Q6P2C8	MED27		Nucleoplasm, Nucleoli
Q9H204	MED28		Nucleoplasm
Q9NX70	MED29		Nucleoplasm
Q96HR3	MED30		Nucleoplasm
Q9Y3C7	MED31		Nucleoplasm
Q9NPJ6	MED4		Nucleoplasm
O75586	MED6		Nucleoplasm
O43513	MED7		Nuclear bodies
Q96G25	MED8		Nucleoplasm
	MED9		Nucleoplasm
Q02078	MEF2A		Nucleoplasm
Q02080	MEF2B		Nucleoplasm, Cytosol
Q06413	MEF2C		Nucleoplasm, Vesicles
Q14814	MEF2D		Nucleoplasm
O15553	MEFV		Plasma membrane
Q96KG7	MEGF10	Intracellular and membrane	Plasma membrane
O75095	MEGF6	Secreted to blood	Microtubules
Q9H1U4	MEGF9		Nucleoplasm
A2RUB1	MEIOC		Cell Junctions
C9JSJ3	MEIOSIN		Nucleoplasm
O00470	MEIS1		Nucleoplasm
O14770	MEIS2		Nucleoplasm
Q99687	MEIS3		Nucleoplasm
Q9Y316	MEMO1		Vesicles
O00255	MEN1		Nucleoplasm
P50221	MEOX1		Nucleoplasm
Q7L2J0	MEPCE		Nucleoplasm
Q12866	MERTK		Plasma membrane
Q14696	MESD	Intracellular and membrane	Endoplasmic reticulum
Q9BRJ9	MESP1		Nucleoplasm
Q5EB52	MEST	Intracellular and membrane	Golgi apparatus, Cytosol
P08581	MET	Secreted to blood	Plasma membrane
Q9NWH9	MET	Secreted to blood	Plasma membrane
P53582	METAP1		Cytosol
Q6UB28	METAP1D		Vesicles
P50579	METAP2		Plasma membrane, Cytosol
Q9UJH8	METRN	Secreted in brain	Nuclear membrane
Q9UBP6	METTL1		Nucleoplasm
Q8N6R0	METTL13		Cytosol
Q9HCE5	METTL14		Nucleoplasm
Q86W50	METTL16		Nucleoplasm
Q9H7H0	METTL17		Nucleoplasm
O95568	METTL18		Nucleoplasm
Q8WXB1	METTL21A		Nucleoplasm
Q9BUU2	METTL22		Nucleoli rim
Q86XA0	METTL23		Vesicles
Q8N6Q8	METTL25		Plasma membrane, Mitochondria, Cytosol
Q96FB5	METTL25B		Nucleoli
Q96S19	METTL26		Golgi apparatus
Q8N6F8	METTL27		Mitochondria, Cytosol
Q86U44	METTL3		Nucleoplasm, Cytosol
Q8N3J2	METTL4		Mitochondria
Q9NRN9	METTL5		Nucleoli, Nucleoli fibrillar center
Q8TCB7	METTL6		Vesicles
Q9H8H3	METTL7A		Lipid droplets
Q6UX53	METTL7B		Microtubules
Q9H825	METTL8		Cytosol
Q9H1A3	METTL9	Intracellular and membrane	Nucleoplasm, Cell Junctions
A1L020	MEX3A		Cytosol
Q6ZN04	MEX3B		Nucleoplasm, Cytosol
Q5U5Q3	MEX3C		Vesicles
P55081	MFAP1		Nucleoplasm
P55082	MFAP3		Golgi apparatus
O75121	MFAP3L	Intracellular and membrane	Nucleoplasm
P55083	MFAP4	Secreted to extracellular matrix	Endoplasmic reticulum
Q9GZY8	MFF		Mitochondria
Q08431	MFGE8	Secreted to blood	Cytosol
Q9Y4C4	MFHAS1		Nucleoplasm
Q8IWA4	MFN1		Mitochondria
O95140	MFN2		Mitochondria
O00587	MFNG	Intracellular and membrane	Vesicles
Q9H3U5	MFSD1		Plasma membrane
Q14728	MFSD10		Nuclear membrane
Q14CX5	MFSD13A		Golgi apparatus, Cytosol
Q96MC6	MFSD14A		Vesicles
Q5SR56	MFSD14B		Nucleoplasm, Cytosol
Q8NA29	MFSD2A		Plasma membrane, Cytosol
Q96ES6	MFSD3		Vesicles
Q6ZSS7	MFSD6		Nucleoplasm, Cytosol
Q8NHS3	MFSD8		Vesicles
Q8NBP5	MFSD9		Nucleoli, Nucleoli rim
O43451	MGA		Nucleoplasm
Q8IWI9	MGA		Nucleoplasm
Q2M2H8	MGAM2		Vesicles
Q8TDB4	MGARP		Mitochondria
Q10469	MGAT2		Golgi apparatus
Q9UM21	MGAT4A	Secreted to blood	Golgi apparatus
Q9UQ53	MGAT4B		Nucleoplasm
Q9UBM8	MGAT4C		Vesicles, Plasma membrane
Q3V5L5	MGAT5B		Nucleoplasm, Mitotic spindle
Q99685	MGLL		Vesicles
Q9BQP7	MGME1		Mitochondria
P16455	MGMT		Nucleoplasm
O60291	MGRN1		Vesicles
P10620	MGST1		Mitochondria
Q99735	MGST2		Cytosol
O14880	MGST3		Nucleoplasm
Q96PC5	MIA2	Intracellular and membrane	Endoplasmic reticulum
Q5JRA6	MIA3		Vesicles
Q86YT6	MIB1		Microtubules, Primary cilium
Q8TDZ2	MICAL1		Nucleoplasm, Primary cilium, Cytosol
O94851	MICAL2		Cytosol
Q7RTP6	MICAL3		Nucleoplasm, Midbody ring
Q8N3F8	MICALL1		Cell Junctions, Centriolar satellite, Cytosol
Q29980	MICB		Golgi apparatus, Plasma membrane
Q5TGZ0	MICOS10		Mitochondria
Q5XKP0	MICOS13		Mitochondria
Q9BPX6	MICU1		Mitochondria
Q8IYU8	MICU2		Nucleoplasm
O15344	MID1		Centriolar satellite
P29372	MID1		Centriolar satellite
Q6PJG2	MIDEAS		Nucleoplasm
Q504T8	MIDN		Nucleoplasm
L0R8F8	MIEF1		Intermediate filaments, Mitochondria
Q9NQG6	MIEF1		Intermediate filaments, Mitochondria
Q9BRT3	MIEN1		Plasma membrane, Cytosol
Q8N108	MIER1	Intracellular and membrane	Nucleoplasm
Q8N344	MIER2		Nucleoplasm, Cytosol
Q7Z3K6	MIER3		Nucleoplasm
P14174	MIF	Secreted to blood	Cytosol
A9UHW6	MIF4GD		Nucleoli
Q8NAN2	MIGA1		Mitochondria
Q7L4E1	MIGA2		Cytosol
Q5JXC2	MIIP		Nucleoplasm
Q9UPX6	MINAR1		Golgi apparatus
Q8N5J2	MINDY1		Nucleoplasm
Q8NBR6	MINDY2		Nucleoplasm
Q9H8M7	MINDY3		Nucleoplasm, Nuclear membrane
Q4G0A6	MINDY4		Vesicles, Cytosol
Q9NXC5	MIOS		Nucleoplasm
Q99797	MIPEP		Mitochondria
Q8TD10	MIPOL1		Cytosol
Q9NYP9	MIS18A		Nucleoplasm, Cytosol
Q6P0N0	MIS18BP1		Nucleoli
Q8IVT2	MISP		Plasma membrane, Focal adhesion sites
Q8WV92	MITD1		Vesicles
Q4VC31	MIX23		Mitochondria
Q9H2W2	MIXL1		Nucleoplasm
P46013	MKI67		Nucleoli rim
Q9NPJ1	MKKS		Centrosome, Basal body
Q9UL63	MKLN1		Plasma membrane, Cytosol
Q9BUB5	MKNK1		Nucleoplasm
Q9HBH9	MKNK2		Nuclear bodies
Q9UHC7	MKRN1		Nucleoplasm, Cytosol
Q9H000	MKRN2		Nucleoplasm, Cytosol
H3BPM6	MKRN2OS		Golgi apparatus
Q13064	MKRN3		Plasma membrane, Cytosol
Q9NXB0	MKS1		Nucleoplasm, Nucleoli, Basal body
Q8IYA7	MKX		Nucleoplasm, Nuclear speckles
P12829	MLC1		Cytosol
Q15049	MLC1		Cytosol
P58340	MLF1		Nucleoplasm, Centrosome, Basal body, Mid piece, Principal piece, End piece
Q15773	MLF2		Nucleoplasm
P40692	MLH1		Nucleoplasm
Q9UHC1	MLH3		Nucleoplasm
Q5VWP3	MLIP		Nucleoplasm, Plasma membrane
Q8NB16	MLKL		Plasma membrane
Q03111	MLLT1		Nucleoplasm
P55197	MLLT10		Nucleoplasm
Q13015	MLLT11		Nucleoplasm, Cytosol
P42568	MLLT3		Nucleoplasm
P55198	MLLT6		Nucleoplasm
O43193	MLNR		Plasma membrane, Cytosol
Q9BVC4	MLST8		Nucleoplasm
Q9UH92	MLX		Nucleoplasm
Q9NP71	MLXIPL		Nucleoplasm
Q8IVH4	MMAA		Cytosol
Q9GIP4	MMAA		Cytosol
Q96EY8	MMAB		Mitochondria
Q9Y4U1	MMACHC		Nucleoplasm
Q15546	MMD		Vesicles
P08473	MME		Plasma membrane, Centrosome, Basal body
P03956	MMP1	Secreted to extracellular matrix	Vesicles
P09238	MMP10	Secreted to extracellular matrix	Cytosol
P24347	MMP11	Secreted to extracellular matrix	Golgi apparatus
P50281	MMP14		Cytosol
P51511	MMP15		Plasma membrane, Cytosol
P51512	MMP16	Secreted to extracellular matrix	Cytosol
Q99542	MMP19	Secreted to extracellular matrix	Endoplasmic reticulum, Vesicles
P08253	MMP2	Secreted to extracellular matrix	Vesicles
Q9Y5R2	MMP24	Secreted to extracellular matrix	Nucleoli, Plasma membrane
Q9H239	MMP25	Secreted to blood	Plasma membrane
Q9NPA2	MMP25	Secreted to blood	Plasma membrane
P08254	MMP3	Secreted to extracellular matrix	Vesicles
P09237	MMP7	Secreted to extracellular matrix	Nucleoplasm, Vesicles
P22894	MMP8	Secreted to extracellular matrix	Vesicles
P14780	MMP9	Secreted to blood	Cytosol
Q13201	MMRN1	Secreted to extracellular matrix	Endoplasmic reticulum
	MMRN2	Secreted to extracellular matrix	Vesicles
Q96T76	MMS19		Nucleoplasm
Q6ZRQ5	MMS22L		Nucleoplasm
P22033	MMUT		Cytosol
Q10571	MN1		Nucleoplasm
P51948	MNAT1		Nucleoplasm
P41218	MNDA		Nucleoplasm
Q8NEH6	MNS1		Nucleoplasm, Nuclear speckles, Primary cilium, End piece
Q99583	MNT		Nucleoplasm
P50219	MNX1		Nucleoplasm
Q96BY2	MOAP1		Nucleoplasm
Q9H8S9	MOB1A		Nucleoli
Q7L9L4	MOB1B		Nucleoplasm, Nucleoli
Q70IA6	MOB2		Nucleoli
Q96BX8	MOB3A		Intermediate filaments, Cytosol
Q86TA1	MOB3B		Intermediate filaments, Cytosol
Q70IA8	MOB3C		Intermediate filaments, Cytosol
Q13875	MOBP		Cytoplasmic bodies
Q96EN8	MOCOS		Mitochondria
Q9NZB8	MOCS1		Cytosol
O96007	MOCS2		Cytosol
O96033	MOCS2		Cytosol
Q96PD6	MOGAT1		Cytosol
Q13724	MOGS		Endoplasmic reticulum
Q9UQ07	MOK		Endoplasmic reticulum
Q86VX9	MON1A		Cytosol
Q7L1V2	MON1B		Cytosol
Q7Z3U7	MON2		Nucleoplasm, Nucleoli fibrillar center
Q9Y6X9	MORC2		Nucleoplasm
Q14149	MORC3		Nucleoplasm
Q8TE76	MORC4		Nucleoplasm
Q9UBU8	MORF4L1		Nuclear speckles
Q15014	MORF4L2		Nucleoplasm
Q5T089	MORN1		Nucleoplasm, Mitochondria
Q502X0	MORN2		Nucleoplasm
Q6PF18	MORN3		Nucleoplasm
Q9UJG1	MOSPD1		Nucleoplasm, Vesicles
Q8NHP6	MOSPD2		Endoplasmic reticulum
O75425	MOSPD3		Cytosol
Q9HCE1	MOV10		Cytosol
Q6UVY6	MOXD1		Cytosol
Q9Y5U8	MPC1		Mitochondria
O75352	MPDU1		Endoplasmic reticulum
O75970	MPDZ		Centriolar satellite
	MPG		Nucleoplasm
O00566	MPHOSPH10		Nucleoli, Nucleoli rim
Q99547	MPHOSPH6		Nucleoplasm, Nucleoli
Q99549	MPHOSPH8		Nucleoplasm
Q99550	MPHOSPH9		Plasma membrane, Cytosol
P34949	MPI		Cytosol
O95866	MPIG6B	Intracellular and membrane	Golgi apparatus
P40238	MPL		Plasma membrane
Q8TAP9	MPLKIP		Nucleoplasm
Q8N594	MPND		Nucleoli rim
P05164	MPO	Intracellular and membrane	Vesicles
Q00013	MPP1		Plasma membrane
	MPP3		Nucleoplasm, Cytosol
Q96JB8	MPP4		Cytosol
Q5T2T1	MPP7		Cell Junctions
Q53F39	MPPE1		Nucleoplasm, Golgi apparatus
Q15777	MPPED2		Nucleoli
Q6WCQ1	MPRIP		Actin filaments
P25325	MPST		Mitochondria
Q2QL34	MPV17L		Vesicles
O95297	MPZL1		Vesicles, Plasma membrane
O60487	MPZL2		Cell Junctions
Q6UWV2	MPZL3		Golgi apparatus
Q8N490	MR1	Intracellular and membrane	Plasma membrane
Q95460	MR1	Intracellular and membrane	Plasma membrane
Q8TCY5	MRAP		Endoplasmic reticulum
O14807	MRAS		Cytosol
P49959	MRE11		Nucleoplasm
Q8N565	MREG		Vesicles
Q9Y605	MRFAP1		Nucleoplasm
Q9NV56	MRGBP		Nucleoplasm
Q96AM1	MRGPRF		Vesicles, Plasma membrane
Q9BV20	MRI1		Nucleoplasm, Cytosol
Q6IN84	MRM1		Mitochondria
Q9HC36	MRM3		Mitochondria
Q6NTE8	MRNIP		Plasma membrane, Cytosol
Q8NDA8	MROH1		Nucleoplasm
A6NES4	MROH2A		Cytosol
Q7Z745	MROH2B		Acrosome, Mid piece
A6NGR9	MROH6		Nucleoplasm
Q9H579	MROH8		Nucleoplasm
Q9BYD6	MRPL1		Mitochondria
Q7Z7H8	MRPL10		Mitochondria
Q9Y3B7	MRPL11		Mitochondria
P52815	MRPL12		Mitochondria
Q6P1L8	MRPL14		Mitochondria
P49406	MRPL15		Mitochondria
Q9P015	MRPL15		Mitochondria
Q9H0U6	MRPL18		Mitochondria
	MRPL19		Mitochondria
Q5T653	MRPL2		Mitochondria
Q9BZE1	MRPL2		Mitochondria
Q9BYC9	MRPL20		Mitochondria
Q7Z2W9	MRPL21		Nucleoplasm, Mitochondria
Q9NWU5	MRPL22		Mitochondria
Q16540	MRPL23		Nucleoli fibrillar center, Mitochondria
Q13084	MRPL28		Mitochondria
Q8TCC3	MRPL28		Mitochondria
Q9BQ48	MRPL34		Mitochondria
	MRPL36		Mitochondria
	MRPL37		Mitochondria
Q96DV4	MRPL38		Mitochondria
Q9NYK5	MRPL39		Mitochondria
Q9NQ50	MRPL40		Mitochondria
Q8IXM3	MRPL41		Mitochondria
Q9Y6G3	MRPL42		Mitochondria
Q8N983	MRPL43		Nucleoplasm, Mitochondria
Q9H9J2	MRPL44		Mitochondria
Q9BRJ2	MRPL45		Mitochondria
Q9H2W6	MRPL46		Mitochondria
Q9HD33	MRPL47		Mitochondria
Q96GC5	MRPL48		Mitochondria
Q8N5N7	MRPL50		Mitochondria
Q4U2R6	MRPL51		Mitochondria
Q86TS9	MRPL52		Mitochondria
Q96EL3	MRPL53		Mitochondria
Q6P161	MRPL54		Mitochondria
Q9BQC6	MRPL57		Mitochondria
Q14197	MRPL58		Mitochondria
Q9BYD2	MRPL9		Mitochondria
P82664	MRPS10		Mitochondria
P82912	MRPS11		Mitochondria
O60783	MRPS14		Mitochondria
P82914	MRPS15		Mitochondria
Q9Y3D3	MRPS16		Mitochondria
Q9Y676	MRPS18B		Mitochondria
Q9Y399	MRPS2		Mitochondria
P82921	MRPS21		Mitochondria
P82650	MRPS22		Mitochondria
Q9Y3D9	MRPS23		Mitochondria
P82663	MRPS25		Mitochondria
Q9BYN8	MRPS26		Mitochondria
Q92552	MRPS27		Mitochondria
P82673	MRPS28		Mitochondria
Q9Y2Q9	MRPS28		Mitochondria
Q92665	MRPS31		Mitochondria
P82930	MRPS34		Mitochondria
	MRPS35		Mitochondria
P82909	MRPS36		Mitochondria
P82675	MRPS5		Mitochondria
P82932	MRPS6		Mitochondria
Q9Y2R9	MRPS7		Mitochondria
P82933	MRPS9		Mitochondria
Q96E11	MRRF		Microtubules, Cytokinetic bridge
	MRTFA		Nucleoplasm
Q9ULH7	MRTFB		Nuclear speckles
Q9UKD2	MRTO4		Nucleoplasm, Nuclear membrane
P11836	MS4A1		Plasma membrane
Q9NXJ0	MS4A12		Plasma membrane, Cytosol
Q96JA4	MS4A14		Nucleoplasm
Q8N5U1	MS4A15		Plasma membrane
Q96HJ5	MS4A3		Golgi apparatus
Q9H2W1	MS4A6A		Vesicles
Q96DS6	MS4A6E		Vesicles
Q6ZTZ1	MSANTD1		Nucleoplasm
Q6P1R3	MSANTD2		Mitochondria
Q96H12	MSANTD3		Nucleoplasm
Q8NCY6	MSANTD4		Nucleoplasm
O60682	MSC		Nucleoplasm
A6NI15	MSGN1		Acrosome, Equatorial segment, Mid piece
P43246	MSH2		Nucleoplasm
P20585	MSH3		Nuclear bodies
O15457	MSH4		Nucleoplasm
O43196	MSH5		Nucleoli fibrillar center
P52701	MSH6		Nucleoplasm, Golgi apparatus, Vesicles
O43347	MSI1		Nucleoplasm, Cytosol
Q96DH6	MSI2		Cytosol
Q68DK7	MSL1		Nucleoplasm
Q9HCI7	MSL2		Nucleoplasm, Cytosol
Q8N5Y2	MSL3		Nucleoplasm
Q13421	MSLN	Intracellular and membrane	Vesicles, Plasma membrane
Q15800	MSMO1		Endoplasmic reticulum
Q1L6U9	MSMP	Secreted in other tissues	Vesicles
P26038	MSN		Plasma membrane
Q9UJ68	MSRA		Nucleoplasm, Cytosol
Q9NZV6	MSRB1		Nucleoplasm
Q4VC12	MSS51		Vesicles
P26927	MST1	Secreted to blood	Vesicles
Q13043	MST1	Secreted to blood	Vesicles
Q04912	MST1R		Cytosol
Q9BUK6	MSTO1		Cytosol
P28360	MSX1		Nucleoplasm
P35548	MSX2		Nuclear speckles
P00395	MT-CO1		Mitochondria
P00156	MT-CYB		Mitochondria
P03897	MT-ND3		Cytosol
C0HME5	MT-ND4		Mitochondria
P03905	MT-ND4		Mitochondria
P03901	MT-ND4L		Mitochondria
P04732	MT1E		Nucleoplasm
Q13330	MTA1		Nucleoplasm
O94776	MTA2		Nucleoplasm
Q9BTC8	MTA3		Nucleoplasm
Q13126	MTAP		Cytosol
Q5VT66	MTARC1		Mitochondria
Q96DY7	MTBP		Nucleoplasm
Q9Y6C9	MTCH2		Mitochondria
P56278	MTCP1		Nucleoplasm
Q86UE4	MTDH		Endoplasmic reticulum
Q99551	MTERF1		Mitochondria
Q96E29	MTERF3		Mitochondria
Q7Z6M4	MTERF4		Mitochondria, Cytosol
Q01538	MTF1		Nucleoplasm
Q14872	MTF1		Nucleoplasm
Q9Y483	MTF2		Nucleoplasm
Q96DP5	MTFMT		Nucleoplasm
Q9UDX5	MTFP1		Mitochondria
Q15390	MTFR1		Mitochondria
Q9H019	MTFR1L		Mitochondria
Q6P444	MTFR2		Vesicles
Q9BT17	MTG1		Mitochondria
P11586	MTHFD1		Cytosol
Q6UB35	MTHFD1L		Mitochondria
P13995	MTHFD2		Mitochondria
P42898	MTHFR		Cell Junctions
P49914	MTHFS		Cytosol
Q2M296	MTHFSD		Nucleoplasm, Vesicles
P46199	MTIF2		Mitochondria
Q9H2K0	MTIF3		Mitochondria
Q13496	MTM1		Plasma membrane
Q13613	MTMR1		Vesicles
Q9NXD2	MTMR10		Nucleoplasm, Nuclear bodies
A4FU01	MTMR11		Centrosome
Q13614	MTMR2		Vesicles
Q13615	MTMR3		Nucleoplasm
Q9Y216	MTMR7		Nucleoplasm, Cytosol
Q96QG7	MTMR9		Centrosome
Q9Y2Z2	MTO1		Nucleoplasm
P42345	MTOR		Golgi apparatus, Cytosol
Q9NVV4	MTPAP		Mitochondria
P58546	MTPN		Plasma membrane, Cytosol
Q99707	MTR		Microtubules, Primary cilium
P42285	MTREX		Nucleoplasm
Q9H3J6	MTRFR		Nucleoplasm, Cytosol
Q9UBK8	MTRR		Nucleoplasm, Cytosol
O43312	MTSS1		Plasma membrane, Cytosol
Q765P7	MTSS2		Focal adhesion sites
P55157	MTTP	Intracellular and membrane	Endoplasmic reticulum, Cytosol
Q8N3F0	MTURN		Cytosol
Q9ULD2	MTUS1		Nucleoli, Microtubules
Q5JR59	MTUS2		Microtubules, Cytokinetic bridge
Q13505	MTX1		Mitochondria
O75431	MTX2		Mitochondria
Q5HYI7	MTX3		Mitochondria
P15941	MUC1	Secreted in other tissues	Plasma membrane
Q8N307	MUC20	Secreted to extracellular matrix	Nucleoplasm, Cytosol
Q02505	MUC3A	Intracellular and membrane	Cell Junctions
P98088	MUC5AC	Secreted to digestive system	Vesicles
Q9HC84	MUC5B	Secreted in other tissues	Vesicles
Q969V5	MUL1		Nucleoplasm, Mitochondria, Cytosol
Q96NY9	MUS81		Nucleoli fibrillar center
Q9UIF7	MUTYH		Nucleoplasm
Q96EY5	MVB12A		Vesicles
Q9H7P6	MVB12B		Vesicles
P53602	MVD		Cytosol
Q03426	MVK		Vesicles, Cytosol
Q14764	MVP		Cytosol
P20591	MX1		Nuclear membrane, Cytosol
Q05195	MXD1		Nucleoplasm, Mitochondria
Q9BW11	MXD3		Nucleoplasm, Nucleoli
Q14582	MXD4		Cytosol
P50539	MXI1		Nucleoplasm
Q9NR99	MXRA5	Secreted to extracellular matrix	Mitochondria
P84157	MXRA7		Endoplasmic reticulum
Q9BRK3	MXRA8		Nucleoli
Q96S97	MYADM		Nuclear speckles
P10242	MYB		Nucleoplasm
Q9BQG0	MYBBP1A		Nucleoli
P10243	MYBL1		Nucleoplasm
P10244	MYBL2		Nucleoplasm
Q13203	MYBPH		Nucleoplasm, Nucleoli, Mitochondria
A2RUH7	MYBPHL		Vesicles
P01106	MYC		Nucleoplasm
Q99417	MYCBP		Nucleoplasm
O75592	MYCBP2		Nucleoplasm
Q8TBZ2	MYCBPAP		Vesicles
P12524	MYCL		Nucleoplasm
P04198	MYCN		Nucleoli
Q8N699	MYCT1		Nucleoplasm
Q99836	MYD88		Cytosol
Q9P2K5	MYEF2		Nucleoplasm
Q96EZ4	MYEOV		Nucleoplasm
P13349	MYF5		Nucleoplasm
P23409	MYF6		Nucleoplasm
Q9HB07	MYG1		Nucleoplasm
P12882	MYH1		Focal adhesion sites
P35580	MYH10		Actin filaments
P35749	MYH11		Plasma membrane, Cytosol
Q7Z406	MYH14		Nucleoplasm
Q9Y2K3	MYH15		Cytosol
Q9UKX2	MYH2		Focal adhesion sites
Q9Y623	MYH4		Focal adhesion sites
P13533	MYH6		Focal adhesion sites
P12883	MYH7		Focal adhesion sites
P13535	MYH8		Focal adhesion sites
P35579	MYH9		Plasma membrane, Actin filaments
Q9BUA6	MYL10		Microtubules
P10916	MYL2		Microtubules
P08590	MYL3		Nucleoli, Mitochondria
	MYL4		Plasma membrane
Q02045	MYL5		Nucleoplasm, Nucleoli
Q15746	MYLK		Actin filaments
Q9H1R3	MYLK2		Endoplasmic reticulum
Q32MK0	MYLK3		Nucleoplasm
Q86YV6	MYLK4		Golgi apparatus
A0A1B0GTQ4	MYMX		Vesicles
Q9NPC7	MYNN		Nucleoplasm
Q9HD67	MYO10		Plasma membrane, Cytosol
Q96JP2	MYO15B		Cytosol
Q9Y6X6	MYO16		Vesicles
Q8IUG5	MYO18B		Nucleoplasm, Centrosome
Q96H55	MYO19		Mitochondria
Q9UBC5	MYO1A		Nucleoplasm
O43795	MYO1B		Plasma membrane
O00159	MYO1C		Nuclear bodies, Plasma membrane
Q12965	MYO1C		Nuclear bodies, Plasma membrane
O94832	MYO1D		Cytosol
	MYO1E		Nucleoplasm, Plasma membrane
O00160	MYO1F		Cytosol
B0I1T2	MYO1G		Plasma membrane
Q8NEV4	MYO3A		Actin filaments, Cytoplasmic bodies
Q9Y4I1	MYO5A		Focal adhesion sites, Centriolar satellite
Q9ULV0	MYO5B		Plasma membrane
Q9NQX4	MYO5C		Cytosol
Q9UM54	MYO6		Nucleoplasm
B2RTY4	MYO9A		Plasma membrane
Q13459	MYO9B		Cytosol
Q8IZQ8	MYOCD		Nucleoplasm
P15172	MYOD1		Nucleoplasm
Q9NZM1	MYOF		Vesicles, Plasma membrane, Centriolar satellite
P15173	MYOG		Nucleoplasm
P54296	MYOM2		Mitochondria
Q5VTT5	MYOM3		Vesicles
Q6NSJ0	MYORG		Mitochondria
Q9NPC6	MYOZ2		Nucleoplasm, Cytosol
Q86TC9	MYPN		Nucleoplasm
Q86VE0	MYPOP		Nucleoplasm
Q9Y2G1	MYRF		Nucleoplasm
Q96LU7	MYRFL	Intracellular and membrane	Nucleoli
Q8NFW9	MYRIP		Nucleoplasm, Nucleoli fibrillar center, Golgi apparatus
Q5VVJ2	MYSM1		Nucleoplasm
Q99640	MYT1		Nucleoplasm
Q9UL68	MYT1L		Vesicles
Q8WU39	MZB1	Secreted to blood	Golgi apparatus
P28698	MZF1		Nucleoplasm
Q6P582	MZT2A		Centrosome
Q6NZ67	MZT2B		Centrosome
O75113	N4BP1		Nucleoli fibrillar center
Q86UW6	N4BP2		Nucleoplasm
Q5TBK1	N4BP2L1		Cytosol
Q92802	N4BP2L2		Nucleoplasm
O15049	N4BP3		Nucleoplasm
Q9Y5N5	N6AMT1		Nucleoplasm
P41227	NAA10		Cytosol
Q9BSU3	NAA11		Golgi apparatus, Centrosome, Cytosol
Q9BXJ9	NAA15		Cytosol
Q6N069	NAA16		Cytosol
P61599	NAA20		Cytosol
Q14CX7	NAA25		Golgi apparatus, Cytosol
Q147X3	NAA30		Cytosol
Q5VZE5	NAA35		Nucleoplasm, Plasma membrane, Cytosol
Q9BRA0	NAA38		Nucleoplasm
Q86UY6	NAA40		Nucleoplasm
Q9GZZ1	NAA50		Nucleoli
Q9H7X0	NAA60		Actin filaments, Cytosol
Q9Y3Q0	NAALAD2		Nucleoplasm
Q9UQQ1	NAALADL1		Cytosol
Q58DX5	NAALADL2		Nucleoplasm
Q13506	NAB1		Nucleoplasm, Plasma membrane
Q15742	NAB2		Nucleoplasm, Cytosol
Q96AH0	NABP1		Nucleoplasm
Q9BQ15	NABP2		Nucleoplasm
E9PAV3	NACA		Cytosol
Q13765	NACA		Cytosol
Q9H009	NACA2		Cytosol
O15069	NACAD		Cytosol
Q96RE7	NACC1		Nucleoplasm
Q96BF6	NACC2		Nucleoli, Mitochondria
O95544	NADK		Nucleoplasm
Q4G0N4	NADK2		Mitochondria
Q6IA69	NADSYN1		Vesicles
Q13564	NAE1		Nucleoplasm
Q15025	NAF1		Nucleoplasm
Q96HR8	NAF1		Nucleoplasm
Q9UJ70	NAGK		Cytosol
Q8N159	NAGS	Intracellular and membrane	Mitochondria
Q69YI7	NAIF1		Nucleoplasm
Q8IZF0	NALCN		Microtubules, Primary cilium, Cytosol
P43490	NAMPT	Secreted to blood	Nuclear speckles
Q9H9S0	NANOG		Nucleoplasm
Q6NSW7	NANOGP8		Nucleoplasm
Q8WY41	NANOS1		Nucleoplasm, Cytosol
P60323	NANOS3		Nucleoplasm
Q8TBE9	NANP		Cytosol
Q9NR45	NANS		Nucleoplasm
P55209	NAP1L1		Microtubules
Q9ULW6	NAP1L2		Plasma membrane, Cytosol
Q99457	NAP1L3		Vesicles
Q99733	NAP1L4		Nucleoplasm
Q96NT1	NAP1L5		Nucleoplasm
O96009	NAPA		Cytosol
P54920	NAPA		Cytosol
Q9H115	NAPB		Cytosol
Q6IQ20	NAPEPLD		Cytosol
Q99747	NAPG		Plasma membrane
Q6XQN6	NAPRT		Golgi apparatus
Q8WVD3	NARF		Nucleoplasm
Q9UHQ1	NARF		Nucleoplasm
O43776	NARS1		Cytosol
Q96I59	NARS2		Mitochondria
P49321	NASP		Nucleoplasm
Q9H0A0	NAT10		Nucleoli
Q8WUY8	NAT14		Mitochondria
Q8N8M0	NAT16		Nucleoplasm
Q9UHE5	NAT8		Endoplasmic reticulum
Q9UHF3	NAT8B		Endoplasmic reticulum
Q8N9F0	NAT8L		Mitochondria
Q9BTE0	NAT9		Nucleoplasm
Q8NEY1	NAV1		Microtubules
Q8IVL1	NAV2		Nucleoplasm
Q8IVL0	NAV3		Nuclear membrane
Q8NCW5	NAXE	Secreted to blood	Nucleoplasm
A2RRP1	NBAS		Golgi apparatus
Q8NFP9	NBEA		Golgi apparatus
Q6ZS30	NBEAL1		Nucleoplasm
O60934	NBN		Nucleoplasm
Q3BBV0	NBPF1		Primary cilium, Cytosol
Q6P3W6	NBPF10		Primary cilium, Cytosol
Q86T75	NBPF11		Primary cilium, Cytosol
Q5TAG4	NBPF12		Primary cilium, Cytosol
Q5TI25	NBPF14		Primary cilium, Cytosol
Q8N660	NBPF15		Primary cilium, Cytosol
A0A087WUL8	NBPF19		Primary cilium, Cytosol
P0DPF2	NBPF20		Primary cilium, Cytosol
B4DH59	NBPF26		Primary cilium, Cytosol
Q9H094	NBPF3		Nucleoplasm, Cytosol
Q96M43	NBPF4		Nucleoplasm, Cytosol
Q5VWK0	NBPF6		Nucleoplasm, Cytosol
Q3BBV2	NBPF8		Primary cilium, Cytosol
P0DPF3	NBPF9		Cytosol
Q14596	NBR1		Vesicles
P13591	NCAM1	Secreted in other tissues	Plasma membrane
O15394	NCAM2		Nuclear bodies, Plasma membrane
Q15021	NCAPD2		Nucleoplasm, Cytosol
P42695	NCAPD3		Nucleoplasm
Q86XI2	NCAPG2		Nucleoplasm
Q15003	NCAPH		Cytosol
Q6IBW4	NCAPH2		Nucleoplasm
Q09161	NCBP1		Cytosol
P52298	NCBP2		Nucleoplasm
Q53F19	NCBP3		Nuclear speckles
Q6ZVX7	NCCRP1		Cytosol
Q9UBB6	NCDN		Cytosol
Q6PIU2	NCEH1		Endoplasmic reticulum
P19878	NCF2		Cytosol
Q15080	NCF4		Cytosol
P16333	NCK1		Plasma membrane, Cytosol
Q9Y2A7	NCKAP1		Cytosol
P55160	NCKAP1L		Cytosol
O14513	NCKAP5		Nucleoli
Q9NZQ3	NCKIPSD		Nucleoplasm
P19338	NCL		Nucleoplasm, Nucleoli, Nucleoli rim
Q969V3	NCLN		Lipid droplets
Q15788	NCOA1		Nucleoplasm, Cytosol
Q15596	NCOA2		Nucleoplasm, Nuclear bodies
Q9Y6Q9	NCOA3		Nucleoplasm
Q13772	NCOA4		Nucleoli
Q9HCD5	NCOA5		Nucleoplasm, Actin filaments
Q14686	NCOA6		Nucleoplasm
Q8NI08	NCOA7		Nucleoplasm, Nuclear bodies
O75376	NCOR1		Nucleoplasm
Q9Y618	NCOR2		Nucleoplasm
P62166	NCS1		Plasma membrane
Q92542	NCSTN		Cytosol
Q9BTX1	NDC1		Nuclear membrane
O14777	NDC80		Nucleoplasm, Nuclear speckles
Q9NV92	NDFIP2		Vesicles
Q99608	NDN		Nucleoplasm, Cytosol
Q8TB73	NDNF	Secreted in other tissues	Vesicles
Q9UHB4	NDOR1		Cytosol
Q00604	NDP	Secreted to extracellular matrix	Vesicles
	NDRG1		Cytosol, Connecting piece, Mid piece, Principal piece, End piece
Q9UN36	NDRG2		Centriolar satellite
Q9UGV2	NDRG3		Cytosol
Q9ULP0	NDRG4		Cytosol
P52849	NDST2		Cytosol
O15239	NDUFA1		Mitochondria, Cytosol
O95299	NDUFA10		Mitochondria
Q86Y39	NDUFA11		Mitochondria, End piece
Q9UI09	NDUFA12		Mitochondria
Q9P0J0	NDUFA13		Mitochondria
O43678	NDUFA2		Mitochondria
O00483	NDUFA4		Mitochondria
Q9NRX3	NDUFA4L2		Mitochondria
Q16718	NDUFA5		Mitochondria
P56556	NDUFA6		Nucleoplasm, End piece
O95182	NDUFA7		Mitochondria
P51970	NDUFA8		Mitochondria
Q16795	NDUFA9		Mitochondria
O14561	NDUFAB1		Mitochondria
Q9Y375	NDUFAF1		Mitochondria, Cytosol
Q8N183	NDUFAF2		Mitochondria
Q9P032	NDUFAF4		Mitochondria
A1L188	NDUFAF8		Mitochondria
O75438	NDUFB1		Mitochondria
Q9NX14	NDUFB11		Mitochondria
O95178	NDUFB2		Nucleoplasm
O95168	NDUFB4		Mitochondria
O43674	NDUFB5		Mitochondria
O95139	NDUFB6		Mitochondria
O95169	NDUFB8		Mitochondria
Q9Y6M9	NDUFB9		Mitochondria
O43677	NDUFC1		Mitochondria
O95298	NDUFC2		Mitochondria
E9PQ53	NDUFC2-KCTD14		Mitochondria
P28331	NDUFS1		Mitochondria
O75306	NDUFS2		Mitochondria
O75489	NDUFS3		Mitochondria
O43181	NDUFS4		Mitochondria
O00217	NDUFS8		Mitochondria
P49821	NDUFV1		Mitochondria
P19404	NDUFV2		Mitochondria
P56181	NDUFV3		Mitochondria
Q8N987	NECAB1		Nucleoplasm
Q96P71	NECAB3	Intracellular and membrane	Golgi apparatus
Q8NC96	NECAP1		Vesicles
Q9NVZ3	NECAP2		Endoplasmic reticulum
Q92692	NECTIN2		Vesicles
Q9NQS3	NECTIN3		Cell Junctions, Cytosol
Q96NY8	NECTIN4	Secreted in other tissues	Plasma membrane
Q8NHV4	NEDD1		Nucleoplasm, Centrosome
P46934	NEDD4		Nucleoplasm, Cytosol
Q15843	NEDD8		Nucleoplasm
	NEDD8-MDP1		Nucleoplasm
Q14511	NEDD9		Nucleoplasm, Cytosol
P12036	NEFH		Nuclear bodies, Centrosome, Basal body
P07196	NEFL		Nucleoplasm, Intermediate filaments
P07197	NEFM		Intermediate filaments
Q7Z3B1	NEGR1		Vesicles, Actin filaments, Cytosol
Q96FI4	NEIL1		Nucleoplasm
Q969S2	NEIL2		Nucleoplasm
Q8TAT5	NEIL3		Nucleoplasm
Q96PY6	NEK1		Nucleoplasm
Q6ZWH5	NEK10		Nucleoplasm, Vesicles
Q8NG66	NEK11		Nucleoplasm
P51955	NEK2		Nucleoplasm, Centrosome
P51956	NEK3		Microtubules
P51957	NEK4		Cytosol
Q6P3R8	NEK5		Nucleoplasm
Q9HC98	NEK6		Nucleoplasm, Cytosol
Q8TDX7	NEK7		Nucleoplasm
Q86SG6	NEK8		Microtubules
Q8TD19	NEK8		Microtubules
Q9H3P2	NELFA		Nucleoplasm
Q8WX92	NELFB		Nucleoplasm
Q8IXH7	NELFCD		Nucleoplasm, Nuclear bodies
P18615	NELFE		Nucleoplasm, Nuclear bodies
Q99435	NELL2	Secreted to blood	Vesicles
O60524	NEMF		Nucleoplasm, Cytosol
O14524	NEMP1		Nucleoplasm
A6NFY4	NEMP2		Nucleoplasm
Q92859	NEO1		Nucleoplasm, Plasma membrane
Q6NW34	NEPRO		Nucleoplasm, Nucleoli
P48681	NES		Intermediate filaments
P23975	NET1		Nucleoplasm
Q7Z628	NET1		Nucleoplasm
Q9Y345	NET1		Nucleoplasm
Q8TDF5	NETO1	Secreted in brain	Golgi apparatus
Q8NC67	NETO2		Golgi apparatus
Q99519	NEU1		Vesicles
Q9UQ49	NEU3		Nucleoplasm
A8MQ27	NEURL1B		Cytosol
Q9BR09	NEURL2		Vesicles
Q9HD90	NEUROD4		Nucleoplasm
Q92886	NEUROG1		Nucleoplasm
Q9Y4Z2	NEUROG3		Nuclear speckles
Q5QGS0	NEXMIF		Nucleoplasm
Q0ZGT2	NEXN		Plasma membrane, Actin filaments
P21359	NF1		Plasma membrane
P35240	NF2		Plasma membrane
Q8NET5	NFAM1		Plasma membrane, Cytosol
O94916	NFAT5		Nucleoplasm
O95644	NFATC1		Nuclear bodies
Q13469	NFATC2		Nucleoplasm, Cytosol
Q8NCF5	NFATC2IP		Nucleoplasm
Q12968	NFATC3		Nucleoplasm, Cytosol
Q14934	NFATC4		Nuclear speckles, Cytosol
Q16621	NFE2		Nucleoplasm, Actin filaments
Q14494	NFE2L1	Intracellular and membrane	Nucleoplasm
Q16236	NFE2L2		Nucleoplasm, Plasma membrane
Q9Y4A8	NFE2L3	Intracellular and membrane	Nucleoplasm, Vesicles
Q12857	NFIA		Nucleoplasm
O00712	NFIB		Nucleoplasm, Nucleoli fibrillar center
P08651	NFIC		Nucleoplasm, Nucleoli fibrillar center
Q16649	NFIL3		Nuclear bodies
Q14938	NFIX		Nucleoplasm
P19838	NFKB1		Nucleoplasm
Q00653	NFKB2		Nucleoplasm, Cytosol
P25963	NFKBIA		Cytosol
Q15653	NFKBIB		Nucleoplasm
Q8NI38	NFKBID		Cytosol
O00221	NFKBIE		Nucleoli fibrillar center
Q9UBC1	NFKBIL1		Nucleoplasm
Q9BYH8	NFKBIZ		Nuclear speckles
Q6P4R8	NFRKB		Nucleoplasm
Q9Y697	NFS1		Nucleoplasm, Cytosol
Q9UMS0	NFU1		Cytosol
Q12986	NFX1		Nucleoplasm
Q6ZNB6	NFXL1		Nucleoplasm
P23511	NFYA		Nucleoplasm
P25208	NFYB		Nucleoplasm
Q13952	NFYC		Nucleoplasm
Q9NPG2	NGB		Cytosol
Q8NEJ9	NGDN		Nucleoli, Mitochondria
Q8N5V2	NGEF		Plasma membrane, Cytosol
P08138	NGFR		Nucleoplasm, Plasma membrane
Q9NPE2	NGRN	Intracellular and membrane	Mitochondria
Q9H9Q4	NHEJ1		Nucleoplasm
Q02575	NHLH1		Golgi apparatus
Q02577	NHLH2		Nuclear bodies
Q6VVB1	NHLRC1		Nucleoplasm
Q8NBF2	NHLRC2		Nucleoplasm
P0CG21	NHLRC4		Mitochondria
Q6T4R5	NHS		Cell Junctions
Q5SYE7	NHSL1		Nuclear membrane
Q5HYW2	NHSL2		Plasma membrane, Cell Junctions
Q9BZQ8	NIBAN1		Plasma membrane, Cytosol
Q96TA1	NIBAN2		Plasma membrane, Cytosol
Q86XR2	NIBAN3		Cytosol
Q9BSH3	NICN1		Nucleoplasm
P14543	NID1	Secreted to extracellular matrix	Vesicles
Q14112	NID2	Secreted to extracellular matrix	Plasma membrane
Q9GZT8	NIF3L1		Vesicles
Q9BYG3	NIFK		Nucleoli, Nucleoli rim
Q8IY84	NIM1K		Cytosol
Q8N4C6	NIN		Centrosome, Basal body
Q9NZG7	NINJ2		Endoplasmic reticulum
Q9Y2I6	NINL		Vesicles, Primary cilium
Q9Y221	NIP7		Nucleoli
Q8N8Q9	NIPA2		Golgi apparatus
Q6NVV3	NIPAL1		Golgi apparatus
Q6P499	NIPAL3		Nucleoplasm
Q6KC79	NIPBL		Nucleoplasm
O75323	NIPSNAP2		Mitochondria
Q9Y2I1	NISCH		Nucleoplasm, Cytosol
Q86X76	NIT1		Mitochondria, Cytosol
Q9NQR4	NIT2		Cytosol
Q5VXU1	NKAIN2		Cytosol
Q8N5F7	NKAP		Nucleoplasm
Q6ZUT1	NKAPD1		Cytosol
Q5M9Q1	NKAPL		Golgi apparatus
Q969G9	NKD1		Nucleoli fibrillar center
Q16617	NKG7		Vesicles
Q9NYS0	NKIRAS1		Endoplasmic reticulum, Cytosol
Q9NYR9	NKIRAS2		Nucleoplasm, Nucleoli
Q17RQ9	NKPD1		Plasma membrane, Cytosol
O15226	NKRF		Nucleoli
P30414	NKTR		Nucleoplasm, Plasma membrane, Cytosol
Q15270	NKX1-1		Cytosol
Q9UD57	NKX1-2		Cytosol
P43699	NKX2-1		Golgi apparatus, Vesicles
Q8TAU0	NKX2-3		Nucleoli, Cytosol
Q9H2Z4	NKX2-4		Nuclear bodies
P52952	NKX2-5		Nucleoplasm
A6NCS4	NKX2-6		Nuclear membrane
O15522	NKX2-8		Nucleoplasm
Q99801	NKX3-1		Nucleoplasm, Cytosol
P78367	NKX3-2		Nucleoplasm
P78426	NKX6-1		Nucleoplasm
Q9NVX2	NLE1		Nucleoli
Q8N2Q7	NLGN1	Intracellular and membrane	Plasma membrane
Q8NFZ4	NLGN2		Mitochondria
Q9NZ94	NLGN3	Intracellular and membrane	Golgi apparatus, Cell Junctions
Q9UBE8	NLK		Nucleoplasm
Q9BYT8	NLN		Mitochondria
Q7RTR2	NLRC3		Cytosol
Q9NPP4	NLRC4		Cytosol
Q86WI3	NLRC5		Cytosol
Q9C000	NLRP1		Nucleoplasm, Cytosol
Q86W26	NLRP10		Nucleoplasm
P59045	NLRP11		Cytosol
Q86W24	NLRP14		Cytosol
Q9NX02	NLRP2		Golgi apparatus, Vesicles, Cytosol
Q96MN2	NLRP4		Mitochondria
P59047	NLRP5		Golgi apparatus
Q8WX94	NLRP7		Golgi apparatus
Q86UT6	NLRX1		Mitochondria
P08949	NMB	Secreted to blood	Golgi apparatus
Q14956	NMB	Secreted to blood	Golgi apparatus
P28336	NMBR		Plasma membrane, Cytosol
Q96D46	NMD3		Nucleoplasm, Nucleoli
P15531	NME1		Cytosol
	NME1-NME2		Cytosol
P22392	NME2		Cytosol
O00746	NME4		Mitochondria
P56597	NME5		Cytosol
O75414	NME6		Vesicles
Q9Y5B8	NME7		Nucleoplasm
Q8N427	NME8		Cytosol
Q86XW9	NME9		Cytosol
Q13287	NMI	Secreted to blood	Nucleoplasm, Cytosol
Q9HAN9	NMNAT1		Nucleoplasm, Nuclear bodies
Q9BZQ4	NMNAT2		Cytosol
Q96T66	NMNAT3		Mitochondria
Q9HBL8	NMRAL1		Nucleoplasm
Q9NWW6	NMRK1		Nucleoplasm, Cytosol
Q9NPI5	NMRK2		Nucleoplasm
P30419	NMT1		Cytosol
O60551	NMT2		Golgi apparatus, Plasma membrane, Cytosol
Q9GZQ4	NMUR2		Plasma membrane
P40261	NNMT		Golgi apparatus
Q13423	NNT		Mitochondria
Q8NC60	NOA1		Mitochondria
	NOB1		Cytosol
Q9Y3T9	NOC2L		Nucleoli, Nucleoli rim, Mitotic chromosome
Q8WTT2	NOC3L		Nucleoli, Nucleoli rim
Q9BVI4	NOC4L		Nucleoli
	NOCT		Nuclear bodies
Q9Y239	NOD1		Mitochondria
Q9HC29	NOD2		Golgi apparatus, Cytosol
Q9BSC4	NOL10		Nucleoli
Q9H8H0	NOL11		Nucleoli
Q9UGY1	NOL12		Nucleoli, Mitotic chromosome
	NOL3		Nucleoplasm, Cytosol
O94818	NOL4		Nucleoplasm
Q96MY1	NOL4L		Nucleoplasm
Q9H6R4	NOL6		Nucleoli
Q9UMY1	NOL7		Nucleoli, Mitotic chromosome
Q76FK4	NOL8		Nucleoli
Q5SY16	NOL9		Nucleoli
Q14978	NOLC1		Nucleoli fibrillar center
Q5C9Z4	NOM1		Nucleoli
Q15155	NOMO1		Endoplasmic reticulum
Q15233	NONO		Nucleoplasm
Q9NPE3	NOP10		Nuclear bodies
P78316	NOP14		Nucleoli
Q9Y3C1	NOP16		Nucleoli
P46087	NOP2		Nucleoli
Q9NZM5	NOP53		Nucleoli
O00567	NOP56		Nucleoli fibrillar center
Q9Y2X3	NOP58		Nucleoli fibrillar center
Q86U38	NOP9		Nucleoplasm
Q8N5I9	NOPCHAP1		Nucleoplasm
P29475	NOS1		Plasma membrane
O75052	NOS1AP		Nucleoplasm, Vesicles
Q9Y314	NOSIP		Nucleoplasm
Q8IVI9	NOSTRIN		Cytosol
P46531	NOTCH1		Nucleoplasm
Q04721	NOTCH2		Nucleoplasm, Plasma membrane
Q9UM47	NOTCH3		Nucleoplasm, Plasma membrane
A8MTQ0	NOTO		Nucleoplasm
Q6P988	NOTUM	Secreted in female reproductive system	Endoplasmic reticulum
P51513	NOVA1		Nucleoli
Q9UNW9	NOVA2		Golgi apparatus
Q9HBY0	NOX3		Vesicles
Q86UR1	NOXA1		Vesicles
Q6NXP6	NOXRED1		Vesicles
Q9NZP6	NPAP1		Nucleoplasm
Q99742	NPAS1		Nucleoplasm
Q99743	NPAS2		Nucleoplasm
Q8IXF0	NPAS3		Nucleoplasm
Q8IUM7	NPAS4		Nucleoplasm, Nuclear bodies
Q14207	NPAT		Nucleoplasm, Nuclear bodies
Q9NQX5	NPDC1		Nucleoplasm
Q8NDH3	NPEPL1		Nucleoplasm
P55786	NPEPPS		Cytosol
Q9Y5X5	NPFFR2		Plasma membrane
Q7Z494	NPHP3		Nucleoli, Primary cilium
O75161	NPHP4		Nucleoplasm
Q9UND3	NPIPA1		Nucleoplasm
E9PIF3	NPIPA2		Nucleoplasm
F8WFD2	NPIPA3		Nucleoplasm
E9PKD4	NPIPA5		Nucleoplasm
E9PJI5	NPIPA7		Nucleoplasm
P0DM63	NPIPA8		Nucleoplasm
A0A0B4J1W7	NPIPA9		Nucleoplasm
A0A0B4J1W7	NPIPA9		Nucleoplasm
E5RHQ5	NPIPB11		Nucleoplasm
F8W0I5	NPIPB12		Nucleoplasm
A6NJU9	NPIPB13		Nucleoplasm
A6NHN6	NPIPB15	Intracellular and membrane	Nucleoplasm
A6NJ64	NPIPB2		Nucleoplasm
Q92617	NPIPB3		Nucleoplasm
C9JG80	NPIPB4		Nucleoplasm
A8MRT5	NPIPB5		Nucleoplasm
E9PJ23	NPIPB6		Nucleoplasm
O75200	NPIPB7	Secreted in male reproductive system	Nucleoplasm
E9PQR5	NPIPB8		Nucleoplasm
F8W1W9	NPIPB9		Nucleoplasm
Q9BXD5	NPL		Vesicles
Q8TAT6	NPLOC4		Nucleoplasm, Cytosol
P06748	NPM1		Nucleoli rim
Q86SE8	NPM2		Nucleoplasm, Nucleoli
O75607	NPM3		Nucleoli, Actin filaments, Cytosol
Q6UXI9	NPNT	Secreted to extracellular matrix	Nucleoplasm, Cell Junctions, Cytosol
P16860	NPPB	Secreted to blood	Vesicles
P16066	NPR1		Nucleoli
P17342	NPR3		Cytosol
Q12980	NPRL3		Cytosol
Q9Y639	NPTN		Plasma membrane
Q15818	NPTX1	Secreted in brain	Golgi apparatus
P47972	NPTX2	Secreted to blood	Golgi apparatus, Actin filaments
O95502	NPTXR	Intracellular and membrane	Plasma membrane, Cytosol
P01303	NPY	Secreted to blood	Golgi apparatus
P15559	NQO1		Cytosol
P16083	NQO2		Cytosol
P51843	NR0B1		Nuclear speckles
Q15466	NR0B2		Nucleoplasm
P20393	NR1D1		Nuclear bodies
Q14995	NR1D2		Nucleoplasm
P55055	NR1H2		Nucleoplasm
Q13133	NR1H3		Nucleoplasm
Q96RI1	NR1H4		Nucleoplasm, Nuclear speckles
O75469	NR1I2		Nucleoplasm
Q14994	NR1I3		Nucleoplasm
P13056	NR2C1		Nucleoplasm
P49116	NR2C2		Nucleoplasm
Q86WQ0	NR2C2AP		Nucleoplasm
Q9Y466	NR2E1		Nuclear bodies
P10589	NR2F1		Nucleoplasm
P24468	NR2F2		Nucleoplasm
P10588	NR2F6		Nuclear speckles
P04150	NR3C1		Nucleoplasm, Cytosol
P08235	NR3C2		Nucleoplasm
P22736	NR4A1		Nucleoplasm
P43354	NR4A2		Nuclear speckles
Q13285	NR5A1		Nucleoplasm
O00482	NR5A2		Nuclear speckles
Q15406	NR6A1		Nucleoplasm
Q86VF7	NRAP		Intermediate filaments
Q7Z6K4	NRARP		Cytosol
P01111	NRAS		Plasma membrane
Q96F24	NRBF2		Nucleoplasm, Cytosol
Q9UHY1	NRBP1		Cytosol
Q9NSY0	NRBP2		Cytosol
Q92823	NRCAM	Secreted in brain	Nucleoplasm
O43847	NRDC		Nucleoplasm
Q9H7Z3	NRDE2		Nucleoplasm, Mitochondria
Q16612	NREP		Vesicles
Q16656	NRF1		Nucleoplasm
Q02297	NRG1	Secreted to blood	Nucleoplasm
O14511	NRG2	Secreted in other tissues	Nucleoplasm
P56975	NRG3	Secreted in brain	Vesicles
P48552	NRIP1		Nucleoplasm, Nucleoli
Q9BQI9	NRIP2		Nucleoplasm, Cytosol
Q9NQ35	NRIP3		Cytosol
Q7Z2Y5	NRK		Nucleoplasm, Cytosol
P54845	NRL		Nucleoplasm
Q8IXM6	NRM		Nuclear membrane
O14786	NRP1	Secreted in other tissues	Mitochondria
Q92832	NRP1	Secreted in other tissues	Mitochondria
O60462	NRP2	Secreted in other tissues	Vesicles, Plasma membrane
Q8IZ57	NRSN1		Plasma membrane, Cytosol
Q9GZP1	NRSN2		Vesicles
Q99748	NRTN	Secreted to blood	Golgi apparatus
P58400	NRXN1	Intracellular and membrane	Plasma membrane
Q9ULB1	NRXN1	Intracellular and membrane	Plasma membrane
O95478	NSA2		Nucleoplasm, Nucleoli
Q96L73	NSD1		Nucleoplasm
O96028	NSD2		Nucleoplasm
Q9BZ95	NSD3		Mitochondria
Q15738	NSDHL		Endoplasmic reticulum
P46459	NSF		Golgi apparatus, Cytosol
Q9UNZ2	NSFL1C		Nucleoplasm
Q9Y328	NSG2		Golgi apparatus
Q96IY1	NSL1		Nuclear speckles
Q92636	NSMAF		Nucleoli
Q8WV22	NSMCE1		Nucleoplasm
Q96MF7	NSMCE2		Nucleoplasm
Q9NXX6	NSMCE4A		Nucleoplasm
Q6X4W1	NSMF		Nucleoplasm
Q9H0G5	NSRP1		Nucleoplasm
Q08J23	NSUN2	Intracellular and membrane	Nucleoplasm
Q96P11	NSUN5		Nucleoplasm, Nucleoli
Q8TEA1	NSUN6		Golgi apparatus
Q8NE18	NSUN7		Vesicles
Q8TCD5	NT5C		Cytosol
Q96P26	NT5C1B		Nucleoli, Plasma membrane
	NT5C1B-RDH14		Nucleoplasm, Plasma membrane
Q9H0P0	NT5C3A		Endoplasmic reticulum, Cytosol
Q5TFE4	NT5DC1		Nucleoplasm
Q86UY8	NT5DC3		Mitochondria
P21589	NT5E	Intracellular and membrane	Plasma membrane
Q96AB6	NTAN1		Nucleoplasm
Q96HA8	NTAQ1		Nucleoplasm
P20783	NTF3	Secreted in other tissues	Vesicles
P34130	NTF4	Secreted in other tissues	Golgi apparatus
Q9BV86	NTMT1		Nucleoplasm
O95631	NTN1	Secreted to extracellular matrix	Cytosol
Q9Y2I2	NTNG1	Intracellular and membrane	Plasma membrane
Q96CW9	NTNG2	Intracellular and membrane	Vesicles
Q9BSD7	NTPCR		Cytosol
P04629	NTRK1		Vesicles, Cytosol
Q16620	NTRK2		Plasma membrane
Q16288	NTRK3		Nucleoli, Nucleoli rim
P30990	NTS	Secreted to digestive system	Vesicles
P30989	NTSR1		Plasma membrane
O60285	NUAK1		Nucleoli fibrillar center
Q9H093	NUAK2		Nucleoplasm, Cytosol
Q9Y5A7	NUB1		Nucleoplasm, Nucleoli
P53384	NUBP1		Cytosol, Mid piece, Principal piece, End piece
Q9Y5Y2	NUBP2		Nucleoplasm, Cytosol
Q8TB37	NUBPL		Mitochondria
Q02818	NUCB1	Secreted to blood	Golgi apparatus
P80303	NUCB2	Secreted to blood	Golgi apparatus
Q9H1E3	NUCKS1		Nucleoplasm
Q9Y266	NUDC		Cytosol
Q96RS6	NUDCD1		Nucleoplasm
Q8WVJ2	NUDCD2		Microtubules
Q8IVD9	NUDCD3		Plasma membrane, Cytosol
P36639	NUDT1		Cytosol
Q8NFP7	NUDT10		Cytosol
Q9BW91	NUDT10		Cytosol
Q96G61	NUDT11		Cytosol
O95848	NUDT14		Microtubules
Q9NV35	NUDT15		Nucleoplasm
Q96DE0	NUDT16		Nucleoplasm, Nucleoli
P0C025	NUDT17		Nucleoplasm
Q6ZVK8	NUDT18		Nucleoplasm
A8MXV4	NUDT19		Cytosol
P50583	NUDT2		Nucleoplasm
O43809	NUDT21		Nuclear bodies
Q9BRQ3	NUDT22		Nucleoplasm
O95989	NUDT3		Cytosol
Q9NZJ9	NUDT4		Cytosol
A0A024RBG1	NUDT4B		Cytosol
Q9UKK9	NUDT5		Nucleoplasm, Vesicles
P0C024	NUDT7		Golgi apparatus
Q8WV74	NUDT8		Nucleoli
	NUDT9	Intracellular and membrane	Nuclear bodies, Mitochondria
Q9BZD4	NUF2		Nucleoplasm
Q9UHK0	NUFIP1		Nucleoplasm
Q7Z417	NUFIP2		Nucleoplasm
Q68CJ6	NUGGC		Nuclear speckles
Q14980	NUMA1		Nucleoplasm
P49757	NUMB		Cell Junctions
P57740	NUP107		Nucleoplasm
Q8WUM0	NUP133		Nuclear membrane
P49790	NUP153		Nuclear membrane
O75694	NUP155		Nuclear membrane
Q5SRE5	NUP188		Nucleoplasm
Q5VU65	NUP210L		Nuclear bodies
Q8NFH5	NUP35		Nucleoplasm, Nuclear membrane
Q8NFH4	NUP37		Nucleoplasm
O15504	NUP42		Nuclear membrane
Q8NFH3	NUP43		Nucleoplasm, Nuclear speckles
Q9UKX7	NUP50		Nucleoplasm, Nuclear membrane
Q7Z3B4	NUP54		Nucleoplasm
P37198	NUP62		Nuclear membrane
Q9BW27	NUP85		Nucleoplasm
Q99567	NUP88		Nucleoplasm
O60356	NUPR1		Nucleoplasm
Q96E22	NUS1		Vesicles
Q9BXS6	NUSAP1		Nucleoplasm, Nucleoli, Nucleoli fibrillar center
Q8IVF1	NUTM2A		Nuclear bodies
A6NNL0	NUTM2B		Nuclear bodies
Q5VT03	NUTM2D		Nuclear bodies
B1AL46	NUTM2E		Nuclear bodies
A1L443	NUTM2F		Nuclear bodies
Q5VZR2	NUTM2G		Nuclear bodies
O15381	NVL		Nucleoli
Q149M9	NWD1		Nucleoli, Cytosol
Q9UBU9	NXF1		Nucleoplasm
Q9H4D5	NXF3		Nucleoplasm
Q6DKJ4	NXN		Cytosol
Q5VZ03	NXNL2		Cytosol
Q969Y0	NXPE3	Secreted to blood	Vesicles
O95157	NXPH3	Secreted in brain	Vesicles
Q9UKK6	NXT1		Nucleoplasm
Q9NPJ8	NXT2		Nucleoplasm, Cytosol
Q6ZVC0	NYAP1		Vesicles
Q9P242	NYAP2		Microtubules, Primary cilium, Cytosol
Q9P2P1	NYNRIN		Golgi apparatus
Q86UD1	OAF	Secreted - unknown location	Nucleoplasm
Q9Y530	OARD1		Nucleoplasm, Nucleoli
P00973	OAS1	Intracellular and membrane	Nucleoplasm, Cytosol
P29728	OAS2		Centrosome
Q9Y6K5	OAS3		Nucleoplasm, Cytosol
Q15646	OASL		Nucleoplasm, Cytosol
P04181	OAT		Mitochondria
P54368	OAZ1		Vesicles
O95190	OAZ2		Golgi apparatus
Q9UMX2	OAZ3		Nucleoplasm
Q5W0B1	OBI1		Nucleoplasm, Nuclear bodies
Q5VST9	OBSCN		Plasma membrane, Cytosol
O75147	OBSL1		Centrosome
Q04671	OCA2		Plasma membrane
Q9H607	OCEL1		Golgi apparatus
Q9NX40	OCIAD1		Vesicles
Q56VL3	OCIAD2		Mitochondria
Q16625	OCLN		Plasma membrane, Cell Junctions
P0CE72	OCM		Plasma membrane
P0CE71	OCM2		Plasma membrane
Q01968	OCRL		Microtubules, Primary cilium
Q96M63	ODAD1		Mid piece
Q5T2S8	ODAD2		End piece
A5D8V7	ODAD3		Principal piece
Q96NG3	ODAD4		Centrosome, Basal body
A1E959	ODAM	Intracellular and membrane	Nucleoplasm
P11926	ODC1		Golgi apparatus
Q14990	ODF1		Connecting piece, Flagellar centriole, Mid piece
Q5BJF6	ODF2		Primary cilium, Centrosome, Basal body, Connecting piece
Q96PU9	ODF3		End piece
Q3SX64	ODF3L2		Flagellar centriole
Q2M2E3	ODF4		Principal piece
Q5SWX8	ODR4		Nucleoplasm, Plasma membrane
O75665	OFD1		Microtubules
O60502	OGA		Cytosol
Q02218	OGDH		Mitochondria
Q9ULD0	OGDHL		Nucleoli fibrillar center
Q8N543	OGFOD1		Nucleoplasm
Q6N063	OGFOD2		Nucleoplasm
Q6PK18	OGFOD3		Nucleoplasm
Q9NZT2	OGFR		Nucleoplasm
Q5TC84	OGFRL1		Golgi apparatus
O15527	OGG1		Nucleoplasm
P20774	OGN	Secreted in other tissues	Endoplasmic reticulum
O15294	OGT		Nucleoplasm
O43482	OIP5		Nuclear speckles
Q9NTK5	OLA1		Cytosol
Q99784	OLFM1	Secreted in brain	Nucleoli
O95897	OLFM2	Secreted in other tissues	Nucleoplasm
Q96PB7	OLFM3	Secreted in brain	Vesicles
Q6UX06	OLFM4	Secreted to digestive system	Nucleoplasm, Plasma membrane
Q68BL7	OLFML2A	Secreted - unknown location	Nucleoplasm, Vesicles
Q68BL8	OLFML2B	Secreted - unknown location	Cytosol
Q9NRN5	OLFML3	Secreted to extracellular matrix	Vesicles
Q13516	OLIG2		Nucleoplasm
P78380	OLR1	Intracellular and membrane	Nucleoplasm, Plasma membrane
Q96E52	OMA1		Nucleoplasm, Mitochondria
Q99983	OMD	Secreted in other tissues	Endoplasmic reticulum
Q9UBC0	ONECUT1		Nucleoplasm
O95948	ONECUT2		Nucleoplasm
O60422	ONECUT3		Nucleoplasm
O60313	OPA1		Nucleoplasm, Mitochondria
Q9H6K4	OPA3		Cytosol
O60890	OPHN1		Nucleoplasm, Plasma membrane
O14841	OPLAH		Nucleoli fibrillar center
Q9H1Y3	OPN3		Nucleoplasm, Cytosol
P41145	OPRK1		Plasma membrane
P41146	OPRL1		Primary cilium, Primary cilium tip
Q96CV9	OPTN		Cytosol
Q8NGE3	OR10P1		Plasma membrane
Q8NGQ4	OR10Q1		Mid piece
Q8NGS9	OR13C2		Plasma membrane
Q8NGS8	OR13C5		Plasma membrane
Q8NGT0	OR13C9		Plasma membrane
Q8N628	OR2C3		Plasma membrane
	OR4M2-OT1		Centrosome
Q8N0Y3	OR4N4		Centrosome
A0A096LPK9	OR4N4C		Centrosome
Q6IFH4	OR6B2		Plasma membrane
Q8NGW1	OR6B3		Plasma membrane
A6NF89	OR6C6		Lipid droplets, Plasma membrane
Q8NGX9	OR6P1		Mid piece, Principal piece
Q96SN7	ORAI2		Nucleoplasm, Mitochondria
Q9BRQ5	ORAI3		Nucleoplasm, Cytosol
Q13415	ORC1		Nucleoplasm
Q9Y619	ORC1		Nucleoplasm
Q13416	ORC2		Nucleoplasm
Q9BXI2	ORC2		Nucleoplasm
Q9UBD5	ORC3		Nucleoplasm
O43929	ORC4		Nucleoplasm, Nucleoli
O43913	ORC5		Nucleoplasm
Q9Y5N6	ORC6		Nucleoplasm, Nucleoli fibrillar center
P02763	ORM1	Secreted to blood	Vesicles
P19652	ORM2	Secreted to blood	Vesicles
Q9P0S3	ORMDL1		Endoplasmic reticulum
Q53FV1	ORMDL2		Endoplasmic reticulum
Q8N138	ORMDL3		Endoplasmic reticulum
Q13438	OS9	Intracellular and membrane	Endoplasmic reticulum
P22059	OSBP		Golgi apparatus
Q969R2	OSBP2		Cytosol
Q9BXB5	OSBPL10		Golgi apparatus, Plasma membrane
Q9BXB4	OSBPL11		Nucleoplasm, Golgi apparatus
Q9BXW6	OSBPL1A		Nucleoplasm, Cytosol
Q9H1P3	OSBPL2		Cytosol
Q9H4L5	OSBPL3		Cytosol
Q9H0X9	OSBPL5		Vesicles
Q9BZF3	OSBPL6		Plasma membrane
Q9BZF2	OSBPL7		Nucleoplasm, Cytosol
Q9BZF1	OSBPL8		Vesicles, Cytosol
Q96SU4	OSBPL9		Golgi apparatus
Q8IYS5	OSCAR	Intracellular and membrane	Nucleoplasm, Plasma membrane, Cytosol
Q9NX31	OSER1		Nucleoli, Nucleoli rim, Nuclear speckles
Q9NPF4	OSGEP		Nucleoplasm
Q9H4B0	OSGEPL1		Mitochondria
Q9UJX0	OSGIN1		Nucleoplasm, Cytosol
Q9Y236	OSGIN2		Nucleoli
Q99650	OSMR	Intracellular and membrane	Nucleoli
Q8N2R0	OSR2		Plasma membrane
Q92882	OSTF1		Cytosol
Q86WC4	OSTM1		Cytosol
P00480	OTC		Mitochondria
Q3ZCN5	OTOGL	Secreted in other tissues	Cytosol
Q7RTS6	OTOP2		Plasma membrane
Q5XKR4	OTP		Nucleoplasm
Q96FW1	OTUB1		Cytosol
Q5VV17	OTUD1		Cytosol
Q5T2D3	OTUD3		Cytosol
Q01804	OTUD4		Cytosol
Q96G74	OTUD5		Cytosol
Q7L8S5	OTUD6A		Cytosol
Q8N6M0	OTUD6B		Nucleoplasm, Golgi apparatus, Cytosol
Q8TE49	OTUD7A		Cytosol
Q6GQQ9	OTUD7B		Microtubules
Q96BN8	OTULIN		Mitochondria
Q9NUU6	OTULINL		Nucleoli, Cytosol
P32242	OTX1		Nucleoplasm
P32243	OTX2		Nucleoplasm
Q8WZ82	OVCA2		Nucleoplasm
Q12889	OVGP1	Secreted in female reproductive system	Vesicles
O14753	OVOL1		Nucleoplasm
Q9BRP0	OVOL2		Nucleoplasm
O00110	OVOL3		Nucleoplasm
Q15070	OXA1L		Mitochondria
P55809	OXCT1		Mitochondria
Q96P68	OXGR1		Plasma membrane
Q5BKU9	OXLD1		Vesicles, Cytosol
Q96HP4	OXNAD1		Nucleoplasm
O43613	OXR1		Vesicles
Q8N573	OXR1		Vesicles
Q9NWU1	OXSM		Mitochondria, Cytosol
O95747	OXSR1		Cytosol
P51575	P2RX1		Endoplasmic reticulum
Q93086	P2RX5		Plasma membrane, Cytosol
O15547	P2RX6		Nucleoli, Cytosol
P41231	P2RY2		Cytosol
Q32P28	P3H1	Intracellular and membrane	Vesicles
Q8IVL5	P3H2	Intracellular and membrane	Golgi apparatus
Q8IVL6	P3H3	Intracellular and membrane	Plasma membrane, Cytosol
Q92791	P3H4	Intracellular and membrane	Endoplasmic reticulum, Vesicles
	P3R3URF-PIK3R3		Nucleoplasm, Cytosol
P13674	P4HA1	Intracellular and membrane	Endoplasmic reticulum
O15460	P4HA2	Intracellular and membrane	Endoplasmic reticulum, Vesicles
Q7Z4N8	P4HA3	Intracellular and membrane	Cytosol
P07237	P4HB	Intracellular and membrane	Endoplasmic reticulum
Q9NXG6	P4HTM		Vesicles, Cytosol
Q9UQ80	PA2G4		Cytosol
Q9BRP4	PAAF1		Nucleoplasm
Q96E09	PABIR1		Nucleoplasm, Nuclear bodies
Q7Z309	PABIR2		Nucleoplasm
Q6P4D5	PABIR3		Nucleoplasm
P11940	PABPC1		Cytosol
Q4VXU2	PABPC1L		Cytosol
Q9H361	PABPC3		Cytosol
Q13310	PABPC4		Cytosol
Q86U42	PABPN1		Nucleoplasm, Nuclear speckles
Q96M98	PACRG		Mid piece, Principal piece, End piece
Q8N7B6	PACRGL		Nucleoplasm, Vesicles
Q6VY07	PACS1		Plasma membrane
Q86VP3	PACS2		Mitochondria
Q9BY11	PACSIN1		Nucleoplasm, Vesicles
Q9UNF0	PACSIN2		Nuclear speckles, Plasma membrane
Q9UKS6	PACSIN3		Cytosol
Q9ULC6	PADI1		Cytosol
Q9ULW8	PADI3		Vesicles, Cytosol
P28328	PAF1		Nucleoplasm
Q8N7H5	PAF1		Nucleoplasm
P43034	PAFAH1B1		Centrosome
P68402	PAFAH1B2		Cytosol
Q15102	PAFAH1B3		Intermediate filaments
Q9NWQ8	PAG1		Vesicles, Plasma membrane
O75459	PAGE1		Nucleoli fibrillar center
Q5JUK9	PAGE3		Nuclear speckles
O60829	PAGE4		Vesicles
Q96GU1	PAGE5		Mitochondria
P00439	PAH		Endoplasmic reticulum, Vesicles
P22234	PAICS		Cytosol
Q9H074	PAIP1		Plasma membrane, Cytosol
Q9BPZ3	PAIP2		Vesicles
Q9ULR5	PAIP2B		Cytosol
Q13153	PAK1		Plasma membrane, Cytosol
Q16512	PAK1		Plasma membrane, Cytosol
Q9NWT1	PAK1IP1		Nucleoli
Q13177	PAK2		Nucleoplasm, Nuclear speckles
O75914	PAK3		Vesicles
O96013	PAK4		Plasma membrane, Cell Junctions
Q9NQU5	PAK5		Nucleoplasm
Q9P286	PAK5		Nucleoplasm
	PAK6		Nucleoplasm, Nucleoli fibrillar center
Q86YC2	PALB2		Nucleoplasm, Nuclear speckles
Q9ULE6	PALD1		Vesicles, Cytosol
Q8WX93	PALLD		Actin filaments
O75781	PALM		Nucleoplasm, Plasma membrane
Q9Y2D5	PALM2AKAP2		Plasma membrane
A6NDB9	PALM3		Nucleoplasm, Nuclear bodies
Q9NP74	PALMD		Actin filaments
Q8N3R9	PALS1		Nucleoplasm, Plasma membrane
P19021	PAM	Secreted in other tissues	Golgi apparatus, Cytosol
Q9Y3D7	PAM16		Nucleoplasm, Mitochondria
Q9BZ23	PANK2		Cytosol
Q9H999	PANK3		Golgi apparatus
Q9NVE7	PANK4		Cytosol
Q96RD7	PANX1		Plasma membrane
Q96RD6	PANX2		Plasma membrane
Q6QHF9	PAOX		Centrosome
P51003	PAPOLA		Nucleoplasm
Q9NRJ5	PAPOLB		Nucleoplasm
Q9BWT3	PAPOLG		Nucleoplasm
Q9BXP8	PAPPA2	Secreted in female reproductive system	Endoplasmic reticulum, Vesicles
O43252	PAPSS1		Nucleoli rim, Mitotic chromosome
O95340	PAPSS2		Mitochondria
Q8N4S7	PAQR4		Vesicles
Q9NXK6	PAQR5		Vesicles
Q86WK9	PAQR7		Cytosol
Q8TEZ7	PAQR8		Plasma membrane
Q8TEW0	PARD3		Plasma membrane, Cell Junctions
Q8TEW8	PARD3B		Cell Junctions
Q9NPB6	PARD6A		Actin filaments
Q9BYG5	PARD6B		Cell Junctions, Cytosol
Q9BYG4	PARD6G		Plasma membrane
Q86W56	PARG		Nucleoplasm
Q99497	PARK7		Nucleoplasm, Cytosol
Q9H300	PARL		Mitochondria
Q6UWI2	PARM1		Nucleoplasm, Vesicles, Cytosol
O95453	PARN		Nuclear speckles
P09874	PARP1		Nucleoplasm
Q53GL7	PARP10		Nucleoli rim
Q9NR21	PARP11		Nuclear bodies
Q9H0J9	PARP12		Nucleoplasm
Q460N5	PARP14		Cytosol
Q9UGN5	PARP2		Nucleoplasm
Q9Y6F1	PARP3		Nucleoplasm, Nuclear bodies
Q9UKK3	PARP4		Nucleoplasm, Microtubules, Cytosol
Q2NL67	PARP6		Plasma membrane
Q8N3A8	PARP8		Nucleoplasm
Q8IXQ6	PARP9		Nucleoplasm, Cytosol
Q9NWS1	PARPBP		Nucleoplasm
Q7L3T8	PARS2		Nucleoli fibrillar center, Mitochondria
Q9NVD7	PARVA		Actin filaments, Focal adhesion sites
Q9HBI1	PARVB		Plasma membrane, Actin filaments
Q8IV76	PASD1		Nuclear speckles
Q96RG2	PASK		Cytosol
Q9UEW8	PASK		Cytosol
Q8NI35	PATJ		Cell Junctions
Q86TB9	PATL1		Cytoplasmic bodies
Q9HBE1	PATZ1		Nucleoplasm
Q96IZ0	PAWR		Actin filaments, Cytosol
Q02962	PAX2	Intracellular and membrane	Nucleoplasm
P23760	PAX3		Nucleoplasm
Q02548	PAX5		Nucleoplasm
P26367	PAX6		Nucleoplasm
Q06710	PAX8		Nucleoplasm
P55771	PAX9		Nucleoli
Q9Y5B6	PAXBP1		Nucleoplasm
Q6ZW49	PAXIP1		Nucleoplasm, Vesicles
Q9BUH6	PAXX		Nucleoplasm
Q9BVG4	PBDC1		Nucleoplasm
Q96KB5	PBK		Cytosol
P30039	PBLD		Vesicles
Q9GZY1	PBOV1		Nucleoplasm
Q86U86	PBRM1		Nucleoplasm
P40424	PBX1		Nucleoplasm
P40425	PBX2		Nucleoplasm
P40426	PBX3		Nucleoplasm
Q9BYU1	PBX4		Vesicles
Q96AQ6	PBXIP1		Nucleoplasm
P11498	PC		Mitochondria
P61457	PCBD1		Nucleoplasm
Q9H0N5	PCBD2		Plasma membrane
Q15365	PCBP1		Nuclear speckles
Q15366	PCBP2		Nucleoplasm, Cytosol
P57721	PCBP3		Nucleoplasm, Mitochondria
P57723	PCBP4		Cytosol
P05165	PCCA		Mitochondria
Q08174	PCDH1		Nucleoplasm, Cell Junctions
Q9P2E7	PCDH10		Golgi apparatus
Q9BZA7	PCDH11X		Plasma membrane
Q9BZA8	PCDH11Y		Plasma membrane
Q96QU1	PCDH15	Intracellular and membrane	Vesicles, Plasma membrane
O14917	PCDH17		Vesicles, Cytosol
Q9HCL0	PCDH18		Cytosol
Q8TAB3	PCDH19		Cytosol
Q8N6Y1	PCDH20		Vesicles
O60245	PCDH7		Plasma membrane, Cell Junctions
Q9HC56	PCDH9		Nucleoplasm, Centrosome
Q9Y5I3	PCDHA1	Secreted - unknown location	Plasma membrane
Q9Y5I1	PCDHA11		Vesicles, Cell Junctions
Q9UN75	PCDHA12		Plasma membrane, Cytosol
Q9Y5H9	PCDHA2		Microtubules
Q9Y5H8	PCDHA3		Nucleoplasm, Golgi apparatus
Q9UN74	PCDHA4		Nucleoplasm, Plasma membrane
Q9Y5H7	PCDHA5		Plasma membrane
Q9UN73	PCDHA6	Secreted in brain	Vesicles
Q9Y5H6	PCDHA8		Plasma membrane, Microtubules
Q9H158	PCDHAC1		Nucleoplasm, Nucleoli
Q9Y5I4	PCDHAC2		Nucleoplasm
Q9Y5F3	PCDHB1		Nucleoplasm
Q9Y5F2	PCDHB11		Plasma membrane
Q9Y5F1	PCDHB12		Plasma membrane
Q9Y5E9	PCDHB14		Vesicles
Q9Y5E8	PCDHB15		Centrosome, Basal body
Q9NRJ7	PCDHB16		Vesicles, Plasma membrane
Q9Y5E7	PCDHB2		Nucleoplasm
Q9Y5E6	PCDHB3		Vesicles
Q9Y5E5	PCDHB4		Plasma membrane
Q9Y5E4	PCDHB5		Plasma membrane
Q9Y5E3	PCDHB6		Nucleoplasm
Q9Y5H4	PCDHGA1		Vesicles, Plasma membrane
Q9Y5H3	PCDHGA10		Nucleoplasm, Plasma membrane
Q9Y5H2	PCDHGA11	Intracellular and membrane	Plasma membrane
O60330	PCDHGA12		Vesicles, Plasma membrane
Q9Y5H1	PCDHGA2		Vesicles, Plasma membrane
Q9Y5H0	PCDHGA3		Vesicles, Plasma membrane
Q9Y5G9	PCDHGA4		Vesicles, Plasma membrane
Q9Y5G8	PCDHGA5		Vesicles, Plasma membrane
Q9Y5G7	PCDHGA6		Nucleoplasm, Plasma membrane
Q9Y5G6	PCDHGA7		Vesicles, Plasma membrane
Q9Y5G5	PCDHGA8		Vesicles, Plasma membrane
Q9Y5G4	PCDHGA9		Vesicles, Plasma membrane
Q9Y5G3	PCDHGB1		Vesicles, Plasma membrane
Q9Y5G2	PCDHGB2		Vesicles, Plasma membrane, Cytosol
Q9Y5G1	PCDHGB3		Plasma membrane
Q9UN71	PCDHGB4		Nucleoplasm, Plasma membrane
Q9Y5G0	PCDHGB5		Vesicles, Plasma membrane
Q9Y5F9	PCDHGB6		Vesicles, Plasma membrane
Q9Y5F8	PCDHGB7		Vesicles, Plasma membrane
Q9UN70	PCDHGC3		Plasma membrane
Q9Y5F7	PCDHGC4		Vesicles, Plasma membrane
Q9Y5F6	PCDHGC5		Vesicles, Plasma membrane
Q9H1Q7	PCED1A		Nucleoplasm, Cytosol
Q96HM7	PCED1B		Golgi apparatus
O94913	PCF11		Nucleoplasm
Q9BSM1	PCGF1		Nucleoplasm
P35227	PCGF2		Nucleoplasm
Q3KNV8	PCGF3		Nucleoplasm
Q86SE9	PCGF5		Nucleoplasm
Q5JVF3	PCID2		Nucleoplasm, Nucleoli
Q9H4Z3	PCIF1		Nucleoplasm
Q16822	PCK2		Mitochondria
Q15004	PCLAF		Centrosome
Q9Y6V0	PCLO		Plasma membrane
Q15154	PCM1		Microtubules, Primary cilium, Centriolar satellite, Basal body
P22061	PCMT1		Cytosol
Q96MG8	PCMTD1		Plasma membrane
Q9NV79	PCMTD2		Mitochondria
P12004	PCNA		Nucleoplasm
Q8WW12	PCNP		Nucleoplasm
O95613	PCNT		Centrosome
Q96RV3	PCNX1		Nucleoplasm
A6NKB5	PCNX2		Endoplasmic reticulum
Q9H6A9	PCNX3		Cytosol
	PCNX4		Cytosol
Q15113	PCOLCE	Secreted to extracellular matrix	Golgi apparatus, Vesicles
Q9UKZ9	PCOLCE2	Secreted to extracellular matrix	Nucleoplasm, Cytosol
Q8IVA1	PCP2		Nuclear speckles
Q92729	PCP2		Nuclear speckles
P48539	PCP4		Nucleoplasm, Nucleoli fibrillar center
A6NKN8	PCP4L1		Nucleoplasm, Mitochondria
Q9UHG2	PCSK1N	Secreted to blood	Vesicles
P16519	PCSK2	Secreted in other tissues	Vesicles
Q92824	PCSK5	Secreted to blood	Golgi apparatus
Q9UKL6	PCTP		Nucleoplasm, Nucleoli
Q8NBM8	PCYOX1L	Secreted to blood	Nucleoplasm, Mitochondria
P49585	PCYT1A		Nucleoplasm
Q99447	PCYT2		Cytosol
Q13442	PDAP1		Cytosol
Q14690	PDCD11		Nucleoli rim
Q9BQ51	PDCD1LG2	Secreted - unknown location	Cytosol
Q16342	PDCD2		Nucleoplasm
Q9BRP1	PDCD2L		Mitochondria
Q53EL6	PDCD4		Nucleoplasm
O14737	PDCD5		Cytosol
	PDCD6		Cytosol
Q8WUM4	PDCD6IP	Intracellular and membrane	Vesicles
Q8N8D1	PDCD7		Plasma membrane
Q13371	PDCL		Cytosol
Q8N4E4	PDCL2		Microtubules
Q9H2J4	PDCL3		Cytosol
Q9HCR9	PDE11A		Microtubules, Primary cilium
P54750	PDE1A		Nucleoplasm
Q14123	PDE1C		Mitochondria, Cytosol
O00408	PDE2A		Cytosol
Q14432	PDE3A		Plasma membrane
Q13370	PDE3B		Endoplasmic reticulum
P27815	PDE4A		Plasma membrane
Q07343	PDE4B		Golgi apparatus
Q08493	PDE4C		Centrosome, Basal body, Cytosol
Q08499	PDE4D		Plasma membrane, Cytosol
Q5VU43	PDE4DIP		Golgi apparatus
O76074	PDE5A		Cytosol
P35913	PDE6B		Basal body, Cytosol
O43924	PDE6D		Vesicles
P18545	PDE6G		Vesicles
Q13956	PDE6H		Vesicles
Q9NP56	PDE7B		Nucleoplasm
O60658	PDE8A		Golgi apparatus
O95263	PDE8B		Nucleoplasm, Cytosol
O76083	PDE9A		Cytosol
Q9HBH1	PDF	Intracellular and membrane	Mitochondria
P04085	PDGFA	Secreted to blood	Golgi apparatus
P01127	PDGFB	Secreted to blood	Vesicles
Q9NRA1	PDGFC	Secreted to blood	Plasma membrane, Cytosol
Q9GZP0	PDGFD	Secreted to blood	Golgi apparatus, Vesicles
P16234	PDGFRA	Intracellular and membrane	Nucleoplasm, Plasma membrane, Cell Junctions
P09619	PDGFRB		Vesicles
Q15198	PDGFRL	Secreted - unknown location	Nucleoli, Golgi apparatus
P08559	PDHA1		Mitochondria
P29803	PDHA2		Mitochondria
P11177	PDHB		Mitochondria
O00330	PDHX		Nucleoplasm, Mitochondria
P30101	PDIA3	Intracellular and membrane	Endoplasmic reticulum
P13667	PDIA4	Intracellular and membrane	Endoplasmic reticulum
Q14554	PDIA5	Intracellular and membrane	Endoplasmic reticulum
Q15084	PDIA6	Intracellular and membrane	Endoplasmic reticulum
Q8N165	PDIK1L		Nucleoplasm
Q15119	PDK2		Nucleoplasm, Mitochondria
Q15120	PDK3		Mitochondria
O00151	PDLIM1		Actin filaments
Q96JY6	PDLIM2		Actin filaments, Focal adhesion sites
Q53GG5	PDLIM3		Cytosol
P50479	PDLIM4		Actin filaments
Q96HC4	PDLIM5		Plasma membrane
Q9NR12	PDLIM7		Actin filaments, Focal adhesion sites
Q8IY26	PDP1		Nucleoplasm, Cytosol
Q9P0J1	PDP1		Nucleoplasm, Cytosol
Q9P2J9	PDP2		Mitochondria
O15530	PDPK1		Cytosol
Q86YL7	PDPN		Plasma membrane
Q8NCN5	PDPR		Mitochondria
Q9NUG6	PDRG1		Actin filaments
Q29RF7	PDS5A		Nucleoplasm
Q9NTI5	PDS5B		Nucleoplasm
Q5T2R2	PDSS1		Cytosol
Q86YH6	PDSS2		Cytosol
P52945	PDX1		Nucleoplasm
Q6P996	PDXDC1		Golgi apparatus, Vesicles
O00764	PDXK		Nucleoplasm
O15018	PDZD2	Intracellular and membrane	Plasma membrane, Cytosol
Q9H5P4	PDZD7		Nucleoplasm, Primary cilium
Q8NEN9	PDZD8		Nucleoli fibrillar center
Q8IXQ8	PDZD9		Plasma membrane, Cytosol
Q5T2W1	PDZK1		Nucleoplasm, Vesicles
Q13113	PDZK1IP1		Cytosol
Q9UPQ7	PDZRN3		Cytosol
Q6ZMN7	PDZRN4		Mitochondria
Q15121	PEA15		Cytosol
Q9H792	PEAK1		Focal adhesion sites
Q6ZS72	PEAK3		Cytosol
Q5VY43	PEAR1		Nucleoplasm, Cell Junctions, Centriolar satellite
P30086	PEBP1		Plasma membrane, Cytosol
P16284	PECAM1		Nucleoli, Plasma membrane
Q9BY49	PECR		Peroxisomes
A5PLL7	PEDS1		Endoplasmic reticulum
	PEDS1-UBE2V1		Nucleoplasm
Q9UBV8	PEF1		Nucleoplasm, Vesicles
Q86TG7	PEG10		Cytosol
Q9GZU2	PEG3		Nucleoplasm
Q96FA3	PELI1		Nucleoplasm, Nucleoli, Basal body
Q9HAT8	PELI2		Nucleoplasm, Nucleoli, Basal body
Q8N2H9	PELI3		Nucleoplasm, Vesicles
Q9BRX2	PELO		Nucleoli fibrillar center
	PELP1		Nucleoplasm, Nucleoli
Q9UBM1	PEMT		Endoplasmic reticulum, Mitochondria
P01210	PENK	Secreted in other tissues	Vesicles
P12955	PEPD		Nucleoplasm
O15534	PER1		Cytosol
O15055	PER2		Nucleoplasm
P56645	PER3		Cytosol
Q5SV97	PERM1		Nucleoplasm
O00541	PES1		Nucleoli, Nucleoli rim, Mitotic chromosome
P0DJ07	PET100		Mitochondria
O43933	PEX1		Peroxisomes
O96011	PEX11B		Vesicles
Q92968	PEX13		Peroxisomes
O75381	PEX14		Peroxisomes
P40855	PEX19		Peroxisomes
	PEX2		Vesicles
P56589	PEX3		Nucleoplasm, Peroxisomes
P50542	PEX5		Golgi apparatus, Cytosol
Q13608	PEX6		Golgi apparatus
O00628	PEX7		Nucleoplasm, Vesicles
O15067	PFAS		Vesicles
O60925	PFDN1		Plasma membrane, Cytosol
Q9UHV9	PFDN2		Nucleoplasm, Mitochondria
Q99471	PFDN5		Intermediate filaments, Cytosol
O15212	PFDN6		Nucleoplasm, Golgi apparatus
O60825	PFKFB2		Nucleoplasm
Q16875	PFKFB3		Nucleoplasm
Q16877	PFKFB4		Nucleoli
P17858	PFKL		Nucleoli, Mitochondria
P08237	PFKM		Endoplasmic reticulum
Q01813	PFKP		Cytosol
P07737	PFN1		Cytosol
P60673	PFN3		Vesicles, Cytosol
P18669	PGAM1		Nucleoplasm
P15259	PGAM2		Nucleoplasm
Q8N0Y7	PGAM4		Nucleoplasm
Q96HS1	PGAM5	Intracellular and membrane	Mitochondria
Q9UHJ9	PGAP2		Microtubules
Q96FM1	PGAP3		Plasma membrane, Cytosol
Q9BRR3	PGAP4		Endoplasmic reticulum
Q9HCN3	PGAP6		Nucleoplasm
Q96JS3	PGBD1		Nucleoplasm
Q6P3X8	PGBD2		Vesicles
Q96DM1	PGBD4		Nucleoplasm
Q8N414	PGBD5		Nucleoplasm
P20142	PGC	Secreted to digestive system	Nucleoplasm
P52209	PGD		Cytosol
P49763	PGF	Secreted to blood	Nucleoplasm
Q32M88	PGGHG		Cytosol
P53609	PGGT1B		Nucleoplasm, Endoplasmic reticulum
P00558	PGK1		Mid piece, Principal piece, End piece
P07205	PGK2		Mid piece, Principal piece, End piece
O95336	PGLS		Nucleoplasm
O75594	PGLYRP1	Secreted to blood	Vesicles
Q96PD5	PGLYRP2	Secreted to blood	Cell Junctions
Q96LB8	PGLYRP4	Secreted in other tissues	Vesicles, Plasma membrane
P36871	PGM1		Cytosol
Q96G03	PGM2		Intermediate filaments
Q6PCE3	PGM2L1		Mitochondria
O95394	PGM3		Nucleoplasm, Cytosol
Q15124	PGM5		Cytosol
A6NDG6	PGP		Nuclear bodies
Q9NXJ5	PGPEP1		Golgi apparatus
A6NFU8	PGPEP1L		Equatorial segment
O00264	PGRMC1	Secreted - unknown location	Endoplasmic reticulum
O15173	PGRMC2	Secreted - unknown location	Nuclear bodies, Plasma membrane, Cytosol
Q32NB8	PGS1		Vesicles
Q9C0D0	PHACTR1		Plasma membrane
O75167	PHACTR2		Golgi apparatus
Q96KR7	PHACTR3		Nucleoplasm
Q8IZ21	PHACTR4		Plasma membrane, Cytosol
Q9BSU1	PHAF1		Nuclear speckles
Q9H814	PHAX		Nucleoplasm
P35232	PHB1	Intracellular and membrane	Mitochondria
Q99623	PHB2		Mitochondria
P78364	PHC1		Nucleoplasm
Q8IXK0	PHC2		Nucleoplasm
Q8NDX5	PHC3		Nucleoplasm
P78562	PHEX		Vesicles, Plasma membrane
O43189	PHF1		Nucleoplasm
Q8WUB8	PHF10		Nucleoplasm
Q9UIL8	PHF11		Nucleoplasm
Q96QT6	PHF12		Nucleoplasm
O94880	PHF14		Vesicles
O75151	PHF2		Nucleoli rim
Q9BVI0	PHF20		Nucleoplasm
A8MW92	PHF20L1		Nucleoplasm, Plasma membrane
Q96BD5	PHF21A		Nucleoplasm
Q96EK2	PHF21B		Nucleoplasm, Nucleoli fibrillar center
Q9BUL5	PHF23		Nucleoplasm
Q92576	PHF3		Nucleoplasm
Q7RTV0	PHF5A		Nucleoplasm
Q8IWS0	PHF6		Nucleoplasm, Nucleoli
Q9BWX1	PHF7		Nucleoplasm, Nuclear speckles
Q9UPP1	PHF8		Nucleoplasm
O43175	PHGDH		Nucleoplasm, Plasma membrane, Cytosol
C9JFL3	PHGR1		Vesicles
Q8WWQ0	PHIP		Nucleoplasm
P46020	PHKA1		Vesicles, Cytosol
P46019	PHKA2		Nucleoplasm
Q93100	PHKB		Golgi apparatus
P15735	PHKG2		Cytosol
Q8WV24	PHLDA1		Nucleoli, Nucleoli rim
Q53GA4	PHLDA2		Nucleoli
Q86UU1	PHLDB1		Vesicles, Cytosol
Q86SQ0	PHLDB2		Plasma membrane, Cytosol
Q6NSJ2	PHLDB3		Nuclear speckles
Q6ZVD8	PHLPP2		Cytokinetic bridge, Mitotic spindle, Primary cilium, Cytosol
Q8TCT1	PHOSPHO1		Actin filaments
Q8TCD6	PHOSPHO2		Vesicles
O14813	PHOX2A		Nucleoplasm
Q99453	PHOX2B		Nucleoplasm
Q9NRX4	PHPT1		Cytosol
Q9UMS5	PHTF1		Nuclear bodies
Q8N3S3	PHTF2		Nucleoplasm
Q5SRE7	PHYHD1		Nuclear speckles
Q92561	PHYHIP		Mitochondria
Q96FC7	PHYHIPL		Cytosol
Q8IUZ5	PHYKPL		Mitochondria
O43692	PI15	Secreted in other tissues	Vesicles
P19957	PI3	Secreted to blood	Plasma membrane
Q9BTU6	PI4K2A		Plasma membrane
Q8TCG2	PI4K2B		Cytosol
P42356	PI4KA		Nucleoplasm
Q9UBF8	PI4KB		Golgi apparatus
Q8IYJ0	PIANP	Intracellular and membrane	Nucleoplasm
O75925	PIAS1		Nucleoplasm
O75928	PIAS2		Nucleoplasm
Q9Y6X2	PIAS3		Nucleoplasm
Q8N2W9	PIAS4		Nucleoplasm
Q8WXW3	PIBF1	Secreted to blood	Centriolar satellite, Centrosome
Q13492	PICALM		Vesicles
Q9NRD5	PICK1		Cytosol
Q7Z2X4	PID1		Endoplasmic reticulum
C0HMD6	PIDD1		Golgi apparatus, Cytosol
Q9HB75	PIDD1		Golgi apparatus, Cytosol
Q5BN46	PIERCE1		Nucleoplasm, Mid piece
Q9H5I5	PIEZO2		Plasma membrane
Q9H611	PIF1		Nucleoplasm
Q8TCI5	PIFO		Vesicles
Q92521	PIGB		Plasma membrane, Cytosol
Q9Y2B2	PIGL		Nucleoplasm, Cytosol
O95427	PIGN		Plasma membrane, Cytosol
Q8TEQ8	PIGO		Nucleoli
P57054	PIGP		Vesicles
Q9BRB3	PIGQ		Golgi apparatus, Vesicles
Q9H490	PIGU		Nucleoplasm
Q9NUD9	PIGV		Cytosol
Q7Z7B1	PIGW		Plasma membrane
Q8TBF5	PIGX		Nucleoplasm, Cytosol
Q9NWS0	PIH1D1		Cytosol
Q8WWB5	PIH1D2		Nucleoplasm
Q6ZUJ8	PIK3AP1		Nucleoplasm, Cytosol
O00443	PIK3C2A		Nucleoplasm
O00750	PIK3C2B		Nucleoplasm, Nuclear membrane
O75747	PIK3C2G		Plasma membrane
P42336	PIK3CA		Primary cilium, Cytosol
P42338	PIK3CB		Nucleoplasm, Nucleoli
O00329	PIK3CD		Vesicles
P48736	PIK3CG		Plasma membrane
P27986	PIK3R1		Cytosol
O00459	PIK3R2		Golgi apparatus
Q92569	PIK3R3		Nucleoplasm, Cytosol
Q99570	PIK3R4		Vesicles, Microtubules, Primary cilium
Q8WYR1	PIK3R5		Cytosol
Q5UE93	PIK3R6		Nucleoplasm, Golgi apparatus
Q9UKJ0	PILRB	Intracellular and membrane	Mitochondria
P11309	PIM1		Cytosol
Q9P1W9	PIM2		Cytosol
Q86V86	PIM3		Cytosol
Q9BSJ6	PIMREG		Nucleoplasm
Q13526	PIN1		Nucleoplasm
Q9Y237	PIN4		Nucleoplasm, Nucleoli
A6NC86	PINLYP	Secreted to blood	Vesicles, Microtubules, Primary cilium
Q96BK5	PINX1		Nucleoli
Q96BK5	PINX1		Nuclear speckles
P48426	PIP4K2A		Golgi apparatus
P78356	PIP4K2B		Nucleoplasm
Q8TBX8	PIP4K2C		Cytosol
Q99755	PIP5K1A		Plasma membrane, Cytosol
O14986	PIP5K1B		Nucleoplasm
O60331	PIP5K1C		Nucleoplasm
Q5T9C9	PIP5KL1		Cytosol
O00625	PIR		Nucleoplasm
P0C851	PIRT		Cytosol
Q9UG56	PISD		Cytosol
Q00169	PITPNA		Cytosol
P48739	PITPNB		Vesicles, Cytosol
Q9UKF7	PITPNC1		Cytosol
O00562	PITPNM1		Cytosol
Q9BZ72	PITPNM2		Vesicles
Q9BZ71	PITPNM3		Plasma membrane
Q5JRX3	PITRM1		Mitochondria
P78337	PITX1		Nucleoli
Q99697	PITX2		Nucleoplasm
Q7Z3Z3	PIWIL3		Cytoplasmic bodies
Q7Z3Z4	PIWIL4		Nucleoplasm, Mitochondria
Q8NG27	PJA1		Nucleoplasm, Nucleoli
O43164	PJA2		Microtubules, Basal body, Cytosol
Q13563	PKD2	Secreted - unknown location	Endoplasmic reticulum, Plasma membrane
Q9BZL6	PKD2	Secreted - unknown location	Endoplasmic reticulum, Plasma membrane
Q9P0L9	PKD2L1		Plasma membrane
Q9NZM6	PKD2L2		Plasma membrane
P08F94	PKHD1	Intracellular and membrane	Primary cilium, Cytosol
Q86WI1	PKHD1L1		Flagellar centriole, Mid piece, Principal piece
Q9Y2B9	PKIG		Nucleoplasm, Cytosol
P30613	PKLR		Cytosol
P14618	PKM		Cytosol
	PKMYT1		Golgi apparatus
	PKN1		Plasma membrane
Q16513	PKN2		Nucleoplasm, Intermediate filaments
Q6P5Z2	PKN3		Vesicles
P55347	PKNOX1		Nucleoplasm
Q96KN3	PKNOX2		Nucleoplasm
Q13835	PKP1		Nucleoplasm, Plasma membrane
Q99959	PKP2		Cell Junctions
Q9Y446	PKP3		Cell Junctions
Q99569	PKP4		Cell Junctions
Q8NCC3	PLA2G15	Intracellular and membrane	Nucleoplasm, Vesicles
Q9NZ20	PLA2G3	Secreted to blood	Endoplasmic reticulum, Golgi apparatus
P47712	PLA2G4A		Cytosol
Q9UP65	PLA2G4C		Cytosol
Q86XP0	PLA2G4D		Cytosol
Q3MJ16	PLA2G4E		Vesicles, Cytosol
Q68DD2	PLA2G4F		Vesicles
O60733	PLA2G6		Plasma membrane
Q13018	PLA2R1	Secreted to blood	Cytosol
Q9Y263	PLAA		Plasma membrane, Cytosol
Q9HDD0	PLAAT1		Focal adhesion sites
Q9NWW9	PLAAT2		Mitochondria
P53816	PLAAT3		Mitochondria
Q96KN8	PLAAT5		Cytosol
Q9HBJ0	PLAC1	Secreted in female reproductive system	Vesicles
Q9NZF1	PLAC8		Cytosol
A1L4L8	PLAC8L1		Nucleoplasm
Q6DJT9	PLAG1		Nucleoplasm, Nuclear speckles
Q9UM63	PLAGL1		Nuclear bodies
Q9UPG8	PLAGL2		Nucleoplasm
P00750	PLAT	Secreted to blood	Actin filaments
P00749	PLAU	Secreted to blood	Golgi apparatus, Vesicles
Q03405	PLAUR	Intracellular and membrane	Plasma membrane
Q9NQ66	PLCB1		Plasma membrane
Q00722	PLCB2		Cytosol
Q01970	PLCB3		Nucleoplasm, Golgi apparatus
Q15147	PLCB4		Plasma membrane, Microtubules, Primary cilium, Basal body
P51178	PLCD1		Microtubules
Q8N3E9	PLCD3		Plasma membrane
Q9BRC7	PLCD4		Cytosol
Q9P212	PLCE1		Cytosol
P19174	PLCG1		Plasma membrane
P16885	PLCG2		Vesicles, Cytosol
Q4KWH8	PLCH1		Vesicles
Q9NUJ7	PLCXD1		Cytosol
Q0VAA5	PLCXD2		Nucleoplasm
Q63HM9	PLCXD3		Golgi apparatus
Q13393	PLD1		Plasma membrane
Q8IV08	PLD3		Endoplasmic reticulum, Cytosol
Q8N7P1	PLD5		Mitochondria
Q15149	PLEC		Intermediate filaments, Cytosol
P08567	PLEK		Nucleoli
Q9NYT0	PLEK2		Vesicles
Q9HB21	PLEKHA1		Nucleoplasm
Q9HB19	PLEKHA2		Nucleoplasm, Nuclear bodies, Cytosol
Q9HB20	PLEKHA3		Golgi apparatus
Q9H4M7	PLEKHA4		Plasma membrane, Cytosol
Q9HAU0	PLEKHA5		Nucleoplasm, Cytosol
Q9Y2H5	PLEKHA6		Cell Junctions
Q6IQ23	PLEKHA7		Nucleoplasm, Cell Junctions
Q96JA3	PLEKHA8		Golgi apparatus
Q9ULL1	PLEKHG1		Nucleoplasm
Q9H7P9	PLEKHG2		Nucleoplasm
A1L390	PLEKHG3		Plasma membrane
Q58EX7	PLEKHG4		Cell Junctions
Q96PX9	PLEKHG4B		Nucleoplasm
O94827	PLEKHG5		Nucleoplasm
Q3KR16	PLEKHG6		Cell Junctions
Q6ZR37	PLEKHG7		Centrosome
Q9ULM0	PLEKHH1		Centrosome
Q8IVE3	PLEKHH2		Plasma membrane, Cytosol
Q7Z736	PLEKHH3		Golgi apparatus
Q9NW61	PLEKHJ1		Mitochondria
Q9Y4G2	PLEKHM1		Vesicles
Q6ZWE6	PLEKHM3		Cytosol
Q494U1	PLEKHN1		Plasma membrane
Q53GL0	PLEKHO1		Mitochondria
Q8TD55	PLEKHO2		Plasma membrane, Cytosol
Q5SXH7	PLEKHS1		Centrosome
P00747	PLG	Secreted to blood	Vesicles
Q02325	PLGLB1	Secreted to blood	Vesicles
	PLGLB2	Secreted to blood	Vesicles
Q9HBL7	PLGRKT		Mitochondria
O60240	PLIN1		Peroxisomes
Q99541	PLIN2		Lipid droplets
O60664	PLIN3		Lipid droplets
Q96Q06	PLIN4		Plasma membrane, Cytosol
Q00G26	PLIN5		Vesicles, Lipid droplets
Q9NYY3	PLK2		Nucleoplasm, Mitochondria, Cytosol
O00444	PLK4		Centrosome
Q02809	PLOD1	Intracellular and membrane	Vesicles
O00469	PLOD2	Intracellular and membrane	Nucleoli, Cytosol
O94903	PLPBP		Cytosol
O14494	PLPP1		Plasma membrane
O43688	PLPP2		Plasma membrane
O14495	PLPP3		Golgi apparatus
Q5VZY2	PLPP4		Nucleoli, Nucleoli rim
Q8NEB5	PLPP5		Vesicles
	PLPP6		Nucleoplasm, Vesicles
Q8NBV4	PLPP7		Nucleoplasm, Vesicles
Q8TBJ4	PLPPR1		Nucleoplasm
Q96GM1	PLPPR2		Nucleoplasm
Q6T4P5	PLPPR3		Golgi apparatus
Q32ZL2	PLPPR5		Plasma membrane
O43660	PLRG1		Nucleoplasm, Nuclear speckles
Q14651	PLS1		Plasma membrane
P13797	PLS3		Plasma membrane, Cytosol
O15162	PLSCR1		Nucleoplasm, Golgi apparatus, Plasma membrane
Q9NRY7	PLSCR2		Nucleoplasm
Q9NRY6	PLSCR3		Mitochondria
Q9NRQ2	PLSCR4		Nucleoplasm, Nuclear bodies
Q9BX97	PLVAP		Cytosol
Q6UX71	PLXDC2		Nuclear bodies
Q9UIW2	PLXNA1		Nucleoplasm, Cytosol
P51805	PLXNA3		Golgi apparatus, Cytosol
Q9HCM2	PLXNA4	Intracellular and membrane	Plasma membrane
O60486	PLXNC1		Mitochondria
Q8IYS1	PM20D2		Nucleoplasm
Q13794	PMAIP1		Vesicles
P40967	PMEL	Intracellular and membrane	Endoplasmic reticulum
Q969W9	PMEPA1	Intracellular and membrane	Vesicles
Q6P1K2	PMF1		Nucleoplasm
	PMF1-BGLAP		Nucleoplasm
Q8TBY8	PMFBP1		Nucleoplasm, Connecting piece
P29590	PML		Nuclear bodies
Q92871	PMM1		Cytosol
O15305	PMM2		Nucleoplasm, Cytosol
	PMPCA		Mitochondria
O75439	PMPCB		Mitochondria
P54277	PMS1		Nuclear bodies
P54278	PMS2		Nucleoplasm
Q6P2M8	PNCK		Plasma membrane, Cytosol
Q8TF01	PNISR		Nuclear speckles
	PNKD		Mitochondria
Q96T60	PNKP		Nucleoplasm, Nucleoli
Q8ND90	PNMA1		Cytosol
Q96PV4	PNMA5		Centrosome
P0CW24	PNMA6A		Mitochondria
Q86V59	PNMA8A		Nucleoplasm, Nuclear bodies
Q9H307	PNN		Nuclear speckles
Q9NRX1	PNO1		Nucleoli
Q13519	PNOC	Secreted to blood	Vesicles
P00491	PNP		Cytosol
P01298	PNP		Cytosol
Q96AD5	PNPLA2		Lipid droplets
Q9NST1	PNPLA3		Nucleoli
Q7Z6Z6	PNPLA5		Mid piece, Annulus
Q8IY17	PNPLA6		Endoplasmic reticulum, Cytosol
Q6ZV29	PNPLA7		Cytosol
Q9NP80	PNPLA8		Nucleoplasm, Cytosol
Q9NVS9	PNPO		Nucleoplasm, Cytosol
Q8TCS8	PNPT1		Mitochondria
Q12796	PNRC1		Nucleoplasm, Nucleoli
Q9NPJ4	PNRC2		Nucleoplasm
Q8NBT0	POC1A		Flagellar centriole
Q8TC44	POC1B		Cytosol, Flagellar centriole
	POC1B-GALNT4		Golgi apparatus
O00592	PODXL		Endoplasmic reticulum, Plasma membrane
Q9NZ53	PODXL2		Golgi apparatus
Q8WVV4	POF1B		Golgi apparatus
Q9H488	POFUT1	Intracellular and membrane	Centrosome
Q9P215	POGK		Nucleoplasm
Q8NBL1	POGLUT1	Intracellular and membrane	Endoplasmic reticulum
Q6UW63	POGLUT2	Intracellular and membrane	Nucleoplasm
Q7Z4H8	POGLUT3	Intracellular and membrane	Nucleoplasm
Q7Z3K3	POGZ		Nucleoplasm
P09884	POLA1		Nucleoplasm
Q14181	POLA2		Nucleoplasm
P06746	POLB		Vesicles, Cytosol
P28340	POLD1		Nucleoplasm
P49005	POLD2		Nucleoplasm
Q15054	POLD3		Nucleoplasm
Q9HCU8	POLD4		Centriolar satellite
Q9Y2S7	POLD4		Centriolar satellite
	POLDIP2		Mitochondria
Q9BY77	POLDIP3		Nuclear speckles
Q07864	POLE		Nucleoplasm
P56282	POLE2		Nucleoplasm, Nuclear bodies
Q9NRF9	POLE3		Nucleoplasm
Q9NR33	POLE4		Nucleoplasm
	POLG		Mitochondria
Q9UHN1	POLG2		Mitochondria
O75417	POLH		Nucleoplasm
Q9Y253	POLH		Nucleoplasm
Q9UNA4	POLI		Nuclear speckles
Q9UBT6	POLK		Nucleoplasm
Q9UGP5	POLL		Nucleoplasm
Q9NP87	POLM		Nucleoplasm
Q7Z5Q5	POLN		Nucleoplasm
	POLQ		Nucleoplasm
O95602	POLR1A		Nucleoli fibrillar center
Q9H9Y6	POLR1B		Nucleoli fibrillar center
O15160	POLR1C		Nucleoplasm, Nucleoli fibrillar center
P0DPB5	POLR1D		Nucleoplasm, Golgi apparatus
P0DPB6	POLR1D		Nucleoplasm, Golgi apparatus
Q9GZS1	POLR1E		Nucleoplasm, Nucleoli fibrillar center
Q3B726	POLR1F		Nucleoli fibrillar center
	POLR1G		Nucleoplasm, Nucleoli fibrillar center
Q9P1U0	POLR1H		Nucleoli fibrillar center
P24928	POLR2A		Nucleoplasm
P30876	POLR2B		Nucleoplasm
P19387	POLR2C		Nucleoplasm
O15514	POLR2D		Nucleoplasm, Nuclear speckles
P19388	POLR2E		Nucleoplasm
P61218	POLR2F		Nucleoplasm, Nucleoli fibrillar center
P62487	POLR2G		Nucleoplasm
P52434	POLR2H		Nucleoplasm
P36954	POLR2I		Nucleoplasm
P52435	POLR2J		Nucleoplasm
Q9GZM3	POLR2J2		Nucleoplasm
Q9H1A7	POLR2J3		Nucleoplasm
Q9H1A7	POLR2J3		Nucleoplasm
P53803	POLR2K		Nucleoli fibrillar center
P62875	POLR2L		Nucleoplasm
P0CAP2	POLR2M		Nucleoplasm
Q6EEV4	POLR2M		Nucleoplasm
O14802	POLR3A		Nucleoplasm
Q9NW08	POLR3B		Nuclear speckles
Q9BUI4	POLR3C		Nucleoplasm
P05423	POLR3D		Nucleoplasm
Q9NVU0	POLR3E		Nucleoplasm
Q9H1D9	POLR3F		Nucleoplasm
O15318	POLR3G		Nucleoplasm
Q9Y535	POLR3H		Nucleoplasm
Q9Y2Y1	POLR3K		Nucleoplasm
O00411	POLRMT		Mitochondria
Q96HA1	POM121		Nucleoplasm, Nuclear membrane
A8CG34	POM121C		Nucleoplasm, Nuclear membrane
Q9Y244	POMP		Nuclear speckles
Q9Y6A1	POMT1		Golgi apparatus
Q9UKY4	POMT2		Nucleoplasm
Q6PJE2	POMZP3		Nucleoplasm, Nuclear membrane
Q8WXC3	POP1		Nucleoli
Q99575	POP1		Nucleoli
O95707	POP4		Nucleoplasm, Nucleoli
P0DMW2	POP4		Nucleoplasm, Nucleoli
Q969H6	POP5		Nucleoplasm
O75817	POP7		Nucleoli, Vesicles
Q9HBV1	POPDC3		Nucleoli, Cytosol
P16435	POR		Vesicles
Q9H237	PORCN		Vesicles
Q15063	POSTN	Secreted to extracellular matrix	Golgi apparatus
Q9NUX5	POT1		Nucleoplasm
P28069	POU1F1		Nucleoplasm, Cytosol
Q8IXP5	POU2AF2		Nucleoplasm
A8K830	POU2AF3		Nucleoplasm
P14859	POU2F1		Nucleoplasm
P09086	POU2F2		Nucleoplasm, Vesicles
Q9UKI9	POU2F3		Nucleoplasm
Q03052	POU3F1		Nucleoplasm
P20265	POU3F2		Nucleoplasm
P20264	POU3F3		Nucleoplasm
P49335	POU3F4		Nucleoplasm
Q15319	POU4F3		Nucleoplasm
Q01860	POU5F1		Nucleoplasm
Q06416	POU5F1B		Nucleoplasm
Q8N7G0	POU5F2		Nucleoplasm
Q14863	POU6F1		Nuclear bodies
A8MPX8	PP2D1		Nucleoplasm
Q15181	PPA1		Vesicles
Q9H2U2	PPA2		Mitochondria
Q07869	PPARA		Primary cilium
P37231	PPARG		Nucleoplasm, Vesicles
Q9UBK2	PPARGC1A		Nucleoplasm
Q86YN6	PPARGC1B		Nucleoplasm
Q06203	PPAT		Midbody ring
Q96CD2	PPCDC		Cytosol
Q9HAB8	PPCS		Mitochondria
Q9H3Y8	PPDPF		Nucleoplasm, Microtubules
O14829	PPEF1		Plasma membrane
Q13136	PPFIA1		Cytosol
Q86W92	PPFIBP1		Plasma membrane
Q8ND30	PPFIBP2		Mitochondria
Q8NEY8	PPHLN1		Nucleoplasm
P23284	PPIB	Secreted to blood	Endoplasmic reticulum
Q08752	PPID		Cytosol
Q9UNP9	PPIE		Nuclear speckles
P30405	PPIF		Mitochondria
Q13427	PPIG		Nuclear speckles
Q9Y3C6	PPIL1		Nucleoli
Q13356	PPIL2		Nucleoplasm
Q9H2H8	PPIL3		Nucleoplasm
Q8WUA2	PPIL4		Nucleoplasm
Q8IXY8	PPIL6		Vesicles
Q6PFW1	PPIP5K1		Plasma membrane, Cytosol
O43314	PPIP5K2		Vesicles
O60437	PPL		Plasma membrane, Basal body, Cytosol
P35813	PPM1A		Cytosol
O75688	PPM1B		Nucleoli, Cytosol
O15297	PPM1D		Nucleoplasm
Q8WY54	PPM1E		Nucleoli
Q96MI6	PPM1E		Nucleoli
P49593	PPM1F		Nucleoplasm
O15355	PPM1G		Nucleoplasm
Q9ULR3	PPM1H		Nucleoplasm
Q5JR12	PPM1J		Vesicles
Q8N3J5	PPM1K		Mitochondria
Q5SGD2	PPM1L		Cytosol
	PPM1M		Nuclear bodies
Q8N819	PPM1N		Vesicles
Q9Y570	PPME1		Nucleoplasm
O43612	PPOX		Mitochondria
P50336	PPOX		Mitochondria
P62136	PPP1CA		Nucleoplasm, Plasma membrane, Cytosol
P62140	PPP1CB		Nucleoplasm
P36873	PPP1CC		Cytosol
Q96QC0	PPP1R10		Nucleoplasm
O60927	PPP1R11		Vesicles
O14974	PPP1R12A		Actin filaments, Cytosol
O60237	PPP1R12B		Plasma membrane, Actin filaments
Q96KQ4	PPP1R13B		Nucleoplasm
Q8WUF5	PPP1R13L		Cytosol
Q96A00	PPP1R14A		Nucleoplasm
O75807	PPP1R15A		Vesicles
Q5SWA1	PPP1R15B		Golgi apparatus
Q96I34	PPP1R16A		Plasma membrane
Q96T49	PPP1R16B		Plasma membrane
Q6NYC8	PPP1R18		Plasma membrane
Q8WVI7	PPP1R1C		Nucleoplasm
P41236	PPP1R2		Nucleoplasm
Q6ZMI0	PPP1R21		Vesicles
Q5T8A7	PPP1R26		Nucleoplasm
Q86WC6	PPP1R27		Plasma membrane, Cytosol
Q6NXS1	PPP1R2B		Nucleoplasm
Q7Z5V6	PPP1R32		Plasma membrane
Q8TAP8	PPP1R35		Nucleoplasm
O75864	PPP1R37		Cytosol
Q86XI6	PPP1R3B		Cytosol
Q9UQK1	PPP1R3C		Cytosol
O95685	PPP1R3D		Vesicles, Mitochondria, Calyx
Q9H7J1	PPP1R3E		Microtubules, Mitochondria
Q6ZSY5	PPP1R3F		Nucleoplasm, Vesicles
Q15435	PPP1R7		Nucleoli
Q12972	PPP1R8		Nuclear speckles
Q9ULJ8	PPP1R9A		Plasma membrane
P62714	PPP2CB		Nucleoplasm
P30153	PPP2R1A		Cytosol
P30154	PPP2R1B		Plasma membrane, Cytosol
P63151	PPP2R2A		Cytosol
Q00005	PPP2R2B		Cytosol
Q9Y2T4	PPP2R2C		Cytosol
Q66LE6	PPP2R2D		Cytosol
Q06190	PPP2R3A		Golgi apparatus
Q9Y5P8	PPP2R3B		Nucleoplasm
Q969Q6	PPP2R3C		Nucleoplasm
Q15172	PPP2R5A		Cytosol
Q13362	PPP2R5C		Nucleoplasm, Cytosol
Q14738	PPP2R5D		Cytosol
Q16537	PPP2R5E		Cytosol
Q08209	PPP3CA		Cytosol
P16298	PPP3CB		Cytosol
P48454	PPP3CC		Cytosol
P63098	PPP3R1		Plasma membrane
Q96LZ3	PPP3R2		Plasma membrane
P60510	PPP4C		Nucleoplasm
Q8TF05	PPP4R1		Plasma membrane, Cytosol
Q9NY27	PPP4R2		Nucleoplasm
Q6IN85	PPP4R3A		Nucleoplasm
Q5MIZ7	PPP4R3B		Nucleoplasm, Nuclear speckles
Q6NUP7	PPP4R4		Cytosol
P53041	PPP5C		Vesicles, Cytosol
Q9UPN7	PPP6R1		Cytosol
O75170	PPP6R2		Cytosol
Q5H9R7	PPP6R3		Nucleoplasm, Plasma membrane, Cytosol
Q5VV67	PPRC1		Nucleoplasm
P50897	PPT1	Intracellular and membrane	Golgi apparatus, Vesicles
Q9UMR5	PPT2	Intracellular and membrane	Golgi apparatus, Vesicles
Q8NI37	PPTC7		Plasma membrane, Cytosol
Q96BP3	PPWD1		Nuclear bodies
O60828	PQBP1		Nucleoplasm, Nuclear speckles, Primary cilium
Q96KF2	PRAC1		Nucleoplasm
O60831	PRAF2		Endoplasmic reticulum
Q86YV5	PRAG1		Nucleoli
Q96QH2	PRAM1		Golgi apparatus
P78395	PRAME		Nucleoplasm
O95522	PRAMEF12		Nucleoplasm
O43663	PRC1		Microtubules, Cytokinetic bridge, Midbody
Q92733	PRCC		Nuclear speckles
P42785	PRCP	Intracellular and membrane	Vesicles
O75626	PRDM1		Nucleoli
Q9NQV6	PRDM10		Nucleoplasm
Q9H4Q4	PRDM12		Nucleoplasm
Q9H4Q3	PRDM13		Nucleoplasm, Nuclear speckles
Q9GZV8	PRDM14		Nucleoplasm
P57071	PRDM15		Nuclear bodies
Q9HAZ2	PRDM16		Nucleoplasm
Q13029	PRDM2		Nucleoplasm, Golgi apparatus
Q9UKN5	PRDM4		Nucleoplasm
Q9NQX1	PRDM5		Nucleoli, Nuclear bodies
Q9NQX0	PRDM6		Nucleoplasm
Q9NQW5	PRDM7		Nuclear speckles
Q9NQV8	PRDM8		Nuclear bodies
Q06830	PRDX1		Mitochondria
P32119	PRDX2		Cytosol
P30048	PRDX3		Vesicles, Mitochondria
Q13162	PRDX4	Intracellular and membrane	Endoplasmic reticulum
P30044	PRDX5		Mitochondria
P30041	PRDX6		Plasma membrane, Cytosol
Q9HCU5	PREB		Endoplasmic reticulum
Q9Y255	PRELID1		Mitochondria
Q8N945	PRELID2		Nucleoplasm
Q9Y3B1	PRELID3B		Nucleoplasm
P51888	PRELP	Secreted to extracellular matrix	Endoplasmic reticulum
P48147	PREP		Cytosol
Q8TCU6	PREX1		Vesicles, Cytosol
Q70Z35	PREX2		Endoplasmic reticulum
P14222	PRF1	Intracellular and membrane	Cytosol
Q96MT3	PRICKLE1		Nucleoplasm
Q7Z3G6	PRICKLE2		Golgi apparatus
Q2TBC4	PRICKLE4		Centriolar satellite
P49643	PRIM2		Nucleoplasm
Q86XR5	PRIMA1		Plasma membrane
Q96LW4	PRIMPOL		Cytosol
Q13131	PRKAA1		Nuclear speckles
P54646	PRKAA2		Nuclear speckles
Q9Y478	PRKAB1		Cytosol
O43741	PRKAB2		Nucleoplasm
P17252	PRKACA		Cytosol
P17612	PRKACA		Cytosol
P22694	PRKACB		Cytosol
P22612	PRKACG		Cytosol
P54619	PRKAG1		Nuclear bodies, Cytosol
Q9UGJ0	PRKAG2		Nucleoplasm
Q9UGI9	PRKAG3		Mitochondria
P10644	PRKAR1A		Cytosol
P13861	PRKAR2A		Centriolar satellite, Basal body, Mid piece
P31323	PRKAR2B		Golgi apparatus, Centrosome, Basal body, Cytosol
	PRKCA		Cytosol
P05771	PRKCB		Nucleoplasm
Q05655	PRKCD		Cytosol
Q02156	PRKCE		Intermediate filaments, Cytosol
C0HM02	PRKCH		Cytosol
P24723	PRKCH		Cytosol
P41743	PRKCI		Cytosol
Q04759	PRKCQ		Centriolar satellite
P14314	PRKCSH	Intracellular and membrane	Endoplasmic reticulum
Q05513	PRKCZ		Cytosol
Q15139	PRKD1		Plasma membrane
	PRKD2		Nucleoplasm
O94806	PRKD3		Plasma membrane, Cytosol
P78527	PRKDC		Nucleoplasm
Q13976	PRKG1		Vesicles, Cytosol
O60260	PRKN		Nuclear speckles
O75569	PRKRA		Cytosol
Q9H875	PRKRIP1		Actin filaments
P51817	PRKX		Nucleoplasm
P04553	PRM1		Nucleoplasm, Cytosol
Q99873	PRMT1		Nucleoplasm
P55345	PRMT2		Nucleoplasm, Cytosol
O14744	PRMT5		Nucleoplasm, Cytosol
Q96LA8	PRMT6		Nucleoplasm, Nucleoli
Q9NVM4	PRMT7		Nucleoplasm
Q6P2P2	PRMT9		Microtubules
F7VJQ1	PRNP		Nuclear membrane, Cytosol
P04156	PRNP		Nuclear membrane, Cytosol
E7EW31	PROB1		Nucleoplasm
Q8NCQ7	PROCA1		Nuclear membrane
O43272	PRODH		Mitochondria
O43272	PRODH		Mitochondria
Q9UF12	PRODH2		Nucleoplasm
O43490	PROM1		Plasma membrane
Q8N271	PROM2		Nucleoplasm, Plasma membrane
O15091	PRORP		Mitochondria
Q86XN7	PROSER1		Nucleoplasm
Q86WR7	PROSER2		Plasma membrane, Cytosol
Q2NL68	PROSER3		Golgi apparatus
Q92786	PROX1		Nucleoplasm
Q99633	PRPF18		Nuclear speckles
Q9UMS4	PRPF19		Nuclear speckles
O43395	PRPF3		Nucleoplasm
Q8WWY3	PRPF31		Nucleoplasm
Q8NAV1	PRPF38A		Nucleoplasm
Q86UA1	PRPF39		Nucleoplasm
O43172	PRPF4		Nuclear speckles
O75400	PRPF40A		Nuclear speckles
Q6NWY9	PRPF40B		Nuclear bodies
	PRPF4B		Nuclear speckles
O94906	PRPF6		Nucleoplasm, Nuclear speckles, Basal body
Q6P2Q9	PRPF8		Nucleoplasm, Nuclear speckles
P60891	PRPS1		Vesicles
P21108	PRPS1L1		Vesicles
P11908	PRPS2		Vesicles
Q14558	PRPSAP1		Cytosol
O60256	PRPSAP2		Nucleoplasm, Cytosol
Q96HE9	PRR11		Endoplasmic reticulum
Q9ULL5	PRR12		Cytosol
Q9NZ81	PRR13		Nucleoplasm
Q9BWN1	PRR14		Nucleoplasm
Q5THK1	PRR14L		Nucleoplasm
Q8IV56	PRR15		Vesicles
Q9BU68	PRR15L		Cytosol
Q569H4	PRR16		Nucleoplasm
A6NJB7	PRR19		Nucleoli, Nucleoli rim, Mitotic chromosome
Q8IZ63	PRR22		Nucleoplasm
A6NEV1	PRR23A		Nucleoplasm, Microtubules
Q6ZRT6	PRR23B		Nucleoplasm, Microtubules
Q6ZRP0	PRR23C		Nucleoplasm, Microtubules
P0C7W0	PRR29		Nucleoli
P79522	PRR3		Nucleoplasm
B1ATL7	PRR32		Plasma membrane
P0CG20	PRR35		Nucleoli
Q9H6K5	PRR36		Golgi apparatus
Q6MZQ0	PRR5L		Cytokinetic bridge, Cytosol
Q8TB68	PRR7		Nucleoplasm, Plasma membrane, Cytosol
Q5T870	PRR9		Cytosol
Q96M27	PRRC1		Vesicles
P48634	PRRC2A		Cytosol
Q5JSZ5	PRRC2B		Cytosol
Q9Y520	PRRC2C		Cytosol
O14668	PRRG1		Vesicles, Plasma membrane
O14669	PRRG2		Nucleoplasm, Nucleoli
Q9BZD6	PRRG4		Golgi apparatus
Q7Z6L0	PRRT2		Plasma membrane
Q5FWE3	PRRT3	Intracellular and membrane	Plasma membrane
C9JH25	PRRT4	Intracellular and membrane	Nucleoplasm
P54821	PRRX1		Nucleoplasm
Q99811	PRRX2		Nucleoplasm
P07477	PRSS1	Secreted to digestive system	Vesicles
P07478	PRSS2	Secreted to digestive system	Vesicles
Q9Y6M0	PRSS21	Intracellular and membrane	Cytosol, Mid piece, Principal piece
Q9BQR3	PRSS27	Secreted to digestive system	Vesicles
P35030	PRSS3	Secreted to digestive system	Vesicles
Q6UWB4	PRSS55	Intracellular and membrane	Acrosome
Q9NRG1	PRTFDC1		Nucleoplasm
Q2VWP7	PRTG		Cytosol
P24158	PRTN3	Secreted to blood	Cytosol
Q86TP1	PRUNE1		Cytosol
Q8WUY3	PRUNE2		Cytosol
Q9BXM0	PRX		Golgi apparatus, Vesicles, Plasma membrane
Q8TBF2	PRXL2B		Cytosol
P07602	PSAP	Intracellular and membrane	Vesicles
Q8IWL1	PSAP	Intracellular and membrane	Vesicles
Q8IWL2	PSAP	Intracellular and membrane	Vesicles
Q9NZJ7	PSAP	Intracellular and membrane	Vesicles
Q6NUJ1	PSAPL1	Secreted - unknown location	Cytosol
Q9Y617	PSAT1		Cytosol
O43653	PSCA		Plasma membrane
Q9BQI7	PSD2		Plasma membrane
Q9NYI0	PSD3		Nucleoplasm, Vesicles
P49768	PSEN1		Golgi apparatus
Q00887	PSG11	Secreted in female reproductive system	Vesicles
Q9UQ72	PSG11	Secreted in female reproductive system	Vesicles
O75475	PSIP1		Nucleoplasm
P11801	PSKH1		Nuclear speckles
Q96QS6	PSKH2		Nucleoplasm
P25786	PSMA1		Nucleoplasm
P25789	PSMA4		Nucleoplasm, Cytosol
P28066	PSMA5		Cytosol
P60900	PSMA6		Nucleoplasm
O14818	PSMA7		Vesicles, Principal piece
Q8TAA3	PSMA8		Vesicles, Principal piece
P20618	PSMB1		Nucleoplasm
P40306	PSMB10		Vesicles, Cytosol
P49721	PSMB2		Nucleoplasm
P28070	PSMB4		Nucleoplasm
P28074	PSMB5		Nucleoplasm
P28072	PSMB6		Nucleoplasm, Cytosol
Q99436	PSMB7		Nucleoplasm
P28062	PSMB8		Vesicles
P28065	PSMB9		Cytosol
P62191	PSMC1		Nucleoplasm, Cytosol
P35998	PSMC2		Cytosol, Cytoplasmic bodies
P17980	PSMC3		Nucleoplasm, Cytosol
Q9P2W1	PSMC3IP		Nucleoplasm
P43686	PSMC4		Nucleoplasm, Cytosol
P62195	PSMC5		Plasma membrane, Cytosol
P62333	PSMC6		Nucleoplasm, Cytosol
Q99460	PSMD1		Nucleoplasm
O75832	PSMD10		Cytosol, Mid piece
O00231	PSMD11		Nucleoplasm, Golgi apparatus
O00232	PSMD12		Microtubules
Q9UNM6	PSMD13		Nuclear speckles
O00487	PSMD14		Nucleoplasm
Q13200	PSMD2		Centriolar satellite, Cytosol, Flagellar centriole
O43242	PSMD3		Nucleoplasm
P55036	PSMD4		Nucleoplasm
Q16401	PSMD5		Nucleoplasm, Cytosol
P51665	PSMD7		Nucleoplasm, Acrosome, Equatorial segment, Mid piece, Principal piece
P48556	PSMD8		Cytosol
O00233	PSMD9		Cytosol
Q06323	PSME1		Cytosol
Q9UL46	PSME2		Nucleoplasm
P61289	PSME3		Nucleoplasm
Q9GZU8	PSME3IP1		Nucleoplasm
Q14997	PSME4		Nucleoplasm
Q92530	PSMF1		Cytosol
O95456	PSMG1		Nucleoplasm, Golgi apparatus, Cytosol
Q969U7	PSMG2		Nuclear bodies
Q5JS54	PSMG4		Nucleoplasm, Mitochondria
Q9UIG5	PSORS1C1		Nucleoplasm
Q8WXF1	PSPC1		Nucleoplasm
P78330	PSPH		Cytosol
Q6PGN9	PSRC1		Cytosol
Q8IV42	PSTK		Actin filaments
O43586	PSTPIP1		Plasma membrane, Cytosol
Q9H939	PSTPIP2		Plasma membrane
P25105	PTAFR		Plasma membrane
Q7Z6K3	PTAR1		Plasma membrane, Cytosol
P26599	PTBP1		Nucleoplasm
Q9UKA9	PTBP2		Nucleoplasm
O95758	PTBP3		Nucleoplasm
O75127	PTCD1		Mitochondria
Q96EY7	PTCD3		Mitochondria
Q13635	PTCH1		Golgi apparatus
Q9Y6C5	PTCH2		Plasma membrane
Q6ZW05	PTCHD4		Plasma membrane, Cytosol
P48651	PTDSS1		Endoplasmic reticulum
P60484	PTEN	Intracellular and membrane	Nucleoplasm, Cytosol
Q96BW5	PTER		Nucleoplasm
Q7RTS3	PTF1A		Nucleoplasm
Q13258	PTGDR		Plasma membrane, Cytosol
O14684	PTGES		Endoplasmic reticulum
Q15185	PTGES3		Cytosol
	PTGES3L-AARSD1		Nuclear membrane, Cytosol
Q16647	PTGIS		Endoplasmic reticulum
Q8N8N7	PTGR2		Vesicles
Q8N4Q0	PTGR3		Vesicles
P23219	PTGS1	Intracellular and membrane	Golgi apparatus, Vesicles
P35354	PTGS2	Intracellular and membrane	Vesicles
Q03431	PTH1R		Plasma membrane, Cytosol
P12272	PTHLH	Secreted in other tissues	Nucleoplasm, Cytosol
Q05397	PTK2		Focal adhesion sites
Q14289	PTK2B		Plasma membrane, Cytosol
Q13882	PTK6		Nucleoplasm
Q13308	PTK7	Secreted to blood	Plasma membrane, Cytosol
P06454	PTMA		Nucleoplasm
P20962	PTMS		Nucleoli, Nucleoli rim
P21246	PTN	Secreted to blood	Endoplasmic reticulum
Q86YD1	PTOV1		Nucleoplasm
P18433	PTPA		Nucleoplasm
Q15257	PTPA		Nucleoplasm
A2A3K4	PTPDC1		Nucleoplasm
Q8WUK0	PTPMT1		Mitochondria
P18031	PTPN1		Endoplasmic reticulum
Q06124	PTPN11		Nucleoli rim
Q05209	PTPN12		Plasma membrane
Q12923	PTPN13		Plasma membrane, Primary cilium
Q15678	PTPN14		Nucleoplasm
	PTPN18		Intermediate filaments
P17706	PTPN2		Nucleoplasm
Q4JDL3	PTPN20		Centriolar satellite
Q16825	PTPN21		Cytosol
Q9Y2R2	PTPN22		Nucleoplasm
Q9H3S7	PTPN23		Nucleoplasm, Nuclear bodies, Basal body
P29074	PTPN4		Nucleoplasm
P54829	PTPN5		Endoplasmic reticulum
P29350	PTPN6		Nucleoplasm
P35236	PTPN7		Cytosol
P43378	PTPN9		Vesicles
	PTPRA		Vesicles
P23467	PTPRB		Plasma membrane
P08575	PTPRC	Intracellular and membrane	Nucleoplasm, Vesicles
Q14761	PTPRCAP	Intracellular and membrane	Plasma membrane
P23468	PTPRD	Intracellular and membrane	Vesicles
P23469	PTPRE		Intermediate filaments
P10586	PTPRF	Intracellular and membrane	Golgi apparatus
P23470	PTPRG		Plasma membrane
Q9HD43	PTPRH		Nuclear speckles, Cytosol
Q12913	PTPRJ	Secreted to blood	Nucleoplasm, Cell Junctions
Q15262	PTPRK		Cell Junctions
P28827	PTPRM		Plasma membrane
Q16849	PTPRN		Endoplasmic reticulum
Q92932	PTPRN2		Vesicles
Q15256	PTPRQ		Cytosol
Q9UMZ3	PTPRQ		Cytosol
	PTPRR	Secreted - unknown location	Plasma membrane, Cell Junctions, Cytosol
Q13332	PTPRS	Secreted - unknown location	Plasma membrane, Cytosol
P23471	PTPRZ1	Secreted in brain	Cytosol
Q9Y3E5	PTRH2		Mitochondria
Q6GMV3	PTRHD1		Nucleoplasm
Q03393	PTS		Cytosol
O95997	PTTG1		Cytosol
P53801	PTTG1IP		Nucleoplasm
Q9NZH5	PTTG2		Cytosol
O75364	PTX3	Secreted to blood	Plasma membrane
P26022	PTX3	Secreted to blood	Plasma membrane
Q08623	PUDP		Nucleoplasm
Q9UHX1	PUF60		Nucleoplasm
Q14671	PUM1		Cytosol
Q8TB72	PUM2		Cytosol
Q15397	PUM3		Nucleoli
Q96QR8	PURB		Nucleoplasm
Q9UJV8	PURG		Nucleoplasm
Q9Y606	PUS1		Nucleoplasm, Mitochondria
Q3MIT2	PUS10		Nucleoplasm, Nuclear bodies, Mitochondria
Q9BZE2	PUS3		Nucleoplasm
Q96PZ0	PUS7		Nucleoplasm
Q9H0K6	PUS7L		Nuclear speckles
Q8N0Z8	PUSL1		Vesicles
P20472	PVALB		Nucleoplasm
P15151	PVR	Secreted - unknown location	Nucleoplasm, Vesicles, Plasma membrane
Q13610	PWP1		Nucleoli rim
Q15269	PWP2		Nucleoli
Q96N64	PWWP2A		Nucleoplasm
Q6NUJ5	PWWP2B		Nucleoplasm
Q2TAK8	PWWP3A		Nucleoplasm, Cytosol
Q5TGL8	PXDC1		Plasma membrane
A1KZ92	PXDNL	Intracellular and membrane	Nucleoplasm, Cytosol
Q7Z7A4	PXK		Cytosol
Q9Y6I8	PXMP4		Peroxisomes
P49023	PXN		Focal adhesion sites
Q8NFP0	PXT1		Vesicles
Q9ULZ3	PYCARD		Nucleoplasm
Q96C36	PYCR2		Mitochondria
Q53H96	PYCR3		Cytosol
Q56P42	PYDC2		Nucleoplasm, Nucleoli
P11216	PYGB		Cytosol
P06737	PYGL		Plasma membrane, Cytosol
Q9Y3Y4	PYGO1		Nucleoplasm
Q9BRQ0	PYGO2		Nucleoplasm
Q6K0P9	PYHIN1		Nucleoli
Q9BRP8	PYM1		Nucleoplasm, Nucleoli, Cytosol
Q8WU10	PYROXD1		Nuclear speckles
Q8N2H3	PYROXD2		Mitochondria
Q96I23	PYURF		Nucleoplasm
P47897	QARS1		Cytosol
P09417	QDPR		Mitochondria
Q96PU8	QKI		Nucleoplasm
Q16769	QPCT	Secreted to blood	Cytosol
Q9NXS2	QPCTL		Golgi apparatus
Q15274	QPRT		Vesicles
Q2TAL8	QRICH1		Nucleoplasm
Q9H0J4	QRICH2		Nucleoplasm, Nuclear membrane
Q9H0R6	QRSL1		Vesicles
Q2KHR3	QSER1		Nucleoplasm
O00391	QSOX1	Secreted to extracellular matrix	Golgi apparatus
Q6ZRP7	QSOX2	Intracellular and membrane	Golgi apparatus
Q9BXR0	QTRT1		Mitochondria
Q9H974	QTRT2		Endoplasmic reticulum
Q9Y3T6	R3HCC1		Cytosol
Q7Z5L2	R3HCC1L		Nucleoplasm, Nuclear speckles
Q15032	R3HDM1		Nucleoplasm, Cytosol
Q9Y2K5	R3HDM2		Nucleoplasm
Q96D70	R3HDM4		Nucleoplasm
Q9H3Y0	R3HDML	Secreted - unknown location	Cytosol
P62491	RAB11A		Vesicles, Centriolar satellite
Q15907	RAB11B		Vesicles, Centriolar satellite
Q6WKZ4	RAB11FIP1		Vesicles
Q7L804	RAB11FIP2		Vesicles
O75154	RAB11FIP3		Vesicles, Centriolar satellite, Basal body
Q86YS3	RAB11FIP4		Golgi apparatus, Vesicles, Connecting piece, Mid piece
Q9BXF6	RAB11FIP5		Vesicles, Centriolar satellite, Basal body
Q6IQ22	RAB12		Vesicles
P51153	RAB13		Plasma membrane, Cytosol
P61106	RAB14		Vesicles
P59190	RAB15		Vesicles, Centriolar satellite
Q9H0T7	RAB17		Vesicles
P62820	RAB1A		Endoplasmic reticulum, Cytosol
Q9H0U4	RAB1B		Golgi apparatus
Q9NX57	RAB20		Vesicles
Q9UL26	RAB22A		Golgi apparatus, Vesicles
Q9ULC3	RAB23		Plasma membrane, Cytosol
Q969Q5	RAB24		Cytosol
P57735	RAB25		Plasma membrane
Q9ULW5	RAB26		Plasma membrane, Centrosome
P51159	RAB27A		Mid piece, Principal piece
O00194	RAB27B		Golgi apparatus, Plasma membrane
O14966	RAB29		Nuclear membrane, Vesicles
Q15771	RAB30		Vesicles
Q13636	RAB31		Golgi apparatus, Vesicles
Q13637	RAB32		Cytosol
Q14088	RAB33A		Vesicles
P0DI83	RAB34		Nucleoplasm, Primary cilium
Q9BZG1	RAB34		Nucleoplasm, Primary cilium
O95755	RAB36		Vesicles
P20336	RAB3A		Nucleoplasm
P20337	RAB3B		Cell Junctions
Q96E17	RAB3C		Cytosol
O95716	RAB3D		Vesicles
Q15042	RAB3GAP1		Nucleoplasm
Q9H2M9	RAB3GAP2		Cytosol
Q8TBN0	RAB3IL1		Centriolar satellite, Cytosol
Q96QF0	RAB3IP		Nucleoplasm
Q8WXH6	RAB40A		Vesicles
P0C0E4	RAB40AL		Vesicles
Q12829	RAB40B		Vesicles
Q96S21	RAB40C		Vesicles
Q5JT25	RAB41		Cytosol
Q86YS6	RAB41		Cytosol
Q8N4Z0	RAB42		Endoplasmic reticulum
	RAB43		Plasma membrane
Q7Z6P3	RAB44		Vesicles
P20339	RAB5A		Nucleoplasm, Vesicles
P61020	RAB5B		Vesicles
P51148	RAB5C		Endosomes
Q9BUV8	RAB5IF		Mitochondria
P20340	RAB6A		Golgi apparatus
Q9NRW1	RAB6B		Golgi apparatus
Q9H0N0	RAB6C		Golgi apparatus
Q53S08	RAB6D		Golgi apparatus
P51149	RAB7A		Lysosomes, Primary cilium transition zone
P61006	RAB8A		Nucleoplasm, Nucleoli, Plasma membrane
P51151	RAB9A		Nucleoplasm
Q15276	RABEP1		Vesicles, Cytosol
Q9H5N1	RABEP2		Cytosol
Q7Z6M1	RABEPK		Vesicles
Q9Y3P9	RABGAP1		Cytosol
Q9UJ41	RABGEF1		Cytosol
P53611	RABGGTB		Vesicles
P47224	RABIF		Microtubules, Cytokinetic bridge
Q9UBK7	RABL2A		Centrosome, Basal body
Q9UNT1	RABL2B		Centrosome, Basal body
Q5HYI8	RABL3		Endoplasmic reticulum
Q3YEC7	RABL6		Centrosome, Cytosol
P63000	RAC1		Nucleoplasm, Cytosol
Q9H0H5	RACGAP1		Nucleoplasm
P63244	RACK1		Nucleoplasm
O60671	RAD1		Nucleoplasm, Vesicles
O75943	RAD17		Nucleoplasm
Q9NS91	RAD18		Nucleoplasm, Nuclear bodies
O60216	RAD21		Nucleoplasm
P54725	RAD23A		Nucleoplasm
P54727	RAD23B		Nucleoplasm
Q92878	RAD50		Nucleoplasm
Q06609	RAD51		Nucleoli
Q96B01	RAD51AP1		Nucleoplasm
Q09MP3	RAD51AP2		Nucleoli
O15315	RAD51B		Nuclear bodies
O43502	RAD51C		Nucleoplasm, Mitochondria, Cytosol
P43351	RAD52		Nuclear speckles
Q9Y620	RAD54B		Nucleoplasm, Cytosol
Q92698	RAD54L		Nucleoplasm
Q9Y4B4	RAD54L2		Nucleoplasm
Q99638	RAD9A		Nucleoplasm
Q96JH8	RADIL		Nucleoplasm, Nuclear membrane
Q6NSI4	RADX		Nuclear speckles
P78406	RAE1		Nucleoplasm, Nucleoli fibrillar center
Q8TD07	RAET1E	Intracellular and membrane	Focal adhesion sites
Q6H3X3	RAET1G	Secreted - unknown location	Vesicles, Plasma membrane
Q5VY80	RAET1L		Vesicles, Plasma membrane
P04049	RAF1		Plasma membrane, Cytosol
P15918	RAG1		Nucleoplasm
P55895	RAG2		Nucleoplasm
Q7Z5J4	RAI1		Nucleoplasm
Q9P0K7	RAI14		Nucleoplasm
Q9Y5P3	RAI2		Plasma membrane
P11233	RALA		Plasma membrane
Q15311	RALBP1		Nucleoplasm, Plasma membrane
Q6GYQ0	RALGAPA1		Cytosol
Q2PPJ7	RALGAPA2		Plasma membrane, Cytosol
Q86X10	RALGAPB		Nuclear speckles
Q12967	RALGDS		Nucleoplasm
Q86X27	RALGPS2		Nucleoplasm, Cytosol
Q9UKM9	RALY		Nucleoplasm
Q86SE5	RALYL		Nucleoplasm
Q9BTL3	RAMAC		Nucleoplasm
A0A3B3IU46	RAMACL		Nucleoplasm
O60894	RAMP1		Nucleoplasm, Nuclear membrane
O60895	RAMP2		Vesicles
O60896	RAMP3		Plasma membrane
P62826	RAN		Nucleoplasm
P43487	RANBP1		Cytosol
Q9H2T7	RANBP17		Nucleoplasm, Nuclear bodies
P49792	RANBP2		Nuclear membrane
Q9H6Z4	RANBP3		Nucleoplasm
Q86VV4	RANBP3L		Nucleoplasm
O60518	RANBP6		Vesicles
Q96S59	RANBP9		Nucleoplasm
P46060	RANGAP1		Nuclear membrane
Q9HD47	RANGRF		Nucleoplasm
P47736	RAP1GAP		Cytosol
Q684P5	RAP1GAP2		Nuclear membrane, Cytosol
P52306	RAP1GDS1		Cytosol
Q13905	RAPGEF1		Vesicles
Q9Y4G8	RAPGEF2		Plasma membrane, Cytosol
O95398	RAPGEF3		Cytosol
Q8WZA2	RAPGEF4		Focal adhesion sites
Q92565	RAPGEF5		Nucleoplasm
Q8TEU7	RAPGEF6		Cytosol
Q9UHV5	RAPGEFL1		Nucleoplasm, Microtubules
Q70E73	RAPH1		Nuclear bodies, Plasma membrane
Q13702	RAPSN		Plasma membrane, Centrosome, Cytosol
P10276	RARA		Nucleoplasm
P10826	RARB		Nucleoplasm
P13631	RARG		Nucleoplasm
P49788	RARRES1	Intracellular and membrane	Golgi apparatus
P54136	RARS1		Cytosol
Q5T160	RARS2		Mitochondria
P20936	RASA1		Vesicles, Basal body
Q15283	RASA2		Vesicles
O43374	RASA4		Vesicles
C9J798	RASA4B		Vesicles
O95294	RASAL1		Plasma membrane, Cytosol
Q9UJF2	RASAL2		Plasma membrane, Focal adhesion sites
Q86YV0	RASAL3		Nucleoplasm, Plasma membrane
Q9Y272	RASD1		Nucleoplasm
Q96D21	RASD2		Plasma membrane, Cytosol
Q8IZ41	RASEF		Microtubules
Q8N9B8	RASGEF1A		Golgi apparatus
Q0VAM2	RASGEF1B		Nucleoplasm
Q8N431	RASGEF1C		Mitochondria
Q13972	RASGRF1		Golgi apparatus
O14827	RASGRF2		Endoplasmic reticulum
O95267	RASGRP1		Cytosol
Q7LDG7	RASGRP2		Plasma membrane
Q8IV61	RASGRP3		Cytosol
Q8TDF6	RASGRP4		Nucleoplasm, Cytosol
Q96S79	RASL10B		Vesicles
Q6T310	RASL11A		Nuclear bodies
Q9BPW5	RASL11B		Nuclear bodies
A6NK89	RASSF10		Vesicles
P50749	RASSF2		Nucleoplasm
Q86WH2	RASSF3		Plasma membrane, Cytosol
Q8WYP3	RASSF4		Nucleoplasm, Nucleoli
Q9H2L5	RASSF4		Nucleoplasm, Nucleoli
Q6ZTQ3	RASSF6		Nucleoplasm, Golgi apparatus
Q02833	RASSF7		Centriolar satellite
Q8NHQ8	RASSF8		Mitochondria, Cytosol
Q8IY67	RAVER1		Nucleoplasm
Q9HCJ3	RAVER2		Nucleoplasm
Q96IS3	RAX2		Nuclear speckles
P06400	RB1		Nucleoplasm
Q8TDY2	RB1CC1		Cytosol
Q9NYW8	RBAK		Nucleoplasm
Q09028	RBBP4		Nucleoplasm
Q15291	RBBP5		Nucleoplasm, Nucleoli
Q7Z6E9	RBBP6		Nuclear speckles
Q16576	RBBP7		Nucleoplasm
Q99708	RBBP8		Nucleoplasm
Q8NC74	RBBP8NL		Nucleoplasm, Vesicles
O75884	RBBP9		Nucleoplasm
Q8N0V3	RBFA		Mitochondria
Q9NWB1	RBFOX1		Nucleoplasm
O43251	RBFOX2		Nucleoplasm
A6NFN3	RBFOX3		Nucleoplasm
Q8N0T1	RBIS		Nucleoplasm, Nucleoli
Q9H477	RBKS		Cytosol
P28749	RBL1		Nucleoplasm
Q08999	RBL2		Nucleoplasm, Nucleoli rim, Mitotic chromosome
P0DW28	RBM10		Nuclear speckles
P98175	RBM10		Nuclear speckles
P57052	RBM11		Nucleoplasm
Q9NTZ6	RBM12		Nucleoplasm
Q8IXT5	RBM12B		Nucleoplasm
Q96PK6	RBM14		Nucleoplasm
	RBM14-RBM4		Nucleoplasm
Q96T37	RBM15		Nucleoplasm
Q8NDT2	RBM15B		Nucleoplasm
Q96I25	RBM17		Nucleoplasm
Q96H35	RBM18		Nucleoplasm
Q9Y4C8	RBM19		Nucleoli
Q5T481	RBM20		Nucleoplasm, Golgi apparatus
Q9NW64	RBM22		Nucleoplasm
Q86U06	RBM23		Intermediate filaments
Q9BX46	RBM24		Nucleoplasm
P49756	RBM25		Nuclear speckles
Q5T8P6	RBM26		Nuclear speckles
Q9P2N5	RBM27		Nuclear speckles
Q9NW13	RBM28		Nucleoli
P98179	RBM3		Nucleoplasm
Q96EV2	RBM33		Nucleoplasm
P42696	RBM34		Nucleoli
Q9H0Z9	RBM38		Nucleoplasm, Cytosol
Q14498	RBM39		Nucleoplasm, Nuclear speckles
Q9BWF3	RBM4		Nucleoplasm
Q96IZ5	RBM41		Nuclear speckles, Cytosol
Q9BTD8	RBM42		Nucleoplasm
Q6ZSC3	RBM43		Nucleoli
Q6ZP01	RBM44		Cytosol
Q8IUH3	RBM45		Nucleoplasm
Q8TBY0	RBM46		Cytosol
A0AV96	RBM47		Nucleoplasm, Cytosol
Q5RL73	RBM48		Nucleoplasm
Q9BQ04	RBM4B		Nucleoplasm
P52756	RBM5		Nucleoplasm
P78332	RBM6		Nuclear speckles
Q9Y580	RBM7		Nucleoplasm
Q9Y5S9	RBM8A		Nuclear speckles
P29558	RBMS1		Cytosol
Q15434	RBMS2		Nucleoli fibrillar center
Q6XE24	RBMS3		Vesicles
P38159	RBMX		Nucleoplasm
Q9Y388	RBMX2		Nuclear membrane
Q96E39	RBMXL1		Nucleoplasm
P0DJD3	RBMY1A1		Nucleoplasm
A6NDE4	RBMY1B		Nucleoplasm
P0C7P1	RBMY1D		Nucleoplasm
A6NEQ0	RBMY1E		Nucleoplasm
Q15415	RBMY1F		Nucleoplasm, Nucleoli
	RBMY1J		Nucleoplasm
O95153	RBP1		Cytosol
P09455	RBP1		Cytosol
O15034	RBP2		Golgi apparatus
P50120	RBP2		Golgi apparatus
P29762	RBP5		Golgi apparatus
P82980	RBP5		Golgi apparatus
Q96R05	RBP7		Nuclear speckles, Cytosol
Q06330	RBPJ		Nucleoplasm
Q93062	RBPMS		Nucleoplasm
Q9H1K0	RBSN		Vesicles
P62877	RBX1		Nucleoplasm
Q5TC82	RC3H1		Cytosol
Q9HBD1	RC3H2		Vesicles
P53805	RCAN1		Cytosol
Q14206	RCAN2		Mitochondria
Q9UKA8	RCAN3		Nuclear speckles
Q8NDN9	RCBTB1		Nucleoplasm
O95199	RCBTB2		Nucleoplasm, Golgi apparatus
P18754	RCC1		Nucleoplasm
A6NED2	RCCD1		Plasma membrane, Cytosol
Q96PM5	RCHY1		Cytosol
Q9Y2P8	RCL1		Nucleoplasm
Q15293	RCN1	Intracellular and membrane	Endoplasmic reticulum
Q14257	RCN2	Intracellular and membrane	Endoplasmic reticulum
Q96D15	RCN3	Intracellular and membrane	Endoplasmic reticulum
Q9UKL0	RCOR1		Nucleoplasm
Q8IZ40	RCOR2		Nucleoplasm
Q9P2K3	RCOR3		Nucleoplasm
P35243	RCVRN		Mid piece, Principal piece
Q8IZV5	RDH10		Lipid droplets
Q8NBN7	RDH13	Intracellular and membrane	Mitochondria, Cytosol
Q9HBH5	RDH14		Nucleoplasm
Q92781	RDH5		Vesicles
Q9NYR8	RDH8		Nucleoplasm
Q8NG50	RDM1		Nucleoli
P35241	RDX		Plasma membrane
O95072	REC8		Nucleoplasm
O95980	RECK		Plasma membrane
P46063	RECQL		Nucleoplasm
O94761	RECQL4		Nucleoplasm
O94762	RECQL5		Nucleoplasm
Q9BRK0	REEP2		Endoplasmic reticulum
Q9H6H4	REEP4		Endoplasmic reticulum
Q00765	REEP5		Endoplasmic reticulum
Q96HR9	REEP6		Endoplasmic reticulum
Q06141	REG3A	Secreted to digestive system	Cytosol
Q6UW15	REG3G	Secreted to digestive system	Cytosol
Q04206	RELA		Cytosol
Q01201	RELB		Nucleoplasm
Q8IUW5	RELL1		Plasma membrane, Microtubules
Q8NC24	RELL2		Vesicles
P78509	RELN	Secreted in brain	Golgi apparatus
Q969Z4	RELT		Cytosol
Q9BWE0	REPIN1		Nucleoplasm
Q96D71	REPS1		Plasma membrane
O15258	RER1		Golgi apparatus
Q9P2R6	RERE		Nuclear bodies
Q96A58	RERG		Nucleoplasm, Cytosol
Q9H628	RERGL		Nucleoplasm
Q9HCM1	RESF1		Nucleoli, Nucleoli rim
Q13127	REST		Nucleoplasm
P07949	RET		Golgi apparatus, Cytosol
Q9BQ08	RETNLB	Secreted to blood	Endoplasmic reticulum
Q9H6L5	RETREG1		Endoplasmic reticulum
Q8NC44	RETREG2		Cytosol
Q86VR2	RETREG3		Nucleoplasm, Nuclear membrane
Q6NUM9	RETSAT		Cytosol
Q9UBZ9	REV1		Nucleoli
O60673	REV3L		Nucleoplasm
Q96EN9	REX1BD		Vesicles
Q8N1G1	REXO1		Nucleoplasm
Q9Y3B8	REXO2		Mitochondria
Q9GZR2	REXO4		Nucleoplasm, Nucleoli
Q96IC2	REXO5		Nuclear membrane
P35251	RFC1		Nucleoplasm
P35250	RFC2		Nucleoplasm
P40938	RFC3		Nucleoplasm, Vesicles
P35249	RFC4		Nucleoplasm
P40937	RFC5		Nucleoplasm
Q8TAC1	RFESD		Nucleoplasm
Q8WZ73	RFFL		Vesicles
Q969G6	RFK		Golgi apparatus
Q6ZTI6	RFLNA		Focal adhesion sites
Q8N5W9	RFLNB		Actin filaments
Q9Y644	RFNG		Nucleoplasm
O75677	RFPL1		Nuclear speckles
O75678	RFPL2		Nuclear speckles
O75679	RFPL3		Nuclear speckles
A6NLU0	RFPL4A		Centrosome, Cytosol
F8VTS6	RFPL4AL1		Centrosome, Cytosol
Q96AA3	RFT1		Vesicles
Q9NWF4	RFT1		Vesicles
Q52LD8	RFTN2		Plasma membrane
Q6PCD5	RFWD3		Nucleoplasm
P22670	RFX1		Nucleoplasm
P48378	RFX2		Nucleoplasm, Golgi apparatus
P48380	RFX3		Nucleoplasm
Q33E94	RFX4		Nucleoplasm
P48382	RFX5		Nucleoplasm
Q2KHR2	RFX7		Nucleoplasm, Nuclear membrane
Q6ZV50	RFX8		Nucleoplasm
O14593	RFXANK		Nucleoplasm
O00287	RFXAP		Nuclear speckles
Q9H4X1	RGCC		Nucleoplasm
Q9NZL6	RGL1		Nucleoplasm, Golgi apparatus, Vesicles
O15211	RGL2		Nucleoplasm
Q3MIN7	RGL3		Nucleoplasm
Q8IZJ4	RGL4	Intracellular and membrane	Centrosome
Q96B86	RGMA	Secreted - unknown location	Nucleoplasm
Q6NW40	RGMB		Nucleoplasm
Q15493	RGN		Cytosol
P0DJD0	RGP1		Cytosol
Q92546	RGP1		Cytosol
	RGPD1		Nuclear membrane, Vesicles
P0DJD1	RGPD2		Nuclear membrane, Vesicles
A6NKT7	RGPD3		Nuclear membrane, Vesicles
Q7Z3J3	RGPD4		Nuclear membrane, Vesicles
Q99666	RGPD5		Nuclear membrane, Vesicles
	RGPD6		Nuclear membrane, Vesicles
O14715	RGPD8		Nuclear membrane, Vesicles
P47804	RGR		Vesicles
O43665	RGS10		Nucleoplasm
O14924	RGS12		Nucleoplasm, Nucleoli
O43566	RGS14		Nucleoplasm, Plasma membrane
O15492	RGS16		Cytosol
Q9UGC6	RGS17		Vesicles
Q9NS28	RGS18		Golgi apparatus
P49795	RGS19		Cell Junctions
P41220	RGS2		Cytosol
Q8NE09	RGS22		Nucleoli fibrillar center
P49796	RGS3		Plasma membrane
P49798	RGS4		Cytosol
O15539	RGS5		Cytosol
P49758	RGS6		Nucleoplasm
P49802	RGS7		Cytosol
Q6MZT1	RGS7BP		Plasma membrane, Cytosol
P57771	RGS8		Vesicles, Plasma membrane
O75916	RGS9		Nucleoplasm
Q6ZS82	RGS9BP		Plasma membrane
Q02094	RHAG		Endoplasmic reticulum
Q8TEB9	RHBDD1		Endoplasmic reticulum
Q6NTF9	RHBDD2		Golgi apparatus
Q9Y3P4	RHBDD3		Microtubules
Q96CC6	RHBDF1		Vesicles
O75783	RHBDL1		Nucleoplasm
Q9H310	RHBG		Nucleoplasm
P18577	RHCE		Nucleoplasm, Plasma membrane
Q02161	RHD		Nucleoplasm, Plasma membrane
Q8TAI7	RHEBL1		Centrosome
Q6ZWK4	RHEX		Plasma membrane
P61586	RHOA		Plasma membrane, Cytosol
O94844	RHOBTB1		Nucleoplasm
Q9BYZ6	RHOBTB2		Plasma membrane
O94955	RHOBTB3		Vesicles
Q9HBH0	RHOF		Nucleoplasm, Golgi apparatus
Q15669	RHOH		Golgi apparatus, Vesicles
Q9H4E5	RHOJ		Plasma membrane
P17081	RHOQ		Vesicles, Cytosol
Q8IXI1	RHOT2		Mitochondria
Q7L0Q8	RHOU		Microtubules
Q8NHV9	RHOXF1		Nucleoplasm
Q9BQY4	RHOXF2		Plasma membrane
P0C7M4	RHOXF2B		Plasma membrane
Q8TCX5	RHPN1		Nucleoplasm
Q8N443	RIBC1		Nuclear bodies
Q9H4K1	RIBC2		Connecting piece, Mid piece, Principal piece, End piece
Q9NPQ8	RIC8A		Cytosol
Q9NVN3	RIC8B		Cytosol
Q6R327	RICTOR		Mitochondria
Q5UIP0	RIF1		Nucleoplasm
Q9Y581	RIF1		Nucleoplasm
O95786	RIGI		Plasma membrane, Cytosol
A6NNX1	RIIAD1		Cytosol
Q5EBL4	RILPL1		Plasma membrane, Primary cilium, Cytosol
Q969X0	RILPL2		Cytosol
	RIMBP2		Nucleoplasm
Q9UFD9	RIMBP3		Vesicles, Plasma membrane
A6NNM3	RIMBP3B		Vesicles, Plasma membrane
A6NJZ7	RIMBP3C		Vesicles, Plasma membrane
Q8IXN7	RIMKLA		Nucleoli fibrillar center
Q9ULI2	RIMKLB		Nucleoplasm, Centriolar satellite
A6NDU8	RIMOC1		Nucleoplasm
Q9UQ26	RIMS2		Plasma membrane, Cytosol
Q9UJD0	RIMS3		Nucleoli, Mitochondria
Q9H426	RIMS4		Nucleoplasm
	RIN2		Cytosol
Q06587	RING1		Nucleoplasm
Q6ZS11	RINL		Nucleoplasm, Vesicles
Q6NUQ1	RINT1		Golgi apparatus
Q9BRS2	RIOK1		Cytosol
Q9BVS4	RIOK2		Cytosol
O14730	RIOK3		Plasma membrane, Cytosol
Q9H6W3	RIOX1		Nucleoli rim
Q8IUF8	RIOX2		Nucleoplasm, Nucleoli
Q13546	RIPK1		Plasma membrane, Cytosol
O43353	RIPK2		Cytosol
P57078	RIPK4		Vesicles, Cytosol
Q6ZS17	RIPOR1		Golgi apparatus
Q9Y4F9	RIPOR2		Cytosol
Q96MK2	RIPOR3		Nucleoplasm
Q99578	RIT2		Nucleoplasm
Q96K30	RITA1		Nucleoplasm
P12271	RLBP1		Cytosol
P51460	RLF		Nucleoplasm
Q13129	RLF		Nucleoplasm
Q9NVW2	RLIM		Nucleoplasm
Q96DM3	RMC1		Nucleoplasm
Q96DB5	RMDN1		Centrosome
Q96LZ7	RMDN2		Mitotic spindle, Cytosol
Q96TC7	RMDN3		Mitochondria
Q9H9A7	RMI1		Nucleoplasm, Nuclear bodies
Q96E14	RMI2		Nuclear speckles
Q9NWS8	RMND1		Mitochondria
Q9H871	RMND5A		Nucleoplasm
P07998	RNASE1	Secreted to digestive system	Vesicles
O60930	RNASEH1	Intracellular and membrane	Nucleoplasm, Cytosol
O75792	RNASEH2A		Nucleoplasm
Q5TBB1	RNASEH2B		Nucleoplasm
Q8TDP1	RNASEH2C		Nucleoplasm
	RNASEK-C17orf49		Nucleoplasm
Q05823	RNASEL		Cytosol
Q92730	RND1		Vesicles, Plasma membrane, Actin filaments
Q8N5U6	RNF10		Nucleoplasm
Q6ZNA4	RNF111		Nucleoplasm
Q9ULX5	RNF112		Nuclear speckles
O15541	RNF113A		Nucleoplasm
Q9Y508	RNF114		Plasma membrane, Cytosol
Q9Y4L5	RNF115		Nucleoli, Mitochondria
Q9H920	RNF121		Golgi apparatus
Q5XPI4	RNF123		Cytosol
Q96EQ8	RNF125		Golgi apparatus
Q9BV68	RNF126		Nucleoplasm
O43567	RNF13		Nucleoplasm, Vesicles
Q8IUD6	RNF135		Vesicles
	RNF138		Mitochondria
Q9UBS8	RNF14		Nucleoplasm
Q8WVD5	RNF141		Microtubules
P50876	RNF144A		Vesicles
Q7Z419	RNF144B		Nucleoli
Q96MT1	RNF145		Nucleoplasm, Plasma membrane, Cytosol
Q9NTX7	RNF146		Plasma membrane, Cytosol
Q8N7C7	RNF148		Cytosol
Q8NC42	RNF149		Vesicles, Plasma membrane
Q2KHN1	RNF151		Cytosol
Q96PX1	RNF157		Golgi apparatus
Q6ZSG1	RNF165		Nucleoplasm, Plasma membrane
Q96A37	RNF166		Nucleoplasm
Q9H6Y7	RNF167		Vesicles, Cytosol
Q8IYW5	RNF168		Nucleoplasm
Q8NCN4	RNF169		Nucleoplasm, Nuclear bodies
Q86T96	RNF180		Cytosol
Q9P0P0	RNF181		Nucleoplasm
Q8N6D2	RNF182		Nucleoplasm, Golgi apparatus
Q5TA31	RNF187		Nucleoplasm, Cytosol
Q6ZMZ0	RNF19B		Cytosol
	RNF2		Nucleoplasm
Q5VTR2	RNF20		Nucleoplasm
Q6ZRF8	RNF207		Cytosol
Q9H0X6	RNF208		Nucleoplasm
A8MTL3	RNF212B		Golgi apparatus
Q63HN8	RNF213		Cytosol
Q8ND24	RNF214		Golgi apparatus, Cytosol
Q9Y6U7	RNF215		Microtubules
Q9NWF9	RNF216		Cytosol
Q5VTB9	RNF220		Nucleoplasm
P0DH78	RNF224		Nucleoplasm, Golgi apparatus
Q9Y225	RNF24		Golgi apparatus
Q96BH1	RNF25		Cytosol
Q9BY78	RNF26		Nucleoplasm
Q96EP0	RNF31		Cytosol
Q9H0A6	RNF32		Nuclear bodies, Cytosol
Q969K3	RNF34		Nucleoplasm
Q9H0F5	RNF38		Nucleoplasm
Q9H2S5	RNF39		Vesicles, Plasma membrane, Centrosome
P78317	RNF4		Nucleoplasm, Nuclear bodies
O75150	RNF40		Nucleoplasm
Q9H4P4	RNF41		Nucleoplasm, Nuclear bodies
Q7L0R7	RNF44		Nucleoplasm
Q99942	RNF5		Endoplasmic reticulum
Q9Y252	RNF6		Nuclear membrane
Q9UBF6	RNF7		Nucleoplasm
O76064	RNF8		Nucleoplasm
Q5M7Z0	RNFT1		Nucleoli
Q96EX2	RNFT2		Nucleoplasm
O60942	RNGTT		Nucleoplasm
P13489	RNH1		Cytosol
O43148	RNMT		Nucleoplasm
Q96LT9	RNPC3		Nucleoplasm
Q9H4A4	RNPEP	Secreted - unknown location	Golgi apparatus
Q9HAU8	RNPEPL1		Nucleoplasm
Q15287	RNPS1		Nucleoplasm
P10155	RO60		Primary cilium, Cytosol
Q9Y6N7	ROBO1		Plasma membrane
Q9HCK4	ROBO2		Vesicles, Plasma membrane
Q96MS0	ROBO3		Plasma membrane
Q8WZ75	ROBO4		Plasma membrane
O75116	ROCK2		Cytosol
Q03395	ROM1		Plasma membrane, Cytosol
Q9HAT0	ROPN1		Principal piece
Q9BZX4	ROPN1B		Principal piece
Q96C74	ROPN1L		Primary cilium transition zone, Mid piece, Principal piece, End piece
P35398	RORA		Nucleoli
Q92753	RORB		Nucleoplasm
P51449	RORC		Nuclear bodies
P08922	ROS1		Vesicles
P49842	RP1		Mid piece
P56715	RP1		Mid piece
Q15555	RP1		Mid piece
O75695	RP2		Plasma membrane, Mid piece, Principal piece, End piece
Q8TA86	RP9		Nucleoplasm
P27694	RPA1		Nucleoplasm
P15927	RPA2		Nucleoplasm, Nuclear bodies
Q13156	RPA4		Nucleoplasm
Q86UA6	RPAIN		Nucleoli fibrillar center
Q9BWH6	RPAP1		Nucleoplasm
Q8IXW5	RPAP2		Nucleoli, Cytosol
Q9H6T3	RPAP3		Cytosol
Q96AT9	RPE		Cytosol
Q2QD12	RPEL1		Cytosol
P78424	RPF1		Nucleoli
Q9H9Y2	RPF1		Nucleoli
Q9H7B2	RPF2		Nucleoli, Nucleoli rim
Q92834	RPGR		Golgi apparatus, Primary cilium
Q96KN7	RPGRIP1		Vesicles, Microtubules, Primary cilium
Q68CZ1	RPGRIP1L		Plasma membrane, Cytosol
P49247	RPIA		Nucleoplasm, Vesicles, Plasma membrane
P27635	RPL10		Endoplasmic reticulum, Cytosol
P62906	RPL10A		Nucleoli, Endoplasmic reticulum, Cytosol
Q96L21	RPL10L		Endoplasmic reticulum, Cytosol
P30050	RPL12		Golgi apparatus
P26373	RPL13		Nucleoli, Endoplasmic reticulum, Cytosol
P40429	RPL13A		Nucleoli, Cytosol
P50914	RPL14		Endoplasmic reticulum, Cytosol
P18621	RPL17		Endoplasmic reticulum, Cytosol
	RPL17-C18orf32		Endoplasmic reticulum, Cytosol
Q07020	RPL18		Endoplasmic reticulum, Cytosol
Q02543	RPL18A		Nucleoli
P84098	RPL19		Nucleoli, Cytosol
P46778	RPL21		Nucleoli fibrillar center, Endoplasmic reticulum, Cytosol
P35268	RPL22		Nucleoli
Q6P5R6	RPL22L1		Nucleoli
P62829	RPL23		Cytosol
P62750	RPL23A		Nucleoli fibrillar center, Endoplasmic reticulum, Cytosol
P83731	RPL24		Endoplasmic reticulum, Cytosol
P61254	RPL26		Endoplasmic reticulum, Cytosol
Q9UNX3	RPL26L1		Endoplasmic reticulum, Cytosol
P61353	RPL27		Nucleoli
P46776	RPL27A		Endoplasmic reticulum, Cytosol
P46779	RPL28		Endoplasmic reticulum, Cytosol
P47914	RPL29		Nucleoli, Endoplasmic reticulum, Cytosol
P39023	RPL3		Nucleoli, Cytosol
P62888	RPL30		Endoplasmic reticulum, Cytosol
P62910	RPL32		Endoplasmic reticulum, Cytosol
P49207	RPL34		Endoplasmic reticulum, Cytosol
P42766	RPL35		Endoplasmic reticulum, Cytosol
C0HME6	RPL36		Cytosol
Q9Y3U8	RPL36		Cytosol
P83881	RPL36A		Endoplasmic reticulum, Cytosol
	RPL36A-HNRNPH2		Endoplasmic reticulum, Cytosol
Q969Q0	RPL36AL		Endoplasmic reticulum, Cytosol
P61513	RPL37A		Endoplasmic reticulum, Cytosol
P63173	RPL38		Endoplasmic reticulum, Cytosol
Q92901	RPL3L		Nuclear speckles
P36578	RPL4		Endoplasmic reticulum, Cytosol
P62945	RPL41		Endoplasmic reticulum
P46777	RPL5		Endoplasmic reticulum, Cytosol
P18124	RPL7		Endoplasmic reticulum, Cytosol
P62424	RPL7A		Nucleoli
Q6DKI1	RPL7L1		Nucleoli, Mitochondria
P62917	RPL8		Nucleoli, Endoplasmic reticulum, Cytosol
P32969	RPL9		Endoplasmic reticulum, Cytosol
P05388	RPLP0		Endoplasmic reticulum, Cytosol
P05386	RPLP1		Endoplasmic reticulum, Cytosol
P05387	RPLP2		Nuclear speckles, Cytosol
P04843	RPN1		Endoplasmic reticulum
P04844	RPN2		Endoplasmic reticulum
O95059	RPP14		Nucleoplasm, Cytosol
Q9BUL9	RPP25		Nucleoplasm
Q8N5L8	RPP25L		Nucleoplasm
P78346	RPP30		Nucleoplasm, Nucleoli
P78345	RPP38		Nucleoli
O75818	RPP40		Nucleoplasm
Q96P16	RPRD1A		Nucleoplasm, Golgi apparatus
Q9NQG5	RPRD1B		Nucleoplasm
Q5VT52	RPRD2		Nucleoplasm, Vesicles
P46783	RPS10		Cytosol
	RPS10-NUDT3		Cytosol
P62280	RPS11		Cytosol
P25398	RPS12		Cytosol
P62277	RPS13		Endoplasmic reticulum
P62263	RPS14		Endoplasmic reticulum, Cytosol
P62841	RPS15		Endoplasmic reticulum, Cytosol
P62249	RPS16		Endoplasmic reticulum, Cytosol
P08708	RPS17		Endoplasmic reticulum, Cytosol
P62269	RPS18		Cytosol
P39019	RPS19		Nucleoplasm
Q86WX3	RPS19BP1		Nucleoli
P15880	RPS2		Endoplasmic reticulum, Cytosol
P60866	RPS20		Endoplasmic reticulum, Cytosol
P63220	RPS21		Endoplasmic reticulum, Cytosol
P62266	RPS23		Cytosol
P62847	RPS24		Endoplasmic reticulum, Cytosol
P62851	RPS25		Endoplasmic reticulum, Cytosol
P62854	RPS26		Endoplasmic reticulum, Cytosol
P42677	RPS27		Endoplasmic reticulum, Cytosol
P62979	RPS27A		Nucleoli, Endoplasmic reticulum, Cytosol
Q71UM5	RPS27L		Endoplasmic reticulum, Cytosol
P62857	RPS28		Cytosol
P62273	RPS29		Endoplasmic reticulum, Cytosol
P23396	RPS3		Endoplasmic reticulum, Cytosol
P61247	RPS3A		Nucleoli, Endoplasmic reticulum, Cytosol
P46782	RPS5		Endoplasmic reticulum, Cytosol
P62753	RPS6		Endoplasmic reticulum, Cytosol
Q15418	RPS6KA1		Cytosol
Q15349	RPS6KA2		Nucleoplasm
P51812	RPS6KA3		Nucleoplasm
O75676	RPS6KA4		Nucleoplasm
O75582	RPS6KA5		Nucleoplasm
Q9UK32	RPS6KA6		Nucleoplasm, Mitochondria
P23443	RPS6KB1		Nucleoplasm
Q9UBS0	RPS6KB2		Cytosol
Q96S38	RPS6KC1		Endosomes, Lysosomes
Q9Y6S9	RPS6KL1		Nucleoplasm
P62081	RPS7		Endoplasmic reticulum, Cytosol
P62241	RPS8		Endoplasmic reticulum, Cytosol
A0A8I5KQE6	RPSA		Plasma membrane, Cytosol
P08865	RPSA		Plasma membrane, Cytosol
Q8N122	RPTOR		Vesicles, Lysosomes
Q9UJJ7	RPUSD1		Golgi apparatus
Q8IZ73	RPUSD2		Nucleoplasm, Microtubules
Q6P087	RPUSD3		Nucleoplasm
Q96CM3	RPUSD4		Mitochondria
P55042	RRAD		Plasma membrane
Q7L523	RRAGA		Golgi apparatus, Vesicles
Q5VZM2	RRAGB		Golgi apparatus, Vesicles
Q9HB90	RRAGC		Nucleoplasm, Vesicles
Q9NQL2	RRAGD		Nucleoplasm
P10301	RRAS		Vesicles
Q9P2E9	RRBP1		Endoplasmic reticulum
Q92766	RREB1		Nuclear speckles
P23921	RRM1		Cytosol
P31350	RRM2		Cytosol
Q7LG56	RRM2B		Nucleoplasm
Q9NYV6	RRN3		Nucleoli rim
P56182	RRP1		Nucleoli, Mitotic chromosome
Q5JTH9	RRP12		Nucleoli
Q9Y3B9	RRP15		Nucleoli rim, Mitotic chromosome
Q14684	RRP1B		Nucleoli, Nucleoli rim, Mitotic chromosome
Q96EU6	RRP36		Nucleoplasm, Nucleoli
Q9Y3A4	RRP7A		Nucleoli
O43159	RRP8		Nucleoplasm, Nucleoli, Cytosol
O43818	RRP9		Nucleoplasm
Q15050	RRS1		Nucleoli
Q9HA92	RSAD1		Mitochondria
Q8WXG1	RSAD2		Nucleoli fibrillar center, Endoplasmic reticulum
Q5VWQ0	RSBN1		Nucleoplasm
Q6PCB5	RSBN1L		Nuclear speckles
Q92681	RSC1A1		Golgi apparatus, Vesicles, Plasma membrane
Q96T23	RSF1		Nucleoplasm
Q96LW2	RSKR		Vesicles, Plasma membrane
O76021	RSL1D1		Nucleoli rim, Mitotic chromosome
Q9UHA3	RSL24D1		Nucleoplasm, Nucleoli, Nucleoli rim
Q8WYR4	RSPH1		Centrosome, Basal body, Mid piece
P0C881	RSPH10B		Primary cilium
B2RC85	RSPH10B2		Primary cilium
Q9UHP6	RSPH14		Nucleoli
Q86UC2	RSPH3		Plasma membrane, Flagellar centriole, Mid piece, Annulus
Q5TD94	RSPH4A		Connecting piece, Flagellar centriole
Q9H1X1	RSPH9		Mid piece, Principal piece, End piece
Q2MKA7	RSPO1	Secreted in female reproductive system	Vesicles
Q96IZ7	RSRC1		Nuclear speckles
Q7L4I2	RSRC2		Nuclear speckles
Q9BUV0	RSRP1		Nucleoplasm
Q15404	RSU1		Vesicles
Q9BSG5	RTBDN	Secreted in other tissues	Endoplasmic reticulum
O00442	RTCA		Nucleoplasm
Q9Y3I0	RTCB		Nucleoplasm
Q9NZ71	RTEL1		Nuclear speckles
Q92541	RTF1		Nucleoplasm
Q9BY42	RTF2		Nucleoplasm, Nucleoli
Q9BST9	RTKN		Mitochondria
Q8IZC4	RTKN2		Nucleoplasm
A6NKG5	RTL1		Cytosol
Q8N8U3	RTL3		Nucleoplasm
Q6ZR62	RTL4		Nucleoplasm
Q5HYW3	RTL5		Nucleoplasm
Q6ICC9	RTL6		Nuclear speckles
Q16799	RTN1		Endoplasmic reticulum
O75298	RTN2		Vesicles
O95197	RTN3		Endoplasmic reticulum
Q9NQC3	RTN4		Endoplasmic reticulum
Q9BZR6	RTN4R		Plasma membrane, Focal adhesion sites
Q86UN2	RTN4RL1	Intracellular and membrane	Actin filaments
Q9BQQ7	RTP3		Mitochondria
Q96DX8	RTP4		Nucleoplasm
Q9Y224	RTRAF		Nucleoplasm
Q86VV8	RTTN		Cytosol
Q92622	RUBCN		Vesicles, Cytosol
Q9H714	RUBCNL		Cytosol
Q96T51	RUFY1		Vesicles, Cytosol
Q8WXA3	RUFY2		Nucleoplasm
Q7L099	RUFY3		Cytosol
Q96C34	RUNDC1		Nuclear speckles
Q59EK9	RUNDC3A		Vesicles
Q96NL0	RUNDC3B		Intermediate filaments
Q01196	RUNX1		Nucleoplasm
Q06455	RUNX1T1		Nucleoplasm
Q13950	RUNX2		Nucleoplasm
Q13761	RUNX3		Nucleoplasm, Vesicles
Q9BVN2	RUSC1		Cytosol
Q96GQ5	RUSF1		Nucleoli, Golgi apparatus, Vesicles
Q9Y265	RUVBL1		Nucleoplasm, Nuclear speckles
Q9Y230	RUVBL2		Nucleoplasm, Cytosol
Q9UIY3	RWDD2A		Vesicles
Q6NW29	RWDD4		Intermediate filaments
P19793	RXRA		Nucleoplasm
P28702	RXRB		Nucleoplasm
P48443	RXRG		Nucleoplasm, Nuclear bodies
Q9Y2B1	RXYLT1		Nucleoplasm, Golgi apparatus
Q8N488	RYBP		Nucleoplasm
P34925	RYK		Golgi apparatus
P21817	RYR1		Golgi apparatus, Vesicles
Q92736	RYR2		Plasma membrane
Q15413	RYR3		Vesicles
P23297	S100A1		Cytosol
P60903	S100A10		Mitochondria
P31949	S100A11		Nucleoplasm, Cytosol
Q99584	S100A13	Secreted in other tissues	Plasma membrane, Cytosol
Q9HCY8	S100A14		Nuclear bodies, Plasma membrane, Cell Junctions, Cytosol
Q96FQ6	S100A16		Cytosol
P29034	S100A2		Nucleoplasm, Cytosol
P33764	S100A3		Cytosol
P26447	S100A4	Secreted to blood	Nucleoplasm
P33763	S100A5		Nucleoplasm
P06703	S100A6		Plasma membrane, Cytosol
P31151	S100A7	Secreted in other tissues	Cytosol
Q86SG5	S100A7A		Cytosol
P05109	S100A8	Secreted to blood	Intermediate filaments
P06702	S100A9	Secreted to blood	Plasma membrane, Intermediate filaments, Cytosol
P04271	S100B	Secreted - unknown location	Vesicles, Primary cilium, Cytosol
P29377	S100G		Cytosol
P25815	S100P		Nucleoplasm
Q96BU1	S100PBP		Nuclear speckles
Q8WXG8	S100Z		Centrosome, Cytosol
P21453	S1PR1		Vesicles
O95136	S1PR2		Golgi apparatus
O95977	S1PR4		Mitochondria
Q96ER3	SAAL1		Nucleoplasm
A6NKF1	SAC3D1		Cytosol
Q9NTJ5	SACM1L		Nucleoplasm, Golgi apparatus
Q9UBE0	SAE1		Nucleoplasm, Cytosol
Q15424	SAFB		Nucleoplasm
Q14151	SAFB2		Nucleoplasm
Q9NXZ1	SAGE1		Nucleoplasm
Q9NSC2	SALL1		Nucleoplasm
Q9Y467	SALL2		Vesicles
Q9UJQ4	SALL4		Nucleoplasm
Q6SPF0	SAMD1	Intracellular and membrane	Nucleoplasm
Q9BYL1	SAMD10		Nucleoplasm
Q96NU1	SAMD11		Nucleoplasm, Vesicles
Q8N8I0	SAMD12		Golgi apparatus, Cytosol
Q5VXD3	SAMD13		Mitochondria
Q8IZD0	SAMD14		Nucleoplasm, Nucleoli fibrillar center
Q9P1V8	SAMD15		Nucleoplasm, Nuclear membrane
Q9UPU9	SAMD4A		Cell Junctions
Q5PRF9	SAMD4B		Cytosol
Q5TGI4	SAMD5		Vesicles
Q96LT4	SAMD8		Endoplasmic reticulum, Cytosol
Q5K651	SAMD9		Cytosol
Q8IVG5	SAMD9L		Cytosol
Q9Y3Z3	SAMHD1		Nucleoplasm
Q9Y512	SAMM50		Mitochondria
Q9NSI8	SAMSN1		Plasma membrane
Q6NSI8	SANBR		Nucleoplasm, Nucleoli
Q15393	SAP130		Nuclear speckles
Q9H0E3	SAP130		Nuclear speckles
O00422	SAP18		Nucleoplasm, Nuclear bodies
Q8TEE9	SAP25		Nuclear bodies
O75446	SAP30		Nucleoplasm
Q9UHR5	SAP30BP		Nucleoplasm
Q9HAJ7	SAP30L		Nucleoplasm, Nucleoli fibrillar center
Q5SSQ6	SAPCD1		Vesicles
Q86UD0	SAPCD2		Cytosol
Q9NR31	SAR1A		Endoplasmic reticulum
Q9Y6B6	SAR1B		Endoplasmic reticulum
Q96BY9	SARAF		Endoplasmic reticulum
Q9UL12	SARDH		Mitochondria
Q6SZW1	SARM1		Mitochondria
P82979	SARNP		Nuclear speckles
P49591	SARS1		Cytosol
Q9NP81	SARS2		Nucleoplasm, Mitochondria
O43290	SART1		Nuclear speckles
Q15020	SART3		Nucleoplasm
O94885	SASH1		Nucleoplasm, Cytosol
O75995	SASH3		Plasma membrane
Q6UVJ0	SASS6		Primary cilium, Cytosol
Q01826	SATB1		Nucleoplasm
Q9UPW6	SATB2		Nucleoplasm
Q86VE3	SATL1		Nucleoplasm
Q9H4B6	SAV1		Cytosol
Q8IYX7	SAXO1		Flagellar centriole, End piece
Q658L1	SAXO2		Centrosome, Cytosol, Connecting piece
Q9NPB0	SAYSD1		Vesicles
Q9Y3A5	SBDS		Cytosol
O95248	SBF1		Nuclear bodies
Q86WG5	SBF2		Nucleoplasm
P0C264	SBK3		Mitochondria
A3KN83	SBNO1		Nucleoplasm
Q6UWP8	SBSN	Secreted - unknown location	Vesicles
Q8IVN8	SBSPON	Secreted to extracellular matrix	Vesicles
O75845	SC5D		Nucleoplasm, Endoplasmic reticulum
Q9H7N4	SCAF1		Nucleoplasm
Q99590	SCAF11		Nucleoplasm
O95104	SCAF4		Nucleoplasm
Q9UPN6	SCAF8		Nucleoplasm
Q8N9R8	SCAI		Nucleoplasm, Nuclear membrane
O15126	SCAMP1		Cell Junctions
O15127	SCAMP2		Golgi apparatus, Vesicles
O14828	SCAMP3		Vesicles
Q969E2	SCAMP4		Golgi apparatus, Vesicles
P57086	SCAND1		Nuclear speckles
Q9BY12	SCAPER		Nucleoplasm, Nuclear speckles
Q6AZY7	SCARA3		Endoplasmic reticulum
Q8WTV0	SCARB1		Vesicles
Q14108	SCARB2		Cytosol
Q14162	SCARF1		Golgi apparatus
Q96GP6	SCARF2		Nucleoplasm
Q8NBX0	SCCPDH		Vesicles
O00767	SCD		Endoplasmic reticulum
O95171	SCEL		Plasma membrane
Q8WU76	SCFD2		Nucleoplasm
P13521	SCG2	Secreted to blood	Golgi apparatus
Q8WXD2	SCG3	Secreted in brain	Vesicles
O75556	SCGB2A1	Secreted in other tissues	Vesicles
O76038	SCGN	Intracellular and membrane	Cytosol
P0DPB3	SCHIP1		Plasma membrane, Cell Junctions, Cytosol
Q9Y6U3	SCIN		Plasma membrane
Q96NL6	SCLT1		Basal body, Cytosol
Q96I15	SCLY		Golgi apparatus
Q96GD3	SCMH1		Nucleoplasm
Q9UN30	SCML1		Nucleoplasm
Q9UQR0	SCML2		Nucleoli, Cytosol
Q8N228	SCML4		Nucleoplasm
Q9Y5Y9	SCN10A		Connecting piece, Flagellar centriole
P35498	SCN1A		Nucleoplasm, Plasma membrane
Q9NY72	SCN3B		Plasma membrane, Cytosol
P35499	SCN4A		Golgi apparatus
Q14524	SCN5A		Plasma membrane
Q01118	SCN7A		Plasma membrane
Q9UQD0	SCN8A		Plasma membrane
Q15858	SCN9A		Plasma membrane, Actin filaments, Focal adhesion sites
Q9BWG6	SCNM1		Nucleoplasm
P37088	SCNN1A		Vesicles, Annulus
P51172	SCNN1D		Plasma membrane, Actin filaments
P51170	SCNN1G		Plasma membrane
O43819	SCO2		Mitochondria
Q9UIL1	SCOC		Nucleoplasm, Golgi apparatus
P22307	SCP2		Peroxisomes
Q9BX26	SCP2		Peroxisomes
Q9HB40	SCPEP1	Secreted to blood	Golgi apparatus
C0HLS1	SCRIB		Plasma membrane, Cell Junctions
Q14160	SCRIB		Plasma membrane, Cell Junctions
Q12765	SCRN1		Cytosol
Q96FV2	SCRN2		Nucleoplasm
Q0VDG4	SCRN3		Vesicles, Cytosol
Q9BWW7	SCRT1		Nuclear bodies
Q9NQ03	SCRT2		Nucleoplasm
Q8IX30	SCUBE3	Secreted to blood	Plasma membrane
Q96KG9	SCYL1		Cytosol
Q8IZE3	SCYL3		Golgi apparatus, Cytosol
Q9NVU7	SDAD1		Nucleoplasm, Nucleoli
P18827	SDC1	Secreted to blood	Focal adhesion sites
P34741	SDC2		Plasma membrane
O75056	SDC3		Mitochondria
P31431	SDC4	Secreted to blood	Golgi apparatus
O00560	SDCBP	Intracellular and membrane	Nucleoplasm, Cytosol
Q9H190	SDCBP2		Nucleoplasm
Q86SQ7	SDCCAG8		Centrosome, Basal body
Q6IQ49	SDE2		Nuclear speckles
Q99470	SDF2	Intracellular and membrane	Vesicles
Q9BRK5	SDF4	Intracellular and membrane	Golgi apparatus
P31040	SDHA		Mitochondria
A6NFY7	SDHAF1		Mitochondria
Q9NX18	SDHAF2		Mitochondria, Cytosol
Q9NRP4	SDHAF3		Mitochondria
Q5VUM1	SDHAF4		Mitochondria
P21912	SDHB		Mitochondria
Q7Z5N4	SDK1		Cytosol
Q9NRG7	SDR39U1		Nucleoplasm, Cytosol
P20132	SDS		Cytosol
Q96GA7	SDSL		Cytosol
P67812	SEC11A		Nuclear membrane
Q9BY50	SEC11C		Nuclear membrane
P55735	SEC13		Nucleoplasm, Vesicles
Q92503	SEC14L1		Nucleoplasm, Cytosol
O76054	SEC14L2		Nucleoplasm
Q9UDX3	SEC14L4		Vesicles
O43304	SEC14L5		Golgi apparatus, Cytosol
B5MCN3	SEC14L6		Nucleoplasm
O15027	SEC16A		Golgi apparatus
Q96JE7	SEC16B		Endoplasmic reticulum, Plasma membrane
Q96IW7	SEC22A		Golgi apparatus
Q9BRL7	SEC22C		Golgi apparatus
Q15436	SEC23A		Endoplasmic reticulum, Cytosol
Q15437	SEC23B		Endoplasmic reticulum, Vesicles, Cytosol
Q9Y6Y8	SEC23IP		Vesicles
O95486	SEC24A		Nucleoli fibrillar center, Vesicles
O95487	SEC24B		Nucleoplasm, Vesicles
P53992	SEC24C		Vesicles
O94855	SEC24D		Vesicles
O94979	SEC31A		Vesicles, Cytosol
Q9NQW1	SEC31B		Nucleoplasm, Vesicles, Cytosol
P61619	SEC61A1		Endoplasmic reticulum
P60468	SEC61B		Endoplasmic reticulum
Q99442	SEC62		Endoplasmic reticulum
Q9UGP8	SEC63		Endoplasmic reticulum
Q96T21	SECISBP2		Nucleoplasm
Q93073	SECISBP2L		Nucleoplasm
Q68CR1	SEL1L3		Mitochondria
Q13228	SELENBP1		Nucleoli
Q8IZQ5	SELENOH		Nucleoplasm, Nucleoli
Q9Y6D0	SELENOK		Nucleoplasm, Cytosol
Q8WWX9	SELENOM	Intracellular and membrane	Nucleoplasm, Cytosol
Q9NZV5	SELENON	Intracellular and membrane	Cytosol
Q9BVL4	SELENOO		Mitochondria
P49908	SELENOP	Secreted to blood	Nucleoplasm, Golgi apparatus
Q9BQE4	SELENOS		Endoplasmic reticulum
P14151	SELL		Cytosol
Q14242	SELPLG		Vesicles
P60896	SEM1		Cytosol
Q6ZVN7	SEM1		Cytosol
Q14563	SEMA3A	Secreted in other tissues	Vesicles
Q99985	SEMA3C	Secreted in other tissues	Golgi apparatus, Cytosol
O95025	SEMA3D	Secreted in other tissues	Vesicles
O15041	SEMA3E	Secreted in other tissues	Vesicles
Q9NPR2	SEMA4B		Cell Junctions
Q92854	SEMA4D		Plasma membrane
Q9NTN9	SEMA4G	Intracellular and membrane	Vesicles, Lipid droplets
Q9P283	SEMA5B		Cytosol
Q9H2E6	SEMA6A		Nucleoplasm
Q8NFY4	SEMA6D	Intracellular and membrane	Plasma membrane
O75326	SEMA7A		Vesicles
Q9P0U3	SENP1		Nucleoplasm
Q9HC62	SENP2		Cytosol
Q9H4L4	SENP3		Nucleoli
Q9GZR1	SENP6		Nucleoplasm
Q9BQF6	SENP7		Nucleoplasm
Q96LD8	SENP8		Nucleoplasm, Vesicles
P49903	SEPHS1		Nucleoplasm
Q99611	SEPHS2		Nucleoplasm
Q9HD40	SEPSECS		Vesicles
Q8WYJ6	SEPTIN1		Actin filaments
Q9P0V9	SEPTIN10		Actin filaments
Q9NVA2	SEPTIN11		Cytosol
Q8IYM1	SEPTIN12		Microtubules
Q15019	SEPTIN2		Actin filaments
Q9UH03	SEPTIN3		Plasma membrane, Actin filaments
O43236	SEPTIN4		Annulus
Q99719	SEPTIN5		Nucleoplasm, Actin filaments, Cytosol
Q14141	SEPTIN6		Cytosol
Q16181	SEPTIN7		Actin filaments
Q92599	SEPTIN8		Cytosol
Q9UHD8	SEPTIN9		Actin filaments
Q8NC51	SERBP1		Cytosol
O75920	SERF1A		Nuclear bodies
	SERF1B		Nuclear bodies
P84101	SERF2		Nucleoplasm
Q9UGK8	SERGEF		Nucleoplasm
Q9NRX5	SERINC1		Cytosol
Q96SA4	SERINC2		Plasma membrane
Q86VE9	SERINC5		Plasma membrane, Cytosol
Q9Y6X1	SERP1		Endoplasmic reticulum
Q8N6R1	SERP2		Endoplasmic reticulum
P01009	SERPINA1	Secreted to blood	Vesicles
Q9UK55	SERPINA10	Secreted to blood	Nucleoplasm
P29622	SERPINA4	Secreted to blood	Vesicles
P30740	SERPINB1	Secreted to blood	Cytoplasmic bodies
P48595	SERPINB10		Nucleoplasm
Q9UIV8	SERPINB13		Nuclear speckles, Cytosol
P29508	SERPINB3		Cytosol
P48594	SERPINB4		Cytosol
P36952	SERPINB5	Intracellular and membrane	Vesicles
P35237	SERPINB6		Centrosome
O75635	SERPINB7		Endoplasmic reticulum
P50452	SERPINB8		Golgi apparatus, Actin filaments
P50453	SERPINB9		Nucleoplasm
P05546	SERPIND1	Secreted to blood	Vesicles
P07093	SERPINE2	Secreted in female reproductive system	Golgi apparatus
P08697	SERPINF2	Secreted to blood	Golgi apparatus
P50454	SERPINH1	Intracellular and membrane	Endoplasmic reticulum
Q99574	SERPINI1	Secreted in brain	Cytosol
Q9UHV2	SERTAD1		Golgi apparatus
Q14140	SERTAD2		Nucleoplasm
Q9UJW9	SERTAD3		Nucleoli
Q9NUC0	SERTAD4		Nucleoplasm
A2A2V5	SERTM1		Vesicles
Q9Y6P5	SESN1		Nucleoli fibrillar center
P58004	SESN2		Cytosol
P58005	SESN3		Nucleoplasm
Q86VW0	SESTD1		Intermediate filaments
Q01105	SET		Nucleoplasm
Q9Y6X0	SETBP1		Nucleoplasm
O15047	SETD1A		Nuclear speckles
Q9UPS6	SETD1B		Nucleoplasm
Q9BYW2	SETD2		Nuclear speckles
Q86TU7	SETD3		Mitochondria
Q9NVD3	SETD4		Nuclear speckles
Q9C0A6	SETD5		Nucleoplasm
Q8TBK2	SETD6		Nucleoplasm
Q8WTS6	SETD7		Nucleoli, Nucleoli rim
Q8NE22	SETD9		Nucleoplasm
Q15047	SETDB1		Nucleoplasm
Q96T68	SETDB2		Nucleoplasm
Q53H47	SETMAR		Nucleoli
P0DME0	SETSIP		Nucleoplasm
Q7Z333	SETX		Nucleoplasm
Q9BYH1	SEZ6L		Vesicles
Q15637	SF1		Nucleoplasm
Q15459	SF3A1		Nucleoplasm, Nuclear speckles
Q15428	SF3A2		Nucleoplasm
Q12874	SF3A3		Nuclear speckles
O75533	SF3B1		Nuclear speckles
Q13435	SF3B2		Nuclear speckles
	SF3B3		Nucleoplasm, Nucleoli, Nucleoli rim
Q15427	SF3B4		Nuclear speckles
Q9BWJ5	SF3B5		Nucleoplasm
Q9Y3B4	SF3B6		Nucleoplasm
Q9UHJ3	SFMBT1		Nucleoplasm
Q5VUG0	SFMBT2		Nucleoplasm, Nuclear speckles
P31947	SFN	Secreted in other tissues	Cytosol
P23246	SFPQ		Nucleoplasm
Q86XK3	SFR1		Nucleoli rim
Q96HF1	SFRP2	Secreted in other tissues	Intermediate filaments
Q12872	SFSWAP		Nucleoplasm
Q8WV19	SFT2D1		Nuclear bodies
Q9H9B4	SFXN1		Mitochondria
Q96NB2	SFXN2		Mitochondria
Q9BWM7	SFXN3		Mitochondria
Q6P4A7	SFXN4		Nucleoplasm, Mitochondria
Q8TD22	SFXN5		Nucleoplasm, Mitochondria
Q16585	SGCB		Cytosol
O43556	SGCE		Vesicles, Plasma membrane
Q96ES7	SGF29		Nucleoli
Q9BQI5	SGIP1		Mitochondria
O00141	SGK1		Nuclear speckles
Q9HBY8	SGK2		Nucleoplasm
Q96BR1	SGK3		Vesicles
Q86VZ5	SGMS1		Nucleoplasm
Q8NHU3	SGMS2		Golgi apparatus
Q5FBB7	SGO1		Nucleoplasm
Q562F6	SGO2		Nucleoplasm
O95470	SGPL1		Endoplasmic reticulum
Q9BX95	SGPP1		Nucleoplasm
O43147	SGSM2		Nucleoplasm, Cytosol
Q96HU1	SGSM3		Golgi apparatus
O43765	SGTA		Nucleoplasm
Q96EQ0	SGTB		Nucleoplasm, Primary cilium
Q9NRF2	SH2B1		Nucleoplasm
O14492	SH2B2		Cytosol
Q9UQQ2	SH2B3		Nucleoplasm
O60880	SH2D1A		Cytosol
Q9BRG2	SH2D3A		Microtubules
Q8N5H7	SH2D3C		Cytosol
Q9H788	SH2D4A		Cytosol
Q6ZV89	SH2D5		Cytosol
A6NKC9	SH2D7		Nucleoli
P55822	SH3BGR		Plasma membrane, Cytosol
O75368	SH3BGRL		Cytosol
Q9UJC5	SH3BGRL2		Nucleoplasm
Q9H299	SH3BGRL3		Nuclear bodies
Q9Y3L3	SH3BP1		Cytosol
P78314	SH3BP2		Golgi apparatus
O60239	SH3BP5		Nucleoplasm, Nuclear bodies
Q7L8J4	SH3BP5L		Nucleoplasm, Golgi apparatus, Vesicles
Q5HYK7	SH3D19		Nucleoplasm, Cytosol
A4FU49	SH3D21		Plasma membrane
Q99961	SH3GL1		Cytosol
Q99962	SH3GL2		Microtubules
Q99963	SH3GL3		Mitochondria
Q9Y371	SH3GLB1		Cytosol
Q9NR46	SH3GLB2		Cytosol
Q96B97	SH3KBP1		Cytosol
Q5TCZ1	SH3PXD2A		Primary cilium transition zone, Cytosol
A1X283	SH3PXD2B		Plasma membrane
Q7Z6J0	SH3RF1		Vesicles
Q8TEC5	SH3RF2		Nucleoplasm
Q8TEJ3	SH3RF3		Nucleoplasm
Q8TE82	SH3TC1		Nucleoli, Nucleoli rim
Q8TF17	SH3TC2		Nucleoplasm, Cytosol
Q96HL8	SH3YL1		Nucleoplasm
Q9Y566	SHANK1		Plasma membrane
Q9UPX8	SHANK2		Nuclear speckles, Vesicles
Q9BYB0	SHANK3		Nucleoplasm, Plasma membrane
Q9H0F6	SHARPIN		Plasma membrane
Q15464	SHB		Cytosol
P29353	SHC1		Cytosol
P98077	SHC2		Cytosol
Q92529	SHC3		Nucleoplasm
Q6S5L8	SHC4		Cytosol
Q8NEM2	SHCBP1		Nuclear bodies
Q96IW2	SHD		Centriolar satellite, Cytosol
Q5VZ18	SHE		Nucleoplasm
Q7M4L6	SHF		Nucleoplasm
Q9NUL5	SHFL		Nucleoplasm
Q6UWI4	SHISA2		Nucleoplasm
A0PJX4	SHISA3		Cytosol
Q6ZSJ9	SHISA6		Nucleoplasm, Plasma membrane
A6NL88	SHISA7		Cytosol
B4DS77	SHISA9		Vesicles, Cytosol
Q3SXP7	SHISAL1		Vesicles, Cytosol
Q8TBC3	SHKBP1		Cell Junctions
Q8IYI0	SHLD1		Endoplasmic reticulum, Golgi apparatus, Vesicles
Q86V20	SHLD2		Nucleoplasm
Q6ZNX1	SHLD3		Nucleoplasm, Nucleoli
P34896	SHMT1		Cytosol
P34897	SHMT2		Mitochondria
Q5VXU9	SHOC1		Nucleoplasm
Q9UQ13	SHOC2		Nucleoplasm, Cytosol
O15266	SHOX		Nucleoplasm
Q9UHJ6	SHPK		Nucleoplasm, Nuclear speckles
Q149N8	SHPRH		Nucleoplasm, Nuclear membrane
Q6PI26	SHQ1		Nucleoplasm
Q2M3G4	SHROOM1		Vesicles
Q13796	SHROOM2		Plasma membrane, Cell Junctions
Q9ULL8	SHROOM4		Focal adhesion sites
A0MZ66	SHTN1		Plasma membrane, Cytosol
Q8IUQ4	SIAH1		Mitochondria
O43255	SIAH2		Nucleoplasm
Q8IW03	SIAH3		Mitochondria
Q6IA17	SIGIRR		Nucleoli fibrillar center, Cytosol
Q96LC7	SIGLEC10	Intracellular and membrane	Cytosol
Q96RL6	SIGLEC11		Golgi apparatus
Q08ET2	SIGLEC14		Vesicles
Q6ZMC9	SIGLEC15		Nucleoplasm, Golgi apparatus
O43699	SIGLEC6	Secreted to blood	Plasma membrane, Cytosol
Q9Y286	SIGLEC7	Intracellular and membrane	Plasma membrane
Q9NYZ4	SIGLEC8		Cytosol
P57059	SIK1		Nucleoplasm
Q9H0K1	SIK2		Nucleoplasm, Vesicles
Q9BRV8	SIKE1		Focal adhesion sites
P81133	SIM1		Nuclear speckles
Q14190	SIM2		Nucleoplasm, Nuclear bodies
Q8NDZ2	SIMC1		Nucleoplasm
Q96ST3	SIN3A		Nucleoplasm
O75182	SIN3B		Nucleoplasm
Q9NP50	SINHCAF		Nucleoplasm
Q96FS4	SIPA1		Nucleoli
O43166	SIPA1L1		Plasma membrane
Q9P2F8	SIPA1L2		Nucleoplasm, Nuclear membrane, Nuclear bodies
O60292	SIPA1L3		Plasma membrane
O00241	SIRPB1		Vesicles
Q5TFQ8	SIRPB1		Vesicles
Q5JXA9	SIRPB2		Nuclear bodies
Q9P1W8	SIRPB2		Nuclear bodies
Q96EB6	SIRT1		Nucleoplasm
Q8IXJ6	SIRT2		Nucleoli, Cytosol
Q9NXA8	SIRT5		Mitochondria
Q8N6T7	SIRT6		Nucleoplasm
Q9NRC8	SIRT7		Nucleoplasm
O15304	SIVA1		Nucleoplasm
Q15475	SIX1		Nucleoplasm
Q9NPC8	SIX2		Nucleoplasm
O95343	SIX3		Nucleoplasm
Q9UIU6	SIX4		Nucleoplasm
Q8N196	SIX5		Nucleoplasm, Golgi apparatus, Vesicles, Cytosol
O95475	SIX6		Nucleoplasm
Q96BD8	SKA1		Microtubules, Primary cilium
Q8IX90	SKA3		Mitotic spindle, Centrosome
Q86WV1	SKAP1		Nucleoplasm, Plasma membrane
O75563	SKAP2		Nucleoplasm
P12755	SKI		Nucleoplasm
Q15477	SKIC2		Nucleoplasm, Nuclear bodies
Q6PGP7	SKIC3		Nucleoplasm
Q9GZS3	SKIC8		Nucleoplasm, Cytosol
Q1XH10	SKIDA1		Nuclear bodies
P12757	SKIL		Nucleoplasm
P84550	SKOR1		Nucleoplasm
P63208	SKP1		Nucleoplasm, Cytosol
Q13309	SKP2		Nucleoplasm, Cytosol
Q13239	SLA		Nuclear membrane, Cytosol
Q9H6Q3	SLA2		Nucleoplasm, Golgi apparatus, Vesicles
Q9P270	SLAIN2		Centrosome, Cytosol
Q96DU3	SLAMF6		Plasma membrane, Cytosol
Q9NQ25	SLAMF7		Vesicles
Q14493	SLBP		Nucleoplasm, Nucleoli
P09131	SLC10A3		Intermediate filaments
Q5PT55	SLC10A5		Nucleoplasm, Nuclear bodies, Plasma membrane
P49279	SLC11A1		Mitochondria
P49281	SLC11A2		Mitochondria
Q13621	SLC12A1		Vesicles
P55011	SLC12A2		Vesicles, Plasma membrane
Q9UP95	SLC12A4		Nucleoplasm, Cell Junctions
Q9UHW9	SLC12A6		Vesicles, Cytosol
Q9Y666	SLC12A7		Cytosol
A0AV02	SLC12A8		Nucleoplasm
Q8WWT9	SLC13A3		Plasma membrane
Q86YT5	SLC13A5		Nucleoplasm, Plasma membrane
Q13336	SLC14A1		Plasma membrane
P46059	SLC15A1		Nucleoplasm, Cytosol
Q8IY34	SLC15A3		Vesicles
P53985	SLC16A1		Plasma membrane, Cell Junctions
Q8TF71	SLC16A10		Vesicles, Cell Junctions
Q7RTY0	SLC16A13		Golgi apparatus
Q7RTX9	SLC16A14		Endoplasmic reticulum
P36021	SLC16A2		Plasma membrane
O15427	SLC16A3		Plasma membrane
O15374	SLC16A4		Microtubules, Cytosol
O15403	SLC16A6		Vesicles
O60669	SLC16A7		Plasma membrane
O95907	SLC16A8		Focal adhesion sites
Q7RTY1	SLC16A9		Nucleoplasm
Q14916	SLC17A1		Golgi apparatus
Q9NRA2	SLC17A5		Plasma membrane, Cytosol
Q8NDX2	SLC17A8		Endoplasmic reticulum
Q9BYT1	SLC17A9		Nucleoplasm
Q05940	SLC18A2		Vesicles, Centrosome
Q6NT16	SLC18B1		Golgi apparatus
	SLC19A1		Plasma membrane
O60779	SLC19A2		Cytosol
Q9BZV2	SLC19A3		Nucleoplasm, Plasma membrane
P43003	SLC1A3		Nucleoli, Vesicles
P43007	SLC1A4		Centrosome
Q15758	SLC1A5		Plasma membrane
P48664	SLC1A6		Plasma membrane
Q8WUM9	SLC20A1		Plasma membrane
Q9Y267	SLC22A14		Connecting piece, Mid piece, Principal piece
Q86VW1	SLC22A16		Plasma membrane, Cytosol
Q96BI1	SLC22A18		Plasma membrane
A1A5C7	SLC22A23		Nucleoplasm, Vesicles
O75751	SLC22A3		Vesicles
Q9H015	SLC22A4		Mitochondria
O76082	SLC22A5		Mitochondria
Q9UGH3	SLC23A2		Vesicles
Q6PIS1	SLC23A3		Nucleoplasm
Q9UI40	SLC24A2		Plasma membrane
Q9HC58	SLC24A3		Golgi apparatus
Q8NFF2	SLC24A4		Plasma membrane
Q9UBX3	SLC25A10		Mitochondria
O75746	SLC25A12		Nuclear speckles
Q9UJS0	SLC25A13		Mitochondria
O95258	SLC25A14		Mitochondria
	SLC25A16		Mitochondria
O43808	SLC25A17		Peroxisomes
Q9H1K4	SLC25A18		Mitochondria
Q9HC21	SLC25A19		Mitochondria
O43772	SLC25A20		Mitochondria, Cytosol
Q9H936	SLC25A22		Mitochondria
	SLC25A23		Mitochondria
Q6NUK1	SLC25A24		Mitochondria
Q6KCM7	SLC25A25		Vesicles, Mitochondria
Q70HW3	SLC25A26		Mitochondria
O95847	SLC25A27		Mitochondria
Q00325	SLC25A3		Mitochondria
Q5SVS4	SLC25A30		Nucleoplasm
Q9H0C2	SLC25A31		Mitochondria
Q9H2D1	SLC25A32		Mitochondria
Q6PIV7	SLC25A34		Mitochondria
Q3KQZ1	SLC25A35		
Q96CQ1	SLC25A36		Mitochondria, Cytosol
Q9NYZ2	SLC25A37		Mitochondria
P12235	SLC25A4		Mitochondria
Q86VD7	SLC25A42		Mitochondria
Q8WUT9	SLC25A43		Cytosol
Q96H78	SLC25A44		Mitochondria
Q8N413	SLC25A45		Cytosol
Q96AG3	SLC25A46		Mitochondria
Q6ZT89	SLC25A48		Intermediate filaments
P05141	SLC25A5		Mitochondria
Q9H1U9	SLC25A51		Mitochondria
Q3SY17	SLC25A52		Mitochondria
P12236	SLC25A6		Mitochondria
Q9H2B4	SLC26A1		Microtubules
Q86WA9	SLC26A11		Golgi apparatus, Vesicles
P50443	SLC26A2		Vesicles
P40879	SLC26A3		Acrosome
Q9BXS9	SLC26A6		Plasma membrane
Q8TE54	SLC26A7		Vesicles
Q96RN1	SLC26A8		Annulus
Q7LBE3	SLC26A9		Cell Junctions
Q6PCB7	SLC27A1		Plasma membrane
Q5K4L6	SLC27A3		Endoplasmic reticulum, Mitochondria
Q6P1M0	SLC27A4		Vesicles
Q9Y2P4	SLC27A6		Nuclear bodies
O00337	SLC28A1		Plasma membrane
O43868	SLC28A2		Vesicles
Q9BZD2	SLC29A3		Golgi apparatus, Vesicles
Q7RTT9	SLC29A4		Microtubules, Cytokinetic bridge
P11166	SLC2A1		Plasma membrane
O95528	SLC2A10		Cytosol
Q9BYW1	SLC2A11		Cell Junctions
Q8TD20	SLC2A12		Plasma membrane
Q96QE2	SLC2A13		Nuclear membrane
Q8TDB8	SLC2A14		Plasma membrane
P11168	SLC2A2		Plasma membrane, Mid piece, Principal piece
P11169	SLC2A3		Plasma membrane
Q9NR83	SLC2A4RG		Nuclear speckles
P22732	SLC2A5		Plasma membrane
Q9NY64	SLC2A8		Vesicles
Q9Y6M5	SLC30A1		Plasma membrane
Q9BRI3	SLC30A2		Vesicles
Q99726	SLC30A3		Vesicles
Q8TAD4	SLC30A5		Golgi apparatus
Q6NXT4	SLC30A6		Golgi apparatus
Q8NEW0	SLC30A7		Golgi apparatus
Q8IWU4	SLC30A8		Vesicles, Plasma membrane
Q6PML9	SLC30A9		Mitochondria
O15432	SLC31A2		Plasma membrane
Q9H598	SLC32A1		Cytosol
O00400	SLC33A1		Vesicles, Cytosol
Q06495	SLC34A1		Nuclear speckles, Plasma membrane
O95436	SLC34A2		Plasma membrane
P78381	SLC35A2		Golgi apparatus
L0R6Q1	SLC35A4		Endoplasmic reticulum, Centrosome
Q96G79	SLC35A4		Endoplasmic reticulum, Centrosome
Q9BS91	SLC35A5		Golgi apparatus
P78383	SLC35B1		Endoplasmic reticulum
Q8TB61	SLC35B2		Vesicles
Q96A29	SLC35C1		Golgi apparatus
Q9NQQ7	SLC35C2		Golgi apparatus
Q76EJ3	SLC35D2		Golgi apparatus
Q5M8T2	SLC35D3		Centriolar satellite
Q96K37	SLC35E1		Golgi apparatus
P0CK96	SLC35E2B		Nucleoplasm
Q6ICL7	SLC35E4		Cytosol
Q5T1Q4	SLC35F1		Nucleoplasm
Q8IXU6	SLC35F2		Golgi apparatus
Q8IY50	SLC35F3		Golgi apparatus
Q8WV83	SLC35F5		Plasma membrane
Q8N357	SLC35F6		Vesicles
Q8TBE7	SLC35G2		Plasma membrane
Q6YBV0	SLC36A4		Golgi apparatus, Plasma membrane, Cytosol
O43826	SLC37A4		Mitochondria
Q9HBR0	SLC38A10		Golgi apparatus
Q96QD8	SLC38A2		Plasma membrane
Q99624	SLC38A3		Cytosol
Q8WUX1	SLC38A5		Vesicles, Plasma membrane
Q8IZM9	SLC38A6		Cell Junctions
Q9NVC3	SLC38A7		Plasma membrane, Cytosol
Q8NBW4	SLC38A9		Vesicles
Q9ULF5	SLC39A10		Nucleoplasm, Cytosol
Q8N1S5	SLC39A11		Nucleoplasm
Q15043	SLC39A14		Endoplasmic reticulum, Golgi apparatus, Plasma membrane
Q9NP94	SLC39A2		Plasma membrane
Q9BRY0	SLC39A3		Vesicles
Q6ZMH5	SLC39A5		Vesicles
Q13433	SLC39A6		Cytosol
Q92504	SLC39A7		Endoplasmic reticulum
Q9NUM3	SLC39A9		Endoplasmic reticulum
Q07837	SLC3A1		Mitochondria
P08195	SLC3A2		Nucleoplasm, Plasma membrane
Q9NP59	SLC40A1		Plasma membrane, Cytosol
Q8IVJ1	SLC41A1		Mitochondria
Q96GZ6	SLC41A3		Plasma membrane
O75387	SLC43A1		Golgi apparatus, Vesicles, Plasma membrane
Q8NBI5	SLC43A3		Vesicles
Q8WWI5	SLC44A1		Mitochondria
Q8IWA5	SLC44A2		Vesicles, Cell Junctions
Q8NCS7	SLC44A5		Cytosol
Q96JT2	SLC45A3		Vesicles
Q5BKX6	SLC45A4		Plasma membrane
Q96NT5	SLC46A1		Plasma membrane, Cytosol
Q7Z3Q1	SLC46A3		Plasma membrane, Cytosol
Q6P1K1	SLC48A1		Vesicles
Q96SL1	SLC49A4		Vesicles
Q8NBS3	SLC4A11		Nucleoplasm
Q9BWU0	SLC4A1AP		Nucleoplasm
P04920	SLC4A2		Nuclear speckles, Plasma membrane
P48751	SLC4A3		Nucleoplasm
Q9Y6R1	SLC4A4		Plasma membrane
Q9Y6M7	SLC4A7		Plasma membrane
Q2Y0W8	SLC4A8		Plasma membrane
Q96Q91	SLC4A9		Plasma membrane, Cytosol
Q86UW2	SLC51B		Mitochondria
P13866	SLC5A1		Golgi apparatus, Plasma membrane
Q8WWX8	SLC5A11		Nucleoplasm
Q1EHB4	SLC5A12		Plasma membrane
P53794	SLC5A3		Plasma membrane
Q9Y289	SLC5A6		Plasma membrane
Q9GZV3	SLC5A7		Cell Junctions, Intermediate filaments
Q2M3M2	SLC5A9		Actin filaments
Q6ZP29	SLC66A1		Vesicles
Q8N2U9	SLC66A2		Nucleoplasm
Q8N755	SLC66A3		Cytosol
P48066	SLC6A11		Nucleoplasm
P48065	SLC6A12		Vesicles
Q9NSD5	SLC6A13		Mitochondria
Q9UN76	SLC6A14		Vesicles, Primary cilium, Primary cilium tip
Q9H2J7	SLC6A15		Nucleoli
Q9GZN6	SLC6A16		Golgi apparatus
Q9H1V8	SLC6A17		Mitochondria
	SLC6A2		Cytosol
Q01959	SLC6A3		Vesicles
	SLC6A4		Golgi apparatus, Vesicles
P31641	SLC6A6		Cell Junctions, Cytosol
Q99884	SLC6A7		Plasma membrane, Cytosol
P48067	SLC6A9		Golgi apparatus
Q9NS82	SLC7A10		Nucleoplasm, Nucleoli
Q9UPY5	SLC7A11		Vesicles
Q8TBB6	SLC7A14		Vesicles, Cytosol
P52569	SLC7A2		Plasma membrane
O43246	SLC7A4		Vesicles, Plasma membrane
Q01650	SLC7A5		Plasma membrane, Cytosol
Q92536	SLC7A6		Vesicles
Q96CW6	SLC7A6OS		Nucleoplasm
P32418	SLC8A1	Intracellular and membrane	Nucleoplasm, Plasma membrane
P57103	SLC8A3		Cytosol, Acrosome, End piece
P19634	SLC9A1		Plasma membrane
Q9UBY0	SLC9A2		Cell Junctions
P48764	SLC9A3		Plasma membrane
O14745	SLC9A3R1		Plasma membrane, Centriolar satellite
Q15599	SLC9A3R2		Plasma membrane
Q6AI14	SLC9A4		Nucleoplasm, Plasma membrane
Q14940	SLC9A5		Cytosol
Q92581	SLC9A6		Vesicles
Q96T83	SLC9A7		Vesicles
Q4ZJI4	SLC9B1		Cytosol, Acrosome
Q86UD5	SLC9B2		Nucleoplasm
Q5TAH2	SLC9C2		Plasma membrane
P46721	SLCO1A2		Plasma membrane
	SLCO1B1		Plasma membrane
Q9NPD5	SLCO1B3		Plasma membrane
Q96BD0	SLCO4A1		Cell Junctions
Q6ZQN7	SLCO4C1		Plasma membrane
Q9H2Y9	SLCO5A1		Plasma membrane
Q9BQI6	SLF1		Nucleoplasm
Q8IX21	SLF2		Nucleoplasm, Vesicles
Q7Z7L1	SLFN11		Nucleoplasm
Q68D06	SLFN13		Cytokinetic bridge
Q08AF3	SLFN5		Nucleoplasm
Q6IEE8	SLFN5		Nucleoplasm
Q499Z3	SLFNL1		Cytosol
Q9GZT3	SLIRP		Mitochondria
O75093	SLIT1	Secreted in brain	Plasma membrane
O75094	SLIT3	Secreted in other tissues	Cell Junctions
O94933	SLITRK3		Mitochondria
O94991	SLITRK5		Vesicles
Q9H5Y7	SLITRK6		Plasma membrane
Q9H2G2	SLK		Cytosol
Q14BN4	SLMAP		Endoplasmic reticulum
O00631	SLN		Microtubules
P03973	SLPI	Secreted to blood	Golgi apparatus
	SLTM		Nucleoplasm, Nuclear bodies
O95391	SLU7		Nucleoplasm
Q9BQ83	SLX1A		Nucleoplasm
	SLX1B		Nucleoplasm
Q8IY92	SLX4		Nucleoplasm
Q5VYV7	SLX4IP		Cytosol
Q9NSI2	SLX9		Nucleoli
Q15797	SMAD1		Nucleoplasm, Cytosol
Q15796	SMAD2		Nucleoplasm, Nucleoli
P84022	SMAD3		Nucleoplasm
Q13485	SMAD4		Nucleoplasm, Centrosome, Basal body
Q99717	SMAD5		Nucleoplasm
O43541	SMAD6		Nucleoplasm, Nuclear bodies
O15105	SMAD7		Nucleoplasm, Centrosome, Basal body
O15198	SMAD9		Nucleoplasm
Q0VAQ4	SMAGP		Plasma membrane
Q8IYB5	SMAP1		Plasma membrane, Cytosol
Q9H3U1	SMAP1		Plasma membrane, Cytosol
Q8WU79	SMAP2		Cytosol
Q9H3U7	SMAP2		Cytosol
P28370	SMARCA1		Nucleoplasm
P51531	SMARCA2		Nucleoplasm
P51532	SMARCA4		Nucleoplasm, Nucleoli fibrillar center, Nucleoli rim
O60264	SMARCA5		Nucleoplasm
Q9H4L7	SMARCAD1		Nucleoplasm
Q9NZC9	SMARCAL1		Nucleoplasm
Q12824	SMARCB1		Nucleoplasm
Q92922	SMARCC1		Nucleoplasm
Q8TAQ2	SMARCC2		Nucleoplasm
Q96GM5	SMARCD1		Nucleoplasm
Q92925	SMARCD2		Nucleoplasm
Q6STE5	SMARCD3		Nucleoplasm
Q969G3	SMARCE1		Nucleoplasm
Q14683	SMC1A		Nucleoplasm
Q8NDV3	SMC1B		Nucleoplasm, Cytosol
O95347	SMC2		Nucleoplasm
Q9UQE7	SMC3		Nucleoplasm
Q9NTJ3	SMC4		Nuclear speckles, Cytosol
Q8IY18	SMC5		Nuclear speckles
Q96SB8	SMC6		Nucleoplasm
A6NHR9	SMCHD1		Nucleoplasm
Q147U7	SMCO1		Golgi apparatus
A2RU48	SMCO3		Plasma membrane
Q8TEV9	SMCR8		Nucleoplasm
Q9H4I9	SMDT1		Mitochondria
Q96Q15	SMG1		Nucleoplasm
Q9UPR3	SMG5		Cytoplasmic bodies
Q86US8	SMG6		Nucleoli
Q92540	SMG7		Nucleoli, Cytosol
Q8ND04	SMG8		Nucleoplasm
Q9H0W8	SMG9		Cytosol
P58511	SMIM11		Focal adhesion sites
Q96EX1	SMIM12		Mitochondria
P0DJ93	SMIM13		Nucleoplasm
P0DL12	SMIM17		Vesicles
P0DKX4	SMIM18		Nucleoplasm
Q96E16	SMIM19		Nuclear speckles
Q9BVW6	SMIM2		Nucleoplasm, Nuclear bodies
Q8N5G0	SMIM20	Secreted to blood	Nucleoplasm, Cytosol
K7EJ46	SMIM22		Nucleoplasm
O75264	SMIM24		Nucleoplasm
A0A096LP01	SMIM26		Nucleoplasm
Q9BZL3	SMIM3		Vesicles
Q8WVI0	SMIM4		Nucleoplasm, Mitochondria
Q71RC9	SMIM5		Vesicles
P0DI80	SMIM6		Nucleoplasm
Q9BQ49	SMIM7		Golgi apparatus
Q96KF7	SMIM8		Vesicles
H3BMG3	SMKR1		Nucleoli
Q16637	SMN1		Nuclear bodies, Cytosol
	SMN2		Nuclear bodies, Cytosol
O75940	SMNDC1		Nucleoplasm
Q99835	SMO		Golgi apparatus, Plasma membrane, Primary cilium
Q9NWM0	SMO		Golgi apparatus, Plasma membrane, Primary cilium
Q9H4F8	SMOC1	Secreted to extracellular matrix	Plasma membrane
	SMOX		Nucleoplasm
O60906	SMPD2		Vesicles, Plasma membrane
Q9NY59	SMPD3		Endoplasmic reticulum
Q9NXE4	SMPD4		Nuclear membrane
Q92484	SMPDL3A	Secreted to blood	Nucleoplasm, Nucleoli, Mitochondria
Q92485	SMPDL3B	Secreted to blood	Cytosol
Q9UHP9	SMPX		Plasma membrane
P52788	SMS		Nuclear bodies
P53814	SMTN		Nucleoplasm
Q2TAL5	SMTNL2		Nucleoplasm, Nuclear speckles
Q2TAY7	SMU1		Vesicles
Q53HV7	SMUG1		Nucleoplasm
Q9HCE7	SMURF1		Vesicles
Q9HAU4	SMURF2		Nuclear speckles
Q9NRG4	SMYD2		Cytosol
Q9H7B4	SMYD3		Nucleoplasm
Q8IYR2	SMYD4		Golgi apparatus, Vesicles
Q6GMV2	SMYD5		Nucleoplasm
O95863	SNAI1		Nucleoplasm
O43623	SNAI2		Nucleoplasm
Q3KNW1	SNAI3		Nucleoplasm
O00161	SNAP23		Plasma membrane
P60880	SNAP25		Plasma membrane
O95721	SNAP29		Cytosol
Q5SQN1	SNAP47		Cytosol
O60641	SNAP91		Cytosol
Q16533	SNAPC1		Nucleoli
Q13487	SNAPC2		Nucleoplasm, Nuclear bodies
Q92966	SNAPC3		Nucleoplasm, Nuclear bodies
Q5SXM2	SNAPC4		Nucleoplasm, Nuclear membrane
O75971	SNAPC5		Nucleoplasm
O95295	SNAPIN		Golgi apparatus
Q9Y6H5	SNCAIP		Cytoplasmic bodies
O76070	SNCG		Golgi apparatus, Centrosome, Cytosol
Q7KZF4	SND1		Cytosol
Q96H20	SNF8		Cytosol
Q8TAD8	SNIP1		Nucleoplasm
O75324	SNN		Cytosol
Q6UX34	SNORC	Intracellular and membrane	Nucleoplasm, Nucleoli
O15079	SNPH		Mitochondria
Q9NRH2	SNRK		Vesicles, Plasma membrane, Cell Junctions
O75643	SNRNP200		Nucleoplasm
Q9BV90	SNRNP25		Nucleoplasm
Q8WVK2	SNRNP27		Nucleoplasm
Q16560	SNRNP35		Nucleoli
Q96DI7	SNRNP40		Nuclear speckles
Q6IEG0	SNRNP48		Nucleoplasm
P08621	SNRNP70		Nucleoplasm
P09012	SNRPA		Nucleoplasm
P09661	SNRPA1		Nucleoplasm
P14678	SNRPB		Nucleoplasm
P08579	SNRPB2		Nuclear speckles
P09234	SNRPC		Nucleoplasm
P62316	SNRPD2		Cytosol
P62318	SNRPD3		Nucleoplasm
P62308	SNRPG		Nucleoplasm
P63162	SNRPN		Nucleoplasm
Q13425	SNTB2		Golgi apparatus, Plasma membrane, Centriolar satellite, Basal body
Q9NY99	SNTG2		Plasma membrane
O95149	SNUPN		Nucleoplasm, Plasma membrane, Cytosol
Q9Y675	SNURF		Nuclear speckles
Q13573	SNW1		Nucleoplasm
Q13596	SNX1		Endosomes, Lysosomes
Q9Y5X0	SNX10		Nucleoplasm, Microtubules
Q9Y5W9	SNX11		Endoplasmic reticulum
Q9Y5W7	SNX14		Vesicles, Cytosol
Q9NRS6	SNX15		Nucleoli, Cytosol
P57768	SNX16		Vesicles, Plasma membrane
Q15036	SNX17		Vesicles
Q96RF0	SNX18		Cytosol
Q92543	SNX19		Mitochondria
O60749	SNX2		Endosomes
Q7Z614	SNX20		Nucleoplasm
Q969T3	SNX21		Vesicles
Q96L94	SNX22		Vesicles
Q9Y343	SNX24		Vesicles
Q9H3E2	SNX25		Vesicles
Q96L92	SNX27		Vesicles
Q8TEQ0	SNX29		Golgi apparatus
Q5VWJ9	SNX30		Nucleoplasm, Nucleoli, Cytosol
Q8WV41	SNX30		Nucleoplasm, Nucleoli, Cytosol
Q8N9S9	SNX31		Nucleoplasm, Golgi apparatus
Q86XE0	SNX32		Cytosol
Q9Y5X3	SNX5		Vesicles, Cytosol
Q9UNH7	SNX6		Endosomes, Lysosomes
Q9UNH6	SNX7		Vesicles
Q9Y5X2	SNX8		Vesicles
Q9Y5X1	SNX9		Plasma membrane
	SOAT1		Endoplasmic reticulum
A7XYQ1	SOBP		Nucleoplasm
O15524	SOCS1		Nucleoplasm
O14508	SOCS2		Endoplasmic reticulum
O14543	SOCS3		Cytosol
O14544	SOCS4		Nucleoplasm, Cytosol
Q8WXH5	SOCS4		Nucleoplasm, Cytosol
O75159	SOCS5		Cytosol
O14512	SOCS6		Nuclear speckles
	SOCS7		Cytosol
P00441	SOD1		Nucleoplasm
P04179	SOD2		Mitochondria
O94964	SOGA1	Secreted to blood	Nucleoli, Cytosol
Q5TF21	SOGA3		Nucleoplasm, Cytosol
Q5JUK2	SOHLH1		Nuclear speckles
Q9NX45	SOHLH2		Vesicles
P18583	SON		Nuclear speckles
Q9BX66	SORBS1		Focal adhesion sites
O60504	SORBS3		Cell Junctions
Q8WY21	SORCS1		Plasma membrane, Cytosol
Q96PQ0	SORCS2		Vesicles, Cytosol
Q9UPU3	SORCS3		Plasma membrane
Q00796	SORD		Cytosol
Q99523	SORT1		Golgi apparatus, Cytosol
Q07889	SOS1		Cytosol
Q07890	SOS2		Nucleoplasm, Vesicles
Q6X4U4	SOSTDC1	Secreted to extracellular matrix	Golgi apparatus
A6NEL2	SOWAHB		Nucleoli fibrillar center
Q53LP3	SOWAHC		Cytosol
P56693	SOX10		Nucleoplasm
P35716	SOX11		Nucleoplasm
O15370	SOX12		Nucleoplasm
O60248	SOX12		Nucleoplasm
Q9UN79	SOX13		Nucleoplasm
	SOX15		Nucleoplasm
Q9H6I2	SOX17		Nucleoplasm
P35713	SOX18		Nucleoplasm
P48431	SOX2		Nucleoplasm
Q9Y651	SOX21		Nucleoplasm
P41225	SOX3		Nucleoplasm
O94993	SOX30		Nucleoplasm, Vesicles
Q06945	SOX4		Nucleoplasm
P35711	SOX5		Nucleoplasm
P35712	SOX6		Nucleoplasm
Q9BT81	SOX7		Nuclear speckles
P57073	SOX8		Nucleoplasm
P48436	SOX9		Nucleoplasm
P08047	SP1		Nucleoplasm
P23497	SP100		Nuclear bodies
Q9HB58	SP110		Nucleoplasm
Q13342	SP140		Nucleoli fibrillar center
Q9H930	SP140L		Nucleoplasm
Q02086	SP2		Nucleoplasm
Q02447	SP3		Nucleoplasm
Q02446	SP4		Nucleoplasm
Q6BEB4	SP5		Nucleoli
Q3SY56	SP6		Nucleoplasm
Q8IXZ3	SP8		Nucleoplasm
P0CG40	SP9		Mitochondria
Q15506	SPA17		Golgi apparatus, Principal piece
Q9HBV2	SPACA1		Acrosome
Q8IXA5	SPACA3	Secreted in male reproductive system	Acrosome
Q8TDM5	SPACA4		Acrosome
Q96KW9	SPACA7	Secreted in male reproductive system	Microtubules, Acrosome
Q96E40	SPACA9		Vesicles
Q8IZ16	SPACDR		Vesicles, Acrosome
Q07617	SPAG1		Primary cilium, Cytosol, Principal piece
Q6PDA7	SPAG11A	Secreted in male reproductive system	Golgi apparatus
Q08648	SPAG11B	Secreted in male reproductive system	Golgi apparatus
Q8N0X2	SPAG16		Cytosol, Equatorial segment
Q6Q759	SPAG17		Mid piece, Principal piece
Q96R06	SPAG5		Nuclear bodies, Mitotic spindle
O75602	SPAG6		Calyx, Mid piece, Principal piece, End piece
O75391	SPAG7		Nucleoplasm
Q99932	SPAG8		Primary cilium, Acrosome, Equatorial segment, End piece
O60271	SPAG9		Centriolar satellite, Cytosol
Q9NS26	SPANXA1		Nucleoplasm
	SPANXA2		Nucleoplasm
Q9NS25	SPANXB1		Nucleoplasm
Q9NY87	SPANXC		Nucleoplasm
Q9BXN6	SPANXD		Nucleoplasm
Q5MJ10	SPANXN2		Nucleoplasm
Q5MJ09	SPANXN3		Nucleoplasm
Q5MJ08	SPANXN4		Vesicles, Plasma membrane
P09486	SPARC	Secreted to blood	Vesicles
Q8N0X7	SPART		Cytosol
Q9UBP0	SPAST		Nucleoplasm
Q5VX52	SPATA1		Plasma membrane, Cytosol
Q7Z6I5	SPATA12		Nucleoplasm, Cytosol
Q96N96	SPATA13		Nucleoplasm
Q96L03	SPATA17		Nucleoplasm, Nucleoli, Cytosol
Q8TC71	SPATA18		Mitochondria
Q9UM82	SPATA2		Nucleoli fibrillar center
Q8TB22	SPATA20	Secreted in male reproductive system	Principal piece
Q7Z572	SPATA21		Vesicles, Cytosol
Q86W54	SPATA24		Nucleoplasm, Cytosol
Q9BR10	SPATA25		Golgi apparatus
Q8IUW3	SPATA2L		Nucleoplasm, Mitochondria
Q5TZJ5	SPATA31A1		Acrosome, Equatorial segment
Q5VYP0	SPATA31A3		Acrosome, Equatorial segment
Q5VU36	SPATA31A5		Acrosome, Equatorial segment
Q5VVP1	SPATA31A6		Acrosome, Equatorial segment
Q8IWB4	SPATA31A7		Acrosome, Equatorial segment
Q96N06	SPATA33		Nucleoplasm
Q8NEY3	SPATA4		Nucleoplasm
Q537H7	SPATA45		Nuclear speckles, Cytosol
A4D263	SPATA48		Connecting piece, Mid piece, Principal piece
Q8NB90	SPATA5		Cytosol
Q9BVQ7	SPATA5L1		Nucleoplasm
Q9NWH7	SPATA6	Intracellular and membrane	Golgi apparatus, Vesicles
Q9P0W8	SPATA7		Vesicles, Primary cilium transition zone, Mid piece
Q9BWV2	SPATA9		Mitochondria
Q9H0A9	SPATC1L		Plasma membrane, Cytosol
Q496A3	SPATS1		Nucleoplasm
Q86XZ4	SPATS2		Cytosol
Q9NUQ6	SPATS2L		Nucleoli, Cytosol
Q8NBT2	SPC24		Nucleoplasm
Q15005	SPC25		Cytosol
Q9HBM1	SPC25		Cytosol
Q9Y6A9	SPCS1		Golgi apparatus, Vesicles
	SPCS2		Vesicles
O95238	SPDEF		Nucleoplasm
Q96EA4	SPDL1		Cytosol
Q5MJ70	SPDYA		Nucleoplasm
Q5M775	SPECC1		Nucleoplasm, Vesicles
Q69YQ0	SPECC1L		Actin filaments
Q9C093	SPEF2		Primary cilium, Flagellar centriole
Q15772	SPEG		Vesicles
Q8N4L4	SPEM1		Golgi apparatus
Q0P670	SPEM2		Golgi apparatus
Q96T58	SPEN		Nucleoplasm
Q6UW49	SPESP1	Secreted in male reproductive system	Acrosome, Equatorial segment
Q96JI7	SPG11		Plasma membrane, Cytosol
Q9NZD8	SPG21		Vesicles, Cytosol
Q9NYA1	SPHK1		Plasma membrane
Q9NRA0	SPHK2		Nucleoplasm
P17947	SPI1		Nucleoplasm
Q8N0Z3	SPICE1		Centrosome, Basal body
Q14159	SPIDR		Nucleoplasm
Q9H2V7	SPIN1		Nucleoplasm
Q9Y657	SPIN1		Nucleoplasm
Q99865	SPIN2A		Nucleoplasm
Q9BPZ2	SPIN2B		Nucleoplasm
Q5JUX0	SPIN3		Nucleoplasm
Q56A73	SPIN4		Nucleoplasm, Cytosol
Q9BUA3	SPINDOC		Nuclear speckles
Q1W4C9	SPINK13	Secreted in male reproductive system	Plasma membrane
P20155	SPINK2	Secreted to blood	Acrosome
O60575	SPINK4	Secreted to digestive system	Golgi apparatus, Vesicles
Q9NQ38	SPINK5	Secreted in other tissues	Vesicles
Q5DT21	SPINK9	Secreted in other tissues	Nucleoplasm, Vesicles
O43278	SPINT1	Secreted to blood	Plasma membrane, Cytosol
O43291	SPINT2		Golgi apparatus
Q08AE8	SPIRE1		Nucleoplasm, Cytosol
Q8WWL2	SPIRE2		Nucleoplasm
P16150	SPN		Plasma membrane
	SPNS1		Vesicles
Q6ZMY3	SPOCD1		Cytosol
Q08629	SPOCK1	Secreted to blood	Vesicles
Q9HCB6	SPON1	Secreted to blood	Vesicles
Q9BUD6	SPON2	Secreted to blood	Vesicles
Q6IQ16	SPOPL		Vesicles
P10451	SPP1	Secreted to blood	Golgi apparatus
	SPPL2A		Vesicles
	SPPL2B		Nucleoplasm, Plasma membrane
Q8TCT6	SPPL3		Vesicles, Plasma membrane
P35270	SPR		Nucleoplasm, Cytosol
Q7Z699	SPRED1		Nucleoplasm
Q7Z698	SPRED2		Nucleoplasm
Q2MJR0	SPRED3		Nucleoplasm, Plasma membrane
Q96PI1	SPRR4		Nucleoplasm, Cytosol
Q9H040	SPRTN		Nucleoplasm
O43609	SPRY1		Golgi apparatus, Cytosol
O43597	SPRY2		Actin filaments, Microtubules
O43610	SPRY3		Cytosol
Q9C004	SPRY4		Golgi apparatus
Q8NCJ5	SPRYD3		Nucleoplasm, Cytosol
Q8WW59	SPRYD4		Nucleoplasm
Q5W111	SPRYD7		Vesicles
Q6PJ21	SPSB3		Mitochondria
Q96A44	SPSB4		Nucleoplasm, Golgi apparatus
Q13813	SPTAN1		Vesicles, Microtubules
P11277	SPTB		Cytosol
Q01082	SPTBN1		Cytosol
O15020	SPTBN2		Plasma membrane, Cytosol
Q9H254	SPTBN4		Nucleoli
O15269	SPTLC1		Endoplasmic reticulum
O15270	SPTLC2		Plasma membrane
Q9NUV7	SPTLC3		Microtubules
Q68D10	SPTY2D1		Nucleoplasm, Nucleoli
Q9BXG8	SPZ1		Mid piece
Q14534	SQLE		Vesicles, Cytosol
Q9Y6N5	SQOR		Mitochondria
Q13501	SQSTM1		Vesicles, Cytosol
Q9HD15	SRA1		Nucleoplasm
Q8NEQ6	SRARP		Nucleoplasm
Q8N5C6	SRBD1		Mitochondria, Cytosol
P12931	SRC		Vesicles, Plasma membrane, Cell Junctions
Q6ZRS2	SRCAP		Nucleoplasm
Q9C0H9	SRCIN1		Cell Junctions
Q9H8P0	SRD5A3		Plasma membrane, Cytosol
P36956	SREBF1		Nucleoplasm
Q12772	SREBF2		Nucleoplasm, Vesicles
Q8WXA9	SREK1		Nucleoplasm, Nuclear speckles
Q8N9Q2	SREK1IP1		Nucleoplasm, Nucleoli
P11831	SRF		Nucleoplasm
Q8NEF9	SRFBP1		Nucleoli rim
Q7Z6B7	SRGAP1		Cytosol
O43295	SRGAP2		Cytosol
O75044	SRGAP2		Cytosol
P0DMP2	SRGAP2B		Centrosome, Basal body, Cytosol
P0DJJ0	SRGAP2C		Cytosol
	SRGAP3		Cytosol
P10124	SRGN	Secreted to blood	Golgi apparatus
P30626	SRI		Nucleoplasm, Cytosol
P19623	SRM		Nucleoplasm
Q9H3Y6	SRMS		Intermediate filaments
P37108	SRP14		Nucleoli
P09132	SRP19		Cytosol
P61011	SRP54		Cytosol
Q9UHB9	SRP68		Cytosol
Q96SB4	SRPK1		Nucleoplasm, Cytosol
P78362	SRPK2		Nucleoplasm, Cytosol
Q9Y5M8	SRPRB		Plasma membrane
Q9GZT4	SRR		Vesicles
Q9UH36	SRRD		Cytosol
Q8IYB3	SRRM1		Nuclear speckles
Q9UQ35	SRRM2		Nuclear speckles
A6NNA2	SRRM3		Plasma membrane
B3KS81	SRRM5		Vesicles
Q9BXP5	SRRT		Nucleoplasm
Q07955	SRSF1		Nucleoplasm
O75494	SRSF10		Nucleoplasm
Q05519	SRSF11		Nuclear speckles
Q01130	SRSF2		Nucleoplasm
P84103	SRSF3		Nucleoplasm
Q08170	SRSF4		Nuclear speckles
Q13243	SRSF5		Nucleoplasm
Q13247	SRSF6		Nuclear speckles
Q16629	SRSF7		Nucleoplasm
Q9BRL6	SRSF8		Nucleoplasm
Q13242	SRSF9		Nucleoplasm
Q15532	SS18		Nucleoplasm
O75177	SS18L1		Nucleoplasm, Cytosol
Q9UHA2	SS18L2		Nucleoli, Mitochondria
P05455	SSB		Nucleoplasm
Q04837	SSBP1		Mitochondria
P81877	SSBP2		Nucleoplasm
Q9BWW4	SSBP3		Nucleoplasm
Q9BWG4	SSBP4		Nucleoplasm
A1L4H1	SSC5D	Secreted in other tissues	Nucleoplasm, Cytosol
Q8WYL5	SSH1		Plasma membrane
Q8TE77	SSH3		Nuclear speckles, Cytosol
O43805	SSNA1		Nucleoplasm, Basal body
Q14714	SSPN		Nuclear membrane
P43307	SSR1		Endoplasmic reticulum
P51571	SSR4		Endoplasmic reticulum
Q08945	SSRP1		Nucleoplasm
P30872	SSTR1		Vesicles
P30874	SSTR2		Cytosol
P32745	SSTR3		Plasma membrane, Actin filaments, Primary cilium
P35346	SSTR5		Plasma membrane
Q9NP77	SSU72		Nucleoplasm, Cytosol
Q16384	SSX1		Nucleoplasm, Nucleoli
Q16385	SSX2		Nucleoplasm, Nucleoli
	SSX2B		Nucleoplasm, Nucleoli
Q9Y2D8	SSX2IP		Centriolar satellite, Centrosome, Basal body
Q99909	SSX3		Nucleoplasm, Nucleoli
O60224	SSX4		Nucleoplasm, Nucleoli
	SSX4B		Nucleoplasm, Nucleoli
O60225	SSX5		Nucleoplasm, Nucleoli
Q7RTT5	SSX7		Nucleoplasm, Nucleoli
P50502	ST13		Cytosol
Q9Y5Y6	ST14		Nucleoplasm, Vesicles
Q16842	ST3GAL2	Intracellular and membrane	Vesicles
Q9UNP4	ST3GAL5		Vesicles
Q96JF0	ST6GAL2		Nucleoli fibrillar center
Q9NSC7	ST6GALNAC1		Golgi apparatus
Q8NDV1	ST6GALNAC3		Nucleoplasm
Q9H4F1	ST6GALNAC4		Golgi apparatus
Q9BVH7	ST6GALNAC5	Intracellular and membrane	Vesicles
Q969X2	ST6GALNAC6	Intracellular and membrane	Cytosol
Q9NRC1	ST7		Nucleoplasm
Q8TDW4	ST7L		Centrosome
Q92186	ST8SIA2	Secreted - unknown location	Golgi apparatus
O43173	ST8SIA3		Golgi apparatus
Q92187	ST8SIA4	Secreted - unknown location	Golgi apparatus
O15466	ST8SIA5		Plasma membrane, Midbody
P61647	ST8SIA6	Intracellular and membrane	Endoplasmic reticulum
Q9NY15	STAB1		Cytosol
Q8WWQ8	STAB2		Cytosol
Q99469	STAC		Nucleoplasm, Plasma membrane
Q6ZMT1	STAC2		Cytosol
Q96MF2	STAC3		Nucleoplasm
Q8WVM7	STAG1		Nucleoplasm
Q8N3U4	STAG2		Nucleoplasm, Nucleoli, Nucleoli fibrillar center
Q9UJ98	STAG3		Nucleoli
Q92783	STAM		Vesicles
O75886	STAM2		Vesicles
O95630	STAMBP		Nucleoplasm
Q96FJ0	STAMBPL1		Plasma membrane
Q9ULZ2	STAP1		Nuclear bodies, Cytosol
Q9Y365	STARD10		Cytosol
Q9Y3M8	STARD13		Golgi apparatus, Vesicles
Q14849	STARD3		Nucleoplasm, Vesicles
O95772	STARD3NL		Vesicles
Q96DR4	STARD4		Plasma membrane
Q9NSY2	STARD5		Vesicles
Q9NQZ5	STARD7		Mitochondria
P42224	STAT1		Nucleoplasm, Cytosol
P52630	STAT2		Cytosol, Mid piece
P40763	STAT3		Nucleoplasm, Cytosol
Q14765	STAT4		Nucleoplasm, Nuclear bodies
P42229	STAT5A		Cytosol
P51692	STAT5B		Cytosol
P42226	STAT6		Nucleoplasm, Cytosol
O95793	STAU1		Cytosol
Q9NUL3	STAU2		Nucleoplasm
O95210	STBD1		Endoplasmic reticulum
O76061	STC2	Secreted in other tissues	Endoplasmic reticulum
Q8NFT2	STEAP2		Vesicles
Q658P3	STEAP3		Cytosol
Q687X5	STEAP4		Nucleoplasm, Plasma membrane
Q9H5V9	STEEP1		Nucleoplasm
Q8IWL8	STH		Nucleoplasm, Golgi apparatus
Q15468	STIL		Nucleoplasm, Centrosome, Basal body
Q13586	STIM1		Endoplasmic reticulum
Q86TL2	STIMATE		Cytosol
	STIMATE-MUSTN1		Cytosol
Q86WV6	STING1		Cytosol
P31948	STIP1		Plasma membrane, Cytosol
O94804	STK10		Plasma membrane
Q15831	STK11		Nucleoplasm
Q8N1F8	STK11IP		Vesicles
O75716	STK16		Cytosol
Q9UEE5	STK17A		Nuclear speckles
O94768	STK17B		Nucleoplasm
	STK19		Nuclear speckles
Q9Y6E0	STK24		Nucleoli, Cytosol
Q9P289	STK26		Nucleoplasm
Q13188	STK3		Intermediate filaments, Rods & Rings
Q8WU08	STK32A		Centrosome
Q9NY57	STK32B		Nucleoplasm, Nuclear bodies
Q9BYT3	STK33		Nucleoplasm, Flagellar centriole
Q8TDR2	STK35		Nucleoplasm, Nuclear bodies
Q9NRP7	STK36		Cytosol
Q15208	STK38		Cytosol
Q9Y2H1	STK38L		Cytosol
	STK39		Nucleoplasm
	STK4		Nuclear bodies
Q8N2I9	STK40		Cytosol
P16949	STMN1		Cytosol
Q93045	STMN2		Vesicles
Q9NZ72	STMN3		Golgi apparatus
Q9H169	STMN4		Golgi apparatus
H3BQB6	STMND1		Actin filaments
E0CX11	STMP1	Intracellular and membrane	Mitochondria
Q9H668	STN1		Nucleoplasm
Q9Y6Q2	STN1		Nucleoplasm
P27105	STOM		Vesicles, Plasma membrane
Q9UBI4	STOML1		Vesicles
Q9UJZ1	STOML2		Plasma membrane, Cytosol
Q8TAV4	STOML3		Plasma membrane
	STON1-GTF2A1L		Nucleoplasm
Q8WXE9	STON2		Nucleoli, Cytosol
Q6ZVD7	STOX1		Nucleoplasm
Q9P2F5	STOX2		Nucleoplasm, Cytosol
Q5TH74	STPG1		Nucleoplasm
Q8N412	STPG2		Principal piece
Q8N7X2	STPG3		Vesicles
Q8N801	STPG4		Nucleoplasm
Q7Z7C7	STRA8		Cytosol
Q7RTN6	STRADA		Nucleoplasm, Cytosol
Q9C0K7	STRADB		Nucleoplasm, Cytosol
Q9Y3F4	STRAP		Cytosol
Q5VSL9	STRIP1		Cytosol
Q9ULQ0	STRIP2		Cytosol
O43815	STRN		Cytosol
Q13033	STRN3		Plasma membrane, Cytosol
Q9NRL3	STRN4		Cytosol
Q8TCJ2	STT3B		Endoplasmic reticulum
Q9UNE7	STUB1		Nucleoplasm, Cytosol
Q69YW2	STUM		Cytosol
O60499	STX10		Golgi apparatus, Vesicles
Q86Y82	STX12		Nucleoplasm, Golgi apparatus, Vesicles
O14662	STX16		Vesicles
P56962	STX17		Nucleoli, Cytosol
Q9P2W9	STX18		Endoplasmic reticulum, Plasma membrane
Q8N4C7	STX19		Intermediate filaments
Q16623	STX1A	Intracellular and membrane	Vesicles
P61266	STX1B		Nuclear membrane, Vesicles
P32856	STX2		Vesicles
Q13277	STX3		Vesicles
Q12846	STX4		Plasma membrane
Q13190	STX5		Golgi apparatus
O43752	STX6		Golgi apparatus
O15400	STX7		Lysosomes
Q9UNK0	STX8		Vesicles
P61764	STXBP1		Nucleoplasm
Q15833	STXBP2		Cytosol
O00186	STXBP3		Nucleoplasm
Q6ZWJ1	STXBP4		Plasma membrane
Q5T5C0	STXBP5		Cytosol
Q6J9G0	STYK1		Plasma membrane
Q8WUJ0	STYX		Nucleoplasm
Q5VZP5	STYXL2		Nucleoplasm
P53999	SUB1		Nucleoplasm, Nucleoli
Q9P2R7	SUCLA2		Mitochondria
P53597	SUCLG1		Mitochondria
Q96I99	SUCLG2		Mitochondria
Q9UBS9	SUCO		Nucleoli fibrillar center, Cytosol
Q9H7L9	SUDS3		Nuclear bodies, Cytosol
Q9UMX1	SUFU		Nucleoplasm
Q9HAC7	SUGCT		Microtubules, Primary cilium
Q8IWZ8	SUGP1		Nucleoplasm
Q8IX01	SUGP2		Nucleoplasm
Q9Y2Z0	SUGT1		Nuclear bodies, Cytosol
O43704	SULT1B1		Golgi apparatus
Q6IMI6	SULT1C3		Cytosol
O75897	SULT1C4		Cytosol
P49888	SULT1E1		Nuclear membrane, Cytosol
Q06520	SULT2A1		Cytosol
O00204	SULT2B1		Vesicles
Q8NBJ7	SUMF2	Intracellular and membrane	Vesicles, Plasma membrane
P63165	SUMO1		Nuclear membrane, Nuclear bodies
P61956	SUMO2		Nucleoplasm, Nuclear bodies
P55854	SUMO3		Nucleoplasm, Nuclear bodies
Q6EEV6	SUMO4		Nucleoplasm, Nuclear bodies
O94901	SUN1		Nuclear membrane
Q9UH99	SUN2		Nuclear membrane
Q8TAQ9	SUN3		Nucleoplasm, Plasma membrane
Q9Y5B9	SUPT16H		Nucleoplasm
Q8NEM7	SUPT20H		Nucleoli fibrillar center
O75486	SUPT3H		Nucleoplasm
P63272	SUPT4H1		Nucleoplasm
O00267	SUPT5H		Nucleoplasm
Q7KZ85	SUPT6H		Nucleoplasm, Cytosol
O94864	SUPT7L		Nucleoplasm
Q8IYB8	SUPV3L1		Mitochondria
Q15527	SURF2		Nucleoli, Nucleoli rim
O15260	SURF4		Nuclear membrane, Endoplasmic reticulum, Golgi apparatus
O75683	SURF6		Nucleoli, Nucleoli rim
Q6UWL2	SUSD1	Intracellular and membrane	Nucleoplasm
Q9UGT4	SUSD2		Plasma membrane
Q5VX71	SUSD4	Intracellular and membrane	Vesicles
O60279	SUSD5		Golgi apparatus, Vesicles
Q92537	SUSD6		Plasma membrane
Q9H5I1	SUV39H2		Mitochondria
Q15022	SUZ12		Nucleoplasm, Nucleoli, Nuclear bodies
Q7L0J3	SV2A		Cytosol
Q496J9	SV2C		Nucleoplasm, Vesicles
Q8N300	SVBP	Secreted to blood	Nucleoplasm, Nuclear bodies, Cytosol
O95425	SVIL		Plasma membrane
Q9UH65	SWAP70		Plasma membrane
Q1ZZU3	SWI5		Nucleoplasm, Cytosol
Q6NVH7	SWSAP1		Nucleoplasm
Q5T5J6	SWT1		Cytosol
Q96A49	SYAP1		Golgi apparatus
Q9NX95	SYBU		Vesicles
Q8N0S2	SYCE1		Nucleoplasm
A8MT33	SYCE1L		Intermediate filaments
Q6PIF2	SYCE2		Nucleoplasm
A1L190	SYCE3		Nucleoplasm, Nucleoli, Golgi apparatus
Q15431	SYCP1		Nuclear bodies, Cytosol
	SYCP2		Nucleoplasm
Q5T4T6	SYCP2L		Nucleoplasm
Q6ZW31	SYDE1		Nucleoplasm
Q5VT97	SYDE2		Nucleoli, Nucleoli rim, Golgi apparatus
O95926	SYF2		Nuclear speckles
P43405	SYK		Plasma membrane, Cytosol
Q92797	SYMPK		Nucleoplasm
Q92777	SYN2		Nucleoplasm
Q9H7C4	SYNC		Plasma membrane
O60506	SYNCRIP		Nucleoplasm
Q9H7V2	SYNDIG1		Vesicles
A6NDD5	SYNDIG1L		Cytosol
Q8NF91	SYNE1		Nucleoplasm, Nuclear membrane
Q8WXH0	SYNE2		Nuclear membrane, Intermediate filaments
Q6ZMZ3	SYNE3		Nuclear membrane
Q96PV0	SYNGAP1		Nucleoplasm, Cytosol
O43759	SYNGR1		Cytosol
O43760	SYNGR2		Golgi apparatus
O43761	SYNGR3		Golgi apparatus
O95473	SYNGR4		Golgi apparatus
O43426	SYNJ1		Nucleoplasm, Cytosol
O15056	SYNJ2		Microtubules
P57105	SYNJ2BP		Mitochondria
	SYNJ2BP-COX16		Mitochondria
O15061	SYNM		Intermediate filaments
Q8N3V7	SYNPO		Plasma membrane, Cytosol
Q9UMS6	SYNPO2		Vesicles, Actin filaments
Q8TBG9	SYNPR		Vesicles
Q9UMZ2	SYNRG		Cytosol
Q5VXT5	SYPL2		Cytosol
Q6XYQ8	SYT10		Nucleoplasm, Vesicles
Q7L8C5	SYT13		Vesicles
Q8NB59	SYT14		Vesicles
Q9BQS2	SYT15		Golgi apparatus
X6R8R1	SYT15B		Golgi apparatus
Q17RD7	SYT16		Cytosol
Q9BSW7	SYT17		Nucleoplasm, Cytosol
Q9H2B2	SYT4		Vesicles, Plasma membrane
Q5T7P8	SYT6		Vesicles
Q8NBV8	SYT8		Nucleoli fibrillar center, Endoplasmic reticulum
Q9HCH5	SYTL2		Nucleoplasm, Golgi apparatus
Q4VX76	SYTL3		Nucleoli fibrillar center, Vesicles
Q96C24	SYTL4		Vesicles
Q8TDW5	SYTL5		Golgi apparatus, Cytosol
Q86TM6	SYVN1		Nucleoplasm
Q7Z422	SZRD1		Nucleoplasm, Cytosol
Q5T011	SZT2		Nucleoplasm, Vesicles, Actin filaments
Q8N5C8	TAB3		Nuclear speckles, Cytosol
Q9UHF0	TAC3	Secreted in female reproductive system	Vesicles
O75410	TACC1		Cytosol
O95359	TACC2		Nucleoplasm, Cytosol
Q9Y6A5	TACC3		Centriolar satellite, Cytosol
Q9BSH4	TACO1		Mitochondria
P25103	TACR1		Plasma membrane, Centrosome, Basal body
P21452	TACR2		Plasma membrane
P09758	TACSTD2		Plasma membrane
Q96BN2	TADA1		Nucleoplasm
O75478	TADA2A		Nuclear speckles
Q86TJ2	TADA2B		Nuclear speckles
O75528	TADA3		Nucleoplasm
P21675	TAF1		Nucleoplasm
Q12962	TAF10		Nucleoplasm
Q15544	TAF11		Nucleoplasm
Q15543	TAF13		Nucleoplasm
Q16514	TAF15		Nucleoplasm
Q92804	TAF15		Nucleoplasm
Q15573	TAF1A		Nucleoplasm, Microtubules
Q53T94	TAF1B		Nucleoli
Q15572	TAF1C		Nucleoplasm, Nucleoli fibrillar center
Q9H5J8	TAF1D		Nucleoplasm
Q5VWG9	TAF3		Nucleoplasm, Nuclear membrane
O00268	TAF4		Nucleoplasm
Q92750	TAF4B		Nucleoplasm
Q15542	TAF5		Nucleoplasm
O75529	TAF5L		Nuclear speckles
P49848	TAF6		Nucleoplasm
Q9Y6J9	TAF6L		Nucleoplasm
Q15545	TAF7		Nucleoplasm
Q5H9L4	TAF7L		Nucleoplasm
Q7Z7C8	TAF8		Nucleoplasm
Q16594	TAF9		Nucleoplasm
Q9HBM6	TAF9B		Nucleoplasm
Q8N103	TAGAP		Cytosol
Q01995	TAGLN		Mitochondria, Cytosol
P37802	TAGLN2		Cytosol
P17542	TAL1		Nucleoplasm
Q16559	TAL2		Cytosol
P37837	TALDO1		Cytosol
Q7Z6J2	TAMALIN		Vesicles
Q96BW9	TAMM41		Cytosol
Q9HCD6	TANC2		Cytosol
Q9C0B7	TANGO6		Golgi apparatus
Q92844	TANK		Cytosol
Q7L7X3	TAOK1		Plasma membrane, Cytosol
Q9UL54	TAOK2		Nucleoplasm, Cytosol
Q9H2K8	TAOK3		Mitochondria
Q03518	TAP1		Endoplasmic reticulum, Centriolar satellite
Q03519	TAP2		Endoplasmic reticulum
Q9UDX4	TAP2		Endoplasmic reticulum
O15533	TAPBP		Nucleoli, Plasma membrane
Q6NXT6	TAPT1		Centrosome, Basal body
Q13395	TARBP1		Nuclear speckles
Q15633	TARBP2		Nucleoplasm
Q13148	TARDBP		Nucleoplasm
P26639	TARS1		Cytosol
Q9BW92	TARS2		Nucleoplasm, Cytosol
A2RTX5	TARS3		Cytosol
Q7RTX0	TAS1R3		Plasma membrane
Q9NYW0	TAS2R10		Vesicles, Plasma membrane
Q9NYW4	TAS2R5		Nucleoplasm, Nucleoli
Q9HAI6	TASL		Nucleoplasm
Q9UK61	TASOR		Nucleoplasm
Q5VWN6	TASOR2		Nucleoplasm
Q9H6P5	TASP1		Plasma membrane
Q6P1N9	TATDN1		Nucleoplasm
Q93075	TATDN2		Nuclear speckles
Q17R31	TATDN3		Nucleoplasm
Q86VP1	TAX1BP1		Cytosol
O14907	TAX1BP3		Nucleoli fibrillar center, Actin filaments
Q86TI0	TBC1D1		Nucleoli
Q9BXI6	TBC1D10A		Plasma membrane
Q8IV04	TBC1D10C		Nuclear bodies
O60347	TBC1D12		Nucleoplasm, Nuclear speckles
Q9NVG8	TBC1D13		Cytosol
Q9P2M4	TBC1D14		Golgi apparatus, Vesicles
Q8TC07	TBC1D15		Mitochondria, Cytosol
Q8TBP0	TBC1D16		Intermediate filaments
Q8N5T2	TBC1D19		Nuclear membrane
Q9BYX2	TBC1D2		Nucleoplasm, Plasma membrane, Cytosol
Q8IYX1	TBC1D21		Calyx, Mid piece
Q8WUA7	TBC1D22A		Golgi apparatus
Q9NU19	TBC1D22B		Nucleoplasm, Cytosol
Q9NUY8	TBC1D23		Golgi apparatus
Q9ULP9	TBC1D24		Plasma membrane, Cell Junctions
Q2M2D7	TBC1D28		Vesicles
Q9UPU7	TBC1D2B		Cytosol
Q8IZP1	TBC1D3		Vesicles
Q9Y2I9	TBC1D30		Plasma membrane
Q96DN5	TBC1D31		Centrosome, Basal body
Q96NH3	TBC1D32		Mitochondria, Cytosol
A6NDS4	TBC1D3B		Vesicles
Q6IPX1	TBC1D3C		Vesicles
A0A087WVF3	TBC1D3D		Vesicles
A0A087X179	TBC1D3E		Vesicles
A6NER0	TBC1D3E		Vesicles
	TBC1D3F		Vesicles
Q6DHY5	TBC1D3G		Vesicles
P0C7X1	TBC1D3H		Vesicles
A0A087WXS9	TBC1D3I		Vesicles
A0A087X1G2	TBC1D3K		Vesicles
B9A6J9	TBC1D3L		Vesicles
O60343	TBC1D4		Cytosol
Q92609	TBC1D5		Vesicles
O95759	TBC1D8		Nucleoplasm, Plasma membrane
Q0IIM8	TBC1D8B		Cytosol
Q6ZT07	TBC1D9		Cytosol
Q66K14	TBC1D9B		Plasma membrane
O75347	TBCA		Microtubules
Q99426	TBCB		Cytosol
Q15814	TBCC		Cytosol
Q5QJ74	TBCEL		Cytosol
	TBCEL-TECTA		Cytosol
Q8TEA7	TBCK		Nucleoplasm, Nucleoli fibrillar center
Q9UHD2	TBK1		Nucleoplasm
A7MCY6	TBKBP1		Nucleoplasm
O60907	TBL1X		Nucleoplasm
Q9BZK7	TBL1XR1		Nucleoplasm
Q9BQ87	TBL1Y		Nucleoplasm
Q9Y4P3	TBL2		Cytosol
Q12788	TBL3		Nucleoli
P20226	TBP		Nucleoplasm
P62380	TBPL1		Nucleoplasm
Q3YBR2	TBRG1		Nucleoplasm
Q969Z0	TBRG4		Mitochondria
O43435	TBX1		Nuclear bodies, Cytoplasmic bodies
O75333	TBX10		Nucleoplasm
Q96SF7	TBX15		Nucleoplasm
O95935	TBX18		Nucleoplasm
O60806	TBX19		Nuclear speckles
Q13207	TBX2		Nucleoplasm
Q9UMR3	TBX20		Nucleoli fibrillar center
O15119	TBX3		Nucleoplasm
P57082	TBX4		Vesicles
Q99593	TBX5		Nucleoplasm
O95947	TBX6		Nucleoplasm
P21731	TBXA2R		Plasma membrane
P24557	TBXAS1		Endoplasmic reticulum, Cytosol
O15178	TBXT		Nucleoplasm
Q8N9U0	TC2N		Nucleoplasm, Nuclear bodies
Q9Y4C2	TCAF1		Cell Junctions
A6NFQ2	TCAF2		Plasma membrane, Cell Junctions
	TCAF2C		Plasma membrane, Cell Junctions
P23193	TCEA1		Nucleoplasm
Q15560	TCEA2		Nucleoplasm
O75764	TCEA3		Nucleoplasm
Q15170	TCEAL1		Nucleoplasm
Q9H3H9	TCEAL2		Nuclear speckles
Q969E4	TCEAL3		Nucleoplasm
Q5H9L2	TCEAL5		Nucleoplasm
Q6IPX3	TCEAL6		Nucleoplasm
Q9BRU2	TCEAL7		Nucleoplasm
Q8IYN2	TCEAL8		Nucleoplasm
Q9UHQ7	TCEAL9		Nucleoplasm, Nucleoli
Q8N8B7	TCEANC		Nuclear speckles
Q96MN5	TCEANC2		Nucleoplasm
O14776	TCERG1		Nucleoplasm
Q5VWI1	TCERG1L		Nucleoplasm
Q99081	TCF12		Nucleoplasm, Nuclear speckles
Q12870	TCF15		Nuclear speckles
Q9Y242	TCF19		Nucleoplasm, Nucleoli
Q9UGU0	TCF20		Nucleoplasm
O43680	TCF21		Nucleoplasm
Q7RTU1	TCF23		Nuclear speckles
P15923	TCF3		Nucleoplasm
Q9HCS4	TCF3		Nucleoplasm
P15884	TCF4	Secreted - unknown location	Nucleoplasm, Cytosol
Q9NQB0	TCF4	Secreted - unknown location	Nucleoplasm, Cytosol
P36402	TCF7		Nucleoplasm
	TCF7L1		Nucleoplasm
	TCF7L2		Nucleoplasm
Q9UL49	TCFL5		Nucleoplasm
Q5QJ38	TCHHL1		Nuclear membrane, Nucleoli
Q9BT92	TCHP		Plasma membrane, Cytosol
Q9NR00	TCIM		Nucleoplasm
Q13488	TCIRG1		Mitochondria
P56279	TCL1A		Endoplasmic reticulum, Cytosol
O95988	TCL1B		Cytosol
P20062	TCN2	Secreted to blood	Cytosol
Q13428	TCOF1		Nucleoli fibrillar center
Q9NUJ3	TCP11L1		Cytosol
Q8N4U5	TCP11L2		Nuclear speckles
P57738	TCTA		Cytosol
Q5JU00	TCTE1		Vesicles, Mid piece
Q2MV58	TCTN1	Intracellular and membrane	Actin filaments, Primary cilium
Q96GX1	TCTN2		Golgi apparatus, Microtubules
Q6NUS6	TCTN3	Intracellular and membrane	Microtubules
Q13569	TDG		Nucleoplasm
P13385	TDGF1	Secreted in other tissues	Vesicles
P51864	TDGF1P3		Vesicles
P48775	TDO2		Plasma membrane, Cytosol
Q9NUW8	TDP1		Nucleoplasm
O95551	TDP2	Intracellular and membrane	Nucleoplasm, Nuclear bodies
Q5VZ19	TDRD10		Vesicles
Q9H7E2	TDRD3		Nucleoplasm
O60522	TDRD6		Endoplasmic reticulum, Vesicles, Cytosol
Q8NHU6	TDRD7		Cytoplasmic bodies
Q9Y2W6	TDRKH		Cytosol
Q86YL5	TDRP		Vesicles, Cytosol
P28347	TEAD1		Nucleoplasm
Q15562	TEAD2		Nucleoplasm
Q15561	TEAD4		Nucleoplasm
P42680	TEC		Plasma membrane
Q92570	TEC		Plasma membrane
Q7Z6L1	TECPR1		Vesicles
O15040	TECPR2		Nucleoplasm
Q9NZ01	TECR		Endoplasmic reticulum
Q86SX3	TEDC1		Golgi apparatus
Q7L2K0	TEDC2		Nucleoplasm, Cell Junctions
Q96QE5	TEFM		Mitochondria
Q02763	TEK	Secreted to blood	Plasma membrane
Q9UIF3	TEKT2		Connecting piece
Q9BXF9	TEKT3		Mid piece, Principal piece, End piece
Q8WW24	TEKT4		Perinuclear theca, Connecting piece, Flagellar centriole, Principal piece, End piece, Annulus
Q96M29	TEKT5		Actin filaments
A6NCJ1	TEKTIP1		Plasma membrane, Cytosol
Q9Y4R8	TELO2		Nuclear bodies, Cytosol
Q86WV5	TEN1		Nucleoplasm
Q9UKZ4	TENM1		Nucleoplasm, Plasma membrane
Q9NT68	TENM2		Nucleoli
Q9P273	TENM3		Nucleoplasm
Q6PIY7	TENT2		Cytosol
Q5XG87	TENT4A		Nucleoplasm
Q8NDF8	TENT4B		Cytosol
Q96IP4	TENT5A		Nucleoplasm
Q5VWP2	TENT5C		Nucleoplasm
Q99973	TEP1		Nucleoplasm
Q96N21	TEPSIN		Vesicles
Q8NA31	TERB1		Nucleoplasm
Q8NHR7	TERB2		Nucleoli
P54274	TERF1		Nucleoli fibrillar center
Q15554	TERF2		Nucleoplasm, Nuclear bodies
Q9NYB0	TERF2IP		Nucleoplasm, Nuclear bodies
O14746	TERT		Nucleoplasm
Q9UGI8	TES		Focal adhesion sites, Cytosol
Q96BS2	TESC		Nucleoplasm
Q96S53	TESK2		Nucleoplasm
Q9Y4I5	TESMIN		Nucleoplasm
A2RU30	TESPA1		Cytosol
Q8NFU7	TET1		Nucleoplasm
Q6N021	TET2		Nucleoplasm
O43151	TET3		Nucleoplasm
Q9NXF1	TEX10		Nucleoplasm
Q9BXU0	TEX12		Centrosome, Basal body
A0A0J9YWL9	TEX13C		Plasma membrane
Q8IWB6	TEX14		Cytosol
Q9BXT5	TEX15		Nucleoplasm, Cytosol
Q8IWB9	TEX2		Nucleoplasm
Q8N6G2	TEX26		Golgi apparatus
Q6UWH6	TEX261		Nucleoplasm
Q9Y6I9	TEX264		Endoplasmic reticulum
Q5VZQ5	TEX36		Vesicles
Q96LM6	TEX37		Cytosol, Connecting piece, Mid piece, Principal piece, End piece
Q6PEX7	TEX38		Vesicles
Q6ZNM6	TEX43		Mid piece
Q8NA69	TEX45		Mid piece, Principal piece, End piece
A6NCN8	TEX52		Nucleoplasm
Q96M34	TEX55		Nucleoplasm
Q8N6V9	TEX9		Primary cilium, Centrosome, Cytosol
Q00059	TFAM		Mitochondria
P05549	TFAP2A		Nucleoplasm
Q92481	TFAP2B		Nucleoplasm
Q92754	TFAP2C		Nucleoplasm
Q7Z6R9	TFAP2D		Nucleoplasm
Q01664	TFAP4		Nucleoplasm, Mitochondria
Q9H5Q4	TFB2M		Mitochondria
Q12800	TFCP2		Nucleoplasm
Q9NZI6	TFCP2L1		Nucleoli fibrillar center
Q14186	TFDP1		Nucleoplasm
Q14188	TFDP2		Nucleoplasm
Q5H9I0	TFDP3		Nucleoplasm, Nuclear membrane
P19532	TFE3		Nucleoplasm, Cytosol
P19484	TFEB		Cytosol
O14948	TFEC		Nucleoplasm
Q07654	TFF3	Secreted to blood	Nucleoplasm
Q92734	TFG		Vesicles
Q9UBB9	TFIP11		Nucleoplasm
P0C1Z6	TFPT		Nucleoplasm
Q9UP52	TFR2		Golgi apparatus
P02786	TFRC	Secreted to blood	Endosomes, Lysosomes
O95455	TGDS		Nucleoplasm
P01135	TGFA	Secreted to blood	Vesicles
P01137	TGFB1	Secreted to blood	Golgi apparatus, Plasma membrane
O43294	TGFB1I1		Focal adhesion sites
P61812	TGFB2	Secreted to blood	Vesicles
P10600	TGFB3	Secreted to blood	Vesicles
P36897	TGFBR1	Intracellular and membrane	Plasma membrane, Primary cilium
P37173	TGFBR2	Secreted to blood	Plasma membrane
Q03167	TGFBR3	Secreted to blood	Cytosol
H3BV60	TGFBR3L		Vesicles
Q8WUH2	TGFBRAP1		Vesicles
Q15583	TGIF1		Nucleoplasm
Q9GZN2	TGIF2		Nucleoplasm
	TGIF2-RAB5IF		Mitochondria
Q8IUE1	TGIF2LX		Nucleoplasm
P22735	TGM1		Vesicles, Plasma membrane
P21980	TGM2	Secreted to extracellular matrix	Cytosol
O43493	TGOLN2		Golgi apparatus
Q96RS0	TGS1		Cytosol
P07101	TH		Cytosol
Q6YHU6	THADA		Cytosol
Q9NVV9	THAP1		Nucleoplasm
Q9P2Z0	THAP10		Nucleoplasm
Q96EK4	THAP11		Nucleoplasm
O43422	THAP12		Cytosol
Q9H0W7	THAP2		Golgi apparatus
Q8WTV1	THAP3		Nucleoplasm
Q8WY91	THAP4		Nucleoplasm, Cytosol
Q7Z6K1	THAP5		Nucleoplasm
Q8TBB0	THAP6		Centrosome
Q9BT49	THAP7		Nucleoplasm
Q8NA92	THAP8		Nucleoplasm
Q9H5L6	THAP9		Mitochondria
P07204	THBD		Nucleoplasm, Cytosol
P07996	THBS1	Secreted to extracellular matrix	Endoplasmic reticulum, Plasma membrane
P35442	THBS2	Secreted to extracellular matrix	Plasma membrane
P49746	THBS3	Secreted to extracellular matrix	Vesicles
P35443	THBS4	Secreted to extracellular matrix	Vesicles
Q9P2T0	THEG		Cytosol, Equatorial segment, Principal piece, Annulus
P0DJG4	THEGL		Principal piece
Q8WUY1	THEM6	Secreted - unknown location	Nuclear speckles, Cytosol
Q8N1K5	THEMIS		Cytosol
Q5TEJ8	THEMIS2		Nucleoplasm
Q8IYQ7	THNSL1		Nuclear bodies, Cytosol
Q96FV9	THOC1		Nuclear speckles
Q8NI27	THOC2		Nucleoplasm
Q96J01	THOC3		Nucleoplasm
Q13769	THOC5		Nucleoplasm
Q86W42	THOC6		Nucleoplasm, Nuclear speckles
Q6I9Y2	THOC7		Nuclear speckles, Cytosol
P52888	THOP1		Cytosol
P10827	THRA		Cytosol
Q9Y2W1	THRAP3		Nuclear speckles
P10828	THRB		Nuclear bodies
Q92748	THRSP		Nucleoplasm
Q9NS62	THSD1	Intracellular and membrane	Cytosol
Q9C0I4	THSD7B		Nucleoplasm
Q9BU02	THTPA		Nucleoplasm
Q9NXG2	THUMPD1		Cytosol
Q9BTF0	THUMPD2		Nucleoplasm
Q9BV44	THUMPD3		Cytosol
P04216	THY1		Nucleoplasm
Q9P016	THYN1		Nucleoplasm, Nucleoli fibrillar center
P31483	TIA1		Nucleoplasm
Q01085	TIAL1		Nucleoplasm
Q13009	TIAM1		Nucleoplasm, Cell Junctions
Q8IVF5	TIAM2		Nucleoplasm, Nucleoli fibrillar center
Q8IUC6	TICAM1		Nucleoplasm, Nucleoli
Q7Z2Z1	TICRR		Nucleoplasm
Q96CG3	TIFA		Nucleoplasm, Nucleoli
Q9NQ88	TIGAR		Cytosol
Q96MW7	TIGD1		Nucleoli rim, Mitotic chromosome
Q4W5G0	TIGD2		Nuclear bodies
Q6B0B8	TIGD3		Nucleoplasm, Nuclear membrane
Q8IY51	TIGD4		Cytosol
Q17RP2	TIGD6		Nucleoplasm
Q6NT04	TIGD7		Plasma membrane, Cytosol
Q96H15	TIMD4	Intracellular and membrane	Plasma membrane
Q9UNS1	TIMELESS		Nucleoplasm
P62072	TIMM10		Mitochondria
Q9Y5L4	TIMM13		Mitochondria
Q99595	TIMM17A		Nucleoplasm, Mitochondria
O60830	TIMM17B		Microtubules
O14925	TIMM23		Mitochondria
Q9BSF4	TIMM29		Mitochondria
O43615	TIMM44		Mitochondria
Q3ZCQ8	TIMM50		Nucleoplasm, Mitochondria
O60220	TIMM8A		Mitochondria
Q9Y5J7	TIMM9		Mitochondria
Q9NPL8	TIMMDC1		Mitochondria
P01033	TIMP1	Secreted to blood	Golgi apparatus, Vesicles
P35625	TIMP3	Secreted to extracellular matrix	Vesicles
Q9BSI4	TINF2		Nuclear bodies
Q7Z3E1	TIPARP		Microtubules
O75663	TIPRL		Vesicles
	TIRAP		Nucleoplasm, Cytokinetic bridge, Cytosol
Q5JTD0	TJAP1		Golgi apparatus
Q07157	TJP1		Cell Junctions
Q9UDY2	TJP2		Plasma membrane, Cell Junctions
O95049	TJP3		Nucleoplasm, Cell Junctions
Q3LXA3	TKFC		Nucleoplasm
P29401	TKT		Nucleoplasm
P51854	TKTL1		Cytosol
A6NGC4	TLCD2		Vesicles
Q96MV1	TLCD4		Nuclear speckles
Q6ZRR5	TLCD5		Vesicles
Q04724	TLE1		Nucleoplasm
Q04725	TLE2		Nuclear bodies
Q04726	TLE3		Nucleoplasm
Q04727	TLE4		Nucleoplasm
Q08117	TLE5		Nucleoplasm
Q9UKI8	TLK1		Nucleoplasm
Q86UE8	TLK2		Nucleoplasm
O43897	TLL1	Secreted to extracellular matrix	Vesicles
Q9Y490	TLN1		Focal adhesion sites, Cytosol
Q9Y4G6	TLN2		Focal adhesion sites, Cytosol
Q9H1K6	TLNRD1		Nucleoplasm, Cytoplasmic bodies
Q9BXR5	TLR10		Plasma membrane
O60603	TLR2		Plasma membrane
O00206	TLR4	Intracellular and membrane	Golgi apparatus, Plasma membrane
O60602	TLR5		Golgi apparatus
Q9Y2C9	TLR6		Endoplasmic reticulum
O43763	TLX2		Nucleoplasm
O43711	TLX3		Nucleoplasm
Q9BX74	TM2D1		Nucleoplasm
Q9BX73	TM2D2		Nucleoplasm, Vesicles, Plasma membrane
Q9BRN9	TM2D3		Nucleoplasm
Q96CE8	TM4SF18		Plasma membrane
Q53R12	TM4SF20		Plasma membrane, Focal adhesion sites
P48230	TM4SF4		Plasma membrane
O14894	TM4SF5		Plasma membrane, Cell Junctions
O76062	TM7SF2		Endoplasmic reticulum
Q9NS93	TM7SF3		Cytosol
O15321	TM9SF1		Golgi apparatus
Q9HD45	TM9SF3		Vesicles
Q96EY4	TMA16		Nucleoli
Q9Y2S6	TMA7		Nucleoli, Nucleoli rim
Q969X1	TMBIM1		Vesicles
Q9HC24	TMBIM4		Golgi apparatus
Q7Z5M5	TMC3		Cytosol
Q7Z404	TMC4		Vesicles
Q6UXY8	TMC5		Plasma membrane
Q7Z402	TMC7		Vesicles
Q8IU68	TMC8		Golgi apparatus
Q9ULS5	TMCC3		Endoplasmic reticulum
Q9UM00	TMCO1		Endoplasmic reticulum
Q6UWJ1	TMCO3		Cytosol
Q5TGY1	TMCO4		Endoplasmic reticulum
Q8N6Q1	TMCO5A		Plasma membrane, Cytosol
Q96DC7	TMCO6		Mitochondria
P49755	TMED10		Golgi apparatus
Q15363	TMED2		Vesicles
Q9Y3Q3	TMED3		Golgi apparatus
Q6PL24	TMED8		Plasma membrane
Q9NV29	TMEM100		Nucleoplasm
Q96IK0	TMEM101		Nucleoplasm, Plasma membrane
Q8N9M5	TMEM102		Vesicles
Q8NE00	TMEM104		Nucleoplasm
Q9NUM4	TMEM106B		Endosomes, Lysosomes
Q6UXF1	TMEM108	Intracellular and membrane	Plasma membrane, Cytosol
Q9BVC6	TMEM109		Nuclear membrane, Endoplasmic reticulum
P17152	TMEM11		Mitochondria
Q12893	TMEM115		Golgi apparatus
Q8NCL8	TMEM116		Microtubules
A0PK00	TMEM120B		Nucleoli fibrillar center
Q9BTD3	TMEM121		Cytosol
Q9BXQ6	TMEM121B		Vesicles
Q8N131	TMEM123		Golgi apparatus
Q96AQ2	TMEM125		Midbody, Cytosol
Q9H061	TMEM126A		Cytosol
Q8IUX1	TMEM126B		Mitochondria
Q8N3G9	TMEM130		Golgi apparatus
Q92545	TMEM131		Vesicles, Intermediate filaments
A2VDJ0	TMEM131L		Vesicles
Q24JP5	TMEM132A		Mitochondria
Q8N3T6	TMEM132C		Centrosome, Cytosol
Q6IEE7	TMEM132E		Nucleoplasm, Golgi apparatus
Q9H6X4	TMEM134		Cytosol
Q86UB9	TMEM135		Vesicles
Q9NPI0	TMEM138		Microtubules, Primary cilium
Q8IV31	TMEM139		Plasma membrane
Q96I45	TMEM141		Mitochondria
Q96AN5	TMEM143		Nucleoli fibrillar center
Q7Z5S9	TMEM144		Mitochondria
Q8NBT3	TMEM145		Vesicles
Q9Y6G1	TMEM14A		Nucleoplasm, Endoplasmic reticulum
Q8N4L1	TMEM151A		Nucleoli
Q6P9G4	TMEM154		Nuclear membrane
Q9NX61	TMEM161A		Cytosol
Q5U3C3	TMEM164		Vesicles
Q9HC07	TMEM165		Golgi apparatus
Q8TBQ9	TMEM167A		Vesicles
Q9H0V1	TMEM168		Golgi apparatus
Q96HH4	TMEM169		Focal adhesion sites
Q86X19	TMEM17		Actin filaments
Q5T4T1	TMEM170B		Centrosome
Q9BSA9	TMEM175		Nucleoplasm, Nuclear membrane
Q96HP8	TMEM176A		Mitochondria
Q3YBM2	TMEM176B		Golgi apparatus
Q8NBL3	TMEM178A		Vesicles
H3BS89	TMEM178B		Vesicles
Q6ZVK1	TMEM179		Mitochondria
Q7Z7N9	TMEM179B		Nuclear speckles
Q96B42	TMEM18		Mitochondria
Q9P2C4	TMEM181		Vesicles
Q6ZP80	TMEM182		Nucleoplasm, Vesicles
Q8IXX5	TMEM183A		Plasma membrane
Q6ZMB5	TMEM184A		Nucleoplasm
Q9Y519	TMEM184B		Golgi apparatus
Q9NVA4	TMEM184C		Vesicles
Q8NFB2	TMEM185A		Endoplasmic reticulum
Q9H7F4	TMEM185B		Endoplasmic reticulum
Q96B77	TMEM186		Cell Junctions
Q14656	TMEM187		Nucleoli, Cytosol
Q8IY95	TMEM192		Endosomes, Lysosomes
Q5HYL7	TMEM196		Nucleoplasm, Golgi apparatus
Q66K66	TMEM198		Vesicles
A6NKL6	TMEM200C		Microtubules
Q5SNT2	TMEM201		Nuclear membrane
Q6UW68	TMEM205		Endoplasmic reticulum
Q96SK2	TMEM209		Nuclear membrane, Nuclear speckles, Vesicles
A6NML5	TMEM212		Nucleoli fibrillar center, Endoplasmic reticulum
Q6NUQ4	TMEM214		Endoplasmic reticulum, Golgi apparatus, Cytosol
Q68D42	TMEM215		Nucleoplasm, Vesicles
Q8N7C4	TMEM217		Nucleoli
A2RU14	TMEM218		Plasma membrane
A6NGB7	TMEM221		Nuclear membrane
Q9H0R3	TMEM222		Plasma membrane, Cytosol
A0PJW6	TMEM223		Nucleoplasm, Nuclear membrane, Mitochondria
B2RXF0	TMEM229A		Plasma membrane
Q96A57	TMEM230		Endoplasmic reticulum
Q9H6L2	TMEM231		Vesicles
B4DJY2	TMEM233		Nucleoplasm
Q8WY98	TMEM234		Vesicles
Q96Q45	TMEM237		Nuclear speckles, Plasma membrane, Microtubules, Primary cilium
Q24JQ0	TMEM241		Golgi apparatus
Q9H330	TMEM245		Plasma membrane, Cytosol
Q9NWD8	TMEM248		Vesicles
Q86YD3	TMEM25	Intracellular and membrane	Golgi apparatus, Vesicles
H0YL14	TMEM250		Nucleoplasm
Q8N6I4	TMEM251		Cell Junctions
Q8N6L7	TMEM252		Nuclear speckles, Plasma membrane
Q8TBM7	TMEM254		Plasma membrane
Q5JRV8	TMEM255A		Nucleoplasm, Nuclear bodies
Q8WV15	TMEM255B		Nucleoplasm
Q8N2U0	TMEM256		Vesicles
P61165	TMEM258		Cytosol
Q4ZIN3	TMEM259		Endoplasmic reticulum
Q8WUH6	TMEM263		Vesicles
Q2M3C6	TMEM266		Plasma membrane, Cytosol
Q0VDI3	TMEM267		Nucleoplasm
Q5VZI3	TMEM268		Plasma membrane, Cytosol
Q6UE05	TMEM270		Vesicles
Q5JXX7	TMEM31		Nucleoli fibrillar center
Q53FP2	TMEM35A		Vesicles
Q8NCS4	TMEM35B		Nucleoplasm, Nucleoli
Q8WXS4	TMEM37		Golgi apparatus
Q9H6F2	TMEM38A		Nucleoplasm
Q9NV64	TMEM39A		Nucleoplasm
Q9GZU3	TMEM39B		Vesicles
Q8WWA1	TMEM40		Plasma membrane
Q96HV5	TMEM41A		Nucleoplasm
Q5BJD5	TMEM41B		Peroxisomes
Q69YG0	TMEM42		Nucleoplasm
Q2T9K0	TMEM44		Cytosol
Q9NWC5	TMEM45A		Endoplasmic reticulum
Q96B21	TMEM45B		Nucleoplasm
Q9BQJ4	TMEM47		Nuclear membrane
O95807	TMEM50A		Plasma membrane
P56557	TMEM50B		Nucleoli fibrillar center
Q9NW97	TMEM51		Nucleoplasm, Cytosol
Q8NDY8	TMEM52	Intracellular and membrane	Nucleoplasm, Plasma membrane
Q4KMG9	TMEM52B		Focal adhesion sites
Q6P2H8	TMEM53		Golgi apparatus
Q969K7	TMEM54		Vesicles
Q8N0U2	TMEM61		Plasma membrane
Q0P6H9	TMEM62		Nucleoplasm, Nucleoli fibrillar center, Nuclear bodies, Cytoplasmic bodies
O94886	TMEM63A		Vesicles, Centriolar satellite
Q5T3F8	TMEM63B		Plasma membrane, Actin filaments
Q9P1W3	TMEM63C		Centrosome
Q6PI78	TMEM65		Vesicles, Plasma membrane
Q96MH6	TMEM68		Vesicles
Q5SWH9	TMEM69		Nucleoplasm
Q9BUB7	TMEM70		Mitochondria
Q6P5X7	TMEM71		Mitochondria
Q96NL1	TMEM74		Golgi apparatus, Cytosol
Q9NUR3	TMEM74B		Nucleoplasm, Golgi apparatus
Q9BSE2	TMEM79		Nucleoli fibrillar center
Q96HE8	TMEM80		Golgi apparatus
Q6P7N7	TMEM81		Intermediate filaments
A0PJX8	TMEM82		Nucleoplasm
Q8N2M4	TMEM86A		Nucleoplasm, Golgi apparatus
Q8N661	TMEM86B		Centrosome
Q8NBN3	TMEM87A	Intracellular and membrane	Golgi apparatus
Q96K49	TMEM87B		Golgi apparatus, Vesicles
A2RUT3	TMEM89		Perinuclear theca
A6NDV4	TMEM8B		Vesicles
Q9P0T7	TMEM9		Vesicles
Q6UXU6	TMEM92		Nucleoplasm
Q12767	TMEM94		Nucleoplasm
Q5BJF2	TMEM97		Endoplasmic reticulum
Q9Y2Y6	TMEM98	Intracellular and membrane	Nucleoplasm
P82094	TMF1		Golgi apparatus
Q8NEW7	TMIE		Vesicles, Cytosol
Q6UXZ0	TMIGD1		Mitochondria, Cytosol
Q9NVH6	TMLHE		Mitochondria
Q9NZR1	TMOD2		Nucleoli fibrillar center
Q9NYL9	TMOD3		Cytosol
P42166	TMPO		Nuclear membrane
P42167	TMPO		Nuclear membrane
Q6ZT21	TMPPE		Nucleoplasm, Mitochondria
Q9UL52	TMPRSS11E	Secreted in other tissues	Golgi apparatus
Q9BYE2	TMPRSS13	Secreted in other tissues	Nucleoplasm, Plasma membrane
P98073	TMPRSS15		Plasma membrane
O15393	TMPRSS2	Secreted in other tissues	Plasma membrane
Q9H3S3	TMPRSS5		Nucleoplasm
P62328	TMSB4X		Nucleoplasm, Vesicles, Cytosol
Q8IUR5	TMTC1		Nucleoplasm, Cytosol
Q8N394	TMTC2		Plasma membrane
Q5T4D3	TMTC4		Vesicles
Q9BVT8	TMUB1		Nucleoplasm
Q71RG4	TMUB2		Vesicles, Cytosol
Q9H3N1	TMX1	Intracellular and membrane	Endoplasmic reticulum
Q9Y320	TMX2		Nucleoplasm, Cytosol
Q9H1E5	TMX4		Nuclear membrane
Q13829	TNFAIP1		Nucleoli
Q03169	TNFAIP2		Golgi apparatus, Cytosol
P21580	TNFAIP3		Centrosome, Cytosol
O95379	TNFAIP8		Nucleoplasm
Q6P589	TNFAIP8L2		Vesicles
Q5GJ75	TNFAIP8L3		Cytosol
Q9UBN6	TNFRSF10D		Plasma membrane, Actin filaments
Q9Y6Q6	TNFRSF11A	Intracellular and membrane	Plasma membrane
O00300	TNFRSF11B	Secreted in other tissues	Golgi apparatus
Q9NP84	TNFRSF12A		Plasma membrane, Cytosol
Q92956	TNFRSF14		Plasma membrane, Cytosol
Q02223	TNFRSF17		Golgi apparatus
Q9NS68	TNFRSF19		Golgi apparatus
O75509	TNFRSF21		Plasma membrane, Cytosol
Q93038	TNFRSF25	Secreted - unknown location	Plasma membrane, Actin filaments, Focal adhesion sites
P28908	TNFRSF8		Plasma membrane
Q07011	TNFRSF9		Plasma membrane
O43508	TNFSF12	Secreted to blood	Vesicles
	TNFSF12-TNFSF13		Vesicles
Q9Y275	TNFSF13B	Secreted to blood	Plasma membrane
O43557	TNFSF14	Secreted to blood	Vesicles
O95150	TNFSF15	Secreted to blood	Nuclear membrane
P23510	TNFSF4		Nucleoplasm, Vesicles
P41273	TNFSF9		Golgi apparatus
Q9UKE5	TNIK		Nucleoplasm
	TNIP1		Nucleoplasm
Q8NFZ5	TNIP2		Nucleoplasm
Q96KP6	TNIP3		Nucleoplasm, Cytosol
Q13470	TNK1		Cell Junctions
Q07912	TNK2		Plasma membrane
O95271	TNKS		Nucleoplasm
Q9C0C2	TNKS1BP1		Plasma membrane
Q9H2K2	TNKS2		Microtubules
P19429	TNNC1		Nucleoplasm, Actin filaments, Mitochondria
P63316	TNNC1		Nucleoplasm, Actin filaments, Mitochondria
P02585	TNNC2		Nucleoplasm
P19237	TNNI1		Nucleoplasm
P48788	TNNI2		Plasma membrane
	TNNI3		Cytosol
P13805	TNNT1		Nucleoplasm, Golgi apparatus, Cytosol
P45379	TNNT2		Nucleoplasm, Nucleoli
Q92973	TNPO1		Nucleoplasm
O14787	TNPO2		Nucleoplasm, Nucleoli
Q9Y5L0	TNPO3		Cytosol
O15417	TNRC18		Nucleoplasm, Nuclear membrane, Mitochondria
Q8NDV7	TNRC6A		Nucleoplasm, Golgi apparatus, Vesicles
Q9HCJ0	TNRC6C		Nucleoplasm
Q9HBL0	TNS1		Focal adhesion sites
Q68CZ2	TNS3		Focal adhesion sites
Q8IZW8	TNS4		Cytosol
P22105	TNXB	Secreted to extracellular matrix	Vesicles
P50616	TOB1		Nucleoplasm
Q14106	TOB2		Cytosol
Q96GM8	TOE1		Nucleoplasm
Q9Y4F4	TOGARAM1		Nuclear speckles, Microtubules
Q6ZUX3	TOGARAM2		Nucleoplasm, Plasma membrane
Q9H0E2	TOLLIP		Cytosol
O60784	TOM1		Cytosol
Q6ZVM7	TOM1L2		Vesicles, Microtubules, Primary cilium, Basal body
Q15388	TOMM20		Mitochondria
Q9NS69	TOMM22		Mitochondria
Q15785	TOMM34		Cytosol
O96008	TOMM40		Mitochondria
Q8N4H5	TOMM5		Mitochondria
Q96B49	TOMM6		Mitochondria
O94826	TOMM70		Mitochondria
Q96HA7	TONSL		Nucleoplasm
P11387	TOP1		Nucleoplasm, Nucleoli fibrillar center
Q969P6	TOP1MT		Mitochondria
P11388	TOP2A		Nucleoplasm
Q02880	TOP2B		Nucleoplasm
O95985	TOP3B		Nucleoplasm
Q8N9V7	TOPAZ1		Acrosome, Mid piece
Q92547	TOPBP1		Nucleoplasm, Nuclear bodies
Q9NS56	TOPORS		Nucleoplasm
O14656	TOR1A	Intracellular and membrane	Nuclear membrane, Vesicles
Q5JTV8	TOR1AIP1		Nuclear membrane
Q8NFQ8	TOR1AIP2		Endoplasmic reticulum
Q9H496	TOR1AIP2		Endoplasmic reticulum
O14657	TOR1B		Nuclear speckles
Q5JU69	TOR2A	Secreted to blood	Endoplasmic reticulum, Plasma membrane
Q8N2E6	TOR2A	Secreted to blood	Endoplasmic reticulum, Plasma membrane
Q9NXH8	TOR4A		Nucleoplasm
O94900	TOX		Nucleoplasm, Nucleoli fibrillar center
Q96NM4	TOX2		Nucleoplasm
O15405	TOX3		Nucleoplasm
O94842	TOX4		Nucleoplasm
P04637	TP53		Nucleoplasm
Q12888	TP53BP1		Nuclear bodies
Q13625	TP53BP2		Cell Junctions, Cytosol
O14683	TP53I11		Endoplasmic reticulum, Golgi apparatus
Q53FA7	TP53I3		Vesicles
Q96A56	TP53INP1		Cytosol
Q9ULZ0	TP53TG3		Centriolar satellite
	TP53TG3B		Centriolar satellite
	TP53TG3C		Centriolar satellite
	TP53TG3D		Centriolar satellite
	TP53TG3E		Centriolar satellite
	TP53TG3F		Centriolar satellite
Q9Y2B4	TP53TG5		Nucleoli, Nucleoli rim
Q9H3D4	TP63		Nucleoplasm
O15350	TP73		Nucleoplasm
Q13641	TPBG		Nucleoplasm
Q8NHX9	TPCN2		Nucleoli
P55327	TPD52		Cytosol
Q16890	TPD52L1		Plasma membrane, Cell Junctions, Cytosol
O43399	TPD52L2		Vesicles
P17752	TPH1		Cytosol
P60174	TPI1		Nucleoplasm
Q9H3S4	TPK1		Vesicles
P09493	TPM1		Actin filaments
P06753	TPM3		Actin filaments
P67936	TPM4		Actin filaments
P29144	TPP2		Nuclear bodies, Cytosol
O94811	TPPP		Mitochondria, Cytosol
P59282	TPPP2		Connecting piece, Mid piece, Principal piece
P12270	TPR		Nuclear membrane
Q86W33	TPRA1		Vesicles
Q6ZUI0	TPRG1		Nucleoplasm
Q5T0D9	TPRG1L		Vesicles
Q9Y3C4	TPRKB		Cytosol
Q4KMQ1	TPRN		Plasma membrane
Q15661	TPSAB1	Secreted to blood	Vesicles
O60507	TPST1	Intracellular and membrane	Golgi apparatus
P13693	TPT1		Cytosol
P56180	TPTE		Cytosol
Q6XPS3	TPTE2		Cytosol
Q9ULW0	TPX2		Nucleoplasm
Q13595	TRA2A		Nucleoli
P62995	TRA2B		Nucleoplasm
Q9H4I3	TRABD		Nucleoplasm, Mitochondria
A6NFA1	TRABD2B	Intracellular and membrane	Plasma membrane
Q15628	TRADD		Cytosol
Q13077	TRAF1		Nucleoplasm
Q12933	TRAF2		Cytosol
Q8TDR0	TRAF3IP1		Nuclear bodies, Primary cilium transition zone
O43734	TRAF3IP2		Golgi apparatus
Q9Y228	TRAF3IP3		Vesicles
Q9BUZ4	TRAF4		Nucleoli fibrillar center
O00463	TRAF5		Cytosol
Q9Y4K3	TRAF6		Mitochondria
Q6Q0C0	TRAF7		Vesicles
O14545	TRAFD1		Nucleoplasm
Q9BWF2	TRAIP		Plasma membrane, Cytosol
Q9UPV9	TRAK1		Endoplasmic reticulum
O60296	TRAK2		Nucleoplasm, Nuclear bodies
Q8N609	TRAM1L1		Mitochondria
Q15035	TRAM2		Cytosol
O15050	TRANK1		Nucleoplasm
Q12931	TRAP1		Mitochondria
Q58FF3	TRAP1		Mitochondria
Q7Z392	TRAPPC11		Cytosol
Q8WVT3	TRAPPC12		Nucleoplasm, Golgi apparatus
A5PLN9	TRAPPC13		Nucleoplasm, Plasma membrane
Q8WVR3	TRAPPC14		Vesicles
P0DI81	TRAPPC2		Endoplasmic reticulum, Vesicles
P0DI82	TRAPPC2B		Endoplasmic reticulum, Vesicles
Q9UL33	TRAPPC2L		Vesicles, Cytosol
O43617	TRAPPC3		Golgi apparatus, Cytosol
Q5T215	TRAPPC3L		Golgi apparatus, Vesicles
Q9Y296	TRAPPC4		Cytosol
Q8IUR0	TRAPPC5		Vesicles
Q86SZ2	TRAPPC6B		Endoplasmic reticulum
Q9Y2L5	TRAPPC8		Cytosol
Q96Q05	TRAPPC9		Golgi apparatus, Vesicles
Q6PIZ9	TRAT1		Plasma membrane
Q13061	TRDN		Plasma membrane, Cytosol
O43280	TREH	Intracellular and membrane	Cytosol
Q9NP99	TREM1	Secreted to blood	Golgi apparatus
Q9NZC2	TREM2	Secreted in brain	Vesicles
Q86YW5	TREML1		Nuclear speckles, Cytosol
Q6UXN2	TREML4	Secreted - unknown location	Plasma membrane
Q96PN7	TRERF1		Nucleoplasm
Q9NSU2	TREX1		Cytosol
O43715	TRIAP1		Nucleoplasm, Mitochondria
Q96RU8	TRIB1		Plasma membrane, Cytosol
Q92519	TRIB2		Nucleoplasm
Q96RU7	TRIB3		Nucleoplasm
Q96F44	TRIM11		Nucleoplasm, Cytosol
Q9C019	TRIM15		Cytosol
O95361	TRIM16		Cytosol
Q9Y577	TRIM17		Vesicles
Q9C040	TRIM2		Centrosome
P19474	TRIM21		Nucleoplasm
Q8IYM9	TRIM22		Nucleoplasm, Nuclear bodies
O15164	TRIM24		Nucleoplasm
Q14258	TRIM25		Nucleoplasm, Cytosol
Q12899	TRIM26		Nucleoplasm, Cytosol
P14373	TRIM27		Nucleoli
Q13263	TRIM28		Nucleoplasm
Q14134	TRIM29		Intermediate filaments
O75382	TRIM3		Mitochondria
Q13049	TRIM32		Intermediate filaments
Q9UPN9	TRIM33		Vesicles
Q9BYJ4	TRIM34		Centrosome
Q9UPQ4	TRIM35		Nucleoplasm
Q9NQ86	TRIM36		Cytosol
O00635	TRIM38		Centrosome
Q9HCM9	TRIM39		Cytosol
	TRIM39-RPP21		Cytosol
Q9C037	TRIM4		Cytosol
Q6P9F5	TRIM40		Cytosol
Q8WV44	TRIM41		Nucleoli fibrillar center
Q96DX7	TRIM44		Vesicles
Q9H8W5	TRIM45		Cytosol
Q7Z4K8	TRIM46		Microtubule ends, Mitotic spindle, Primary cilium transition zone
Q96LD4	TRIM47		Cytosol
C9J1S8	TRIM49D1		Nucleoplasm
	TRIM49D2		Nucleoplasm
Q9C035	TRIM5		Cytosol
Q86XT4	TRIM50		Cytosol
Q9BSJ1	TRIM51		Vesicles
A0A3B3IT33	TRIM51G		Vesicles
Q96A61	TRIM52		Nucleoli
Q9BYV2	TRIM54		Plasma membrane, Cytosol
Q9BYV6	TRIM55		Golgi apparatus
Q9BRZ2	TRIM56		Nucleoplasm
	TRIM6-TRIM34		Centrosome
Q495X7	TRIM60		Nucleoli
Q5EBN2	TRIM61		Nucleoli fibrillar center, Endoplasmic reticulum
Q9BVG3	TRIM62		Vesicles, Focal adhesion sites
Q6PJ69	TRIM65		Nucleoplasm, Cytosol
O15016	TRIM66		Nucleoplasm
Q6AZZ1	TRIM68		Nucleoplasm, Cytosol
Q9C029	TRIM7		Vesicles
Q2Q1W2	TRIM71		Plasma membrane, Actin filaments, Focal adhesion sites
Q6ZMU5	TRIM72		Vesicles
Q86UV7	TRIM73		Cytosol
Q86UV6	TRIM74		Cytosol
Q9BZR9	TRIM8		Nucleoplasm
Q8N7C3	TRIML2		Plasma membrane, Cytosol
O75962	TRIO		Cytosol
Q15642	TRIP10		Vesicles
Q15643	TRIP11		Golgi apparatus
Q14669	TRIP12		Nuclear speckles
Q15645	TRIP13		Nucleoplasm, Nuclear speckles
Q15650	TRIP4		Nucleoplasm, Nuclear bodies
Q15654	TRIP6		Focal adhesion sites
Q9BQ61	TRIR		Nucleoplasm
Q9H3H1	TRIT1		Mitochondria
Q9BU70	TRMO		Nucleoplasm
O75648	TRMT1		Plasma membrane, Cytosol
Q9NXH9	TRMT1		Plasma membrane, Cytosol
Q8TBZ6	TRMT10A		Nucleoplasm, Nucleoli, Actin filaments
Q6PF06	TRMT10B		Nucleoplasm
Q7L0Y3	TRMT10C		Mitochondria
Q7Z4G4	TRMT11		Nuclear bodies
Q9UI30	TRMT112		Microtubules
Q53H54	TRMT12		Nucleoplasm
Q9NUP7	TRMT13		Nucleoplasm, Plasma membrane
Q7Z2T5	TRMT1L		Nucleoplasm
Q8IZ69	TRMT2A		Nucleoplasm, Cytosol
Q96GJ1	TRMT2B		Nucleoplasm
Q8IYL2	TRMT44		Cytosol
Q32P41	TRMT5		Nucleoplasm, Nucleoli
Q9UJA5	TRMT6		Nucleoplasm
Q96FX7	TRMT61A		Mitochondria
Q9BVS5	TRMT61B		Cytosol
Q9P272	TRMT9B		Nucleoplasm
	TRMU		Mitochondria
Q9NX07	TRNAU1AP		Nucleoplasm
Q96Q11	TRNT1		Mitochondria
Q12816	TRO		Cell Junctions
P48995	TRPC1		Vesicles
Q8TEL6	TRPC4AP		Cytosol
Q7Z4N2	TRPM1		Centriolar satellite
Q9HCF6	TRPM3		Vesicles
Q8TD43	TRPM4		Nucleoplasm, Plasma membrane
Q96QT4	TRPM7		Vesicles, Plasma membrane
Q9UHF7	TRPS1		Nucleoplasm
Q86TN4	TRPT1		Mitochondria
Q9Y5S1	TRPV2		Plasma membrane
Q8NET8	TRPV3		Plasma membrane
Q9Y4A5	TRRAP		Nucleoplasm
Q8WWH5	TRUB1		Vesicles
Q96A04	TSACC		Nuclear bodies
Q5SRN2	TSBP1		Endoplasmic reticulum
Q92574	TSC1		Cytosol
P49815	TSC2		Cytosol
Q15714	TSC22D1		Nucleoplasm, Nuclear bodies
O75157	TSC22D2		Cytosol
Q99576	TSC22D3		Cytosol
Q9Y3Q8	TSC22D4		Cytosol
Q8WW01	TSEN15		Nucleoli
Q8NCE0	TSEN2		Nucleoplasm
Q9BSV6	TSEN34		Nucleoplasm
Q7Z6J9	TSEN54		Nucleoplasm
P43897	TSFM		Mitochondria
Q99816	TSG101		Cytosol
Q9BZW7	TSGA10		Flagellar centriole
Q3SY00	TSGA10IP		Mid piece
Q96PP4	TSGA13		Vesicles
Q6ZSZ6	TSHZ1		Nucleoplasm
Q9NRE2	TSHZ2		Golgi apparatus
Q63HK5	TSHZ3		Nucleoplasm
Q8WUA8	TSKU	Secreted to blood	Nucleoplasm
Q969D9	TSLP	Secreted to blood	Golgi apparatus, Vesicles
Q15631	TSN		Nucleoplasm, Endoplasmic reticulum
Q96NA8	TSNARE1		Cytosol
Q99598	TSNAX		Nucleoplasm
Q2TAA8	TSNAXIP1		Nucleoplasm
O60635	TSPAN1		Nucleoplasm, Vesicles
A1L157	TSPAN11		Vesicles
O95859	TSPAN12		Microtubules
O95857	TSPAN13		Nucleoplasm
Q8NG11	TSPAN14		Vesicles
O95858	TSPAN15		Nuclear bodies, Plasma membrane
Q9UKR8	TSPAN16		Plasma membrane
O60636	TSPAN2		Nucleoplasm
O60637	TSPAN3		Nucleoplasm, Golgi apparatus
Q12999	TSPAN31		Golgi apparatus
Q96QS1	TSPAN32		Nucleoplasm
Q86UF1	TSPAN33		Microtubules
P62079	TSPAN5		Nucleoplasm, Plasma membrane
O43657	TSPAN6		Cell Junctions, Cytosol
P19075	TSPAN8		Vesicles
O75954	TSPAN9		Nucleoplasm, Golgi apparatus
B1AH88	TSPO		Mitochondria
P30536	TSPO		Mitochondria
Q5TGU0	TSPO2		Plasma membrane
Q01534	TSPY1		Cytosol
P0CW01	TSPY10		Cytosol
A6NKD2	TSPY2		Cytosol
P0CV98	TSPY3		Cytosol
P0CV99	TSPY4		Cytosol
P0CW00	TSPY8		Cytosol
A0A494C1R9	TSPY9		Cytosol
Q9H0U9	TSPYL1		Nucleoplasm, Nucleoli
Q86VY4	TSPYL5		Cytosol
Q8N831	TSPYL6		Nucleoplasm
Q2NL82	TSR1		Nucleoplasm
Q969E8	TSR2		Nucleoplasm, Nucleoli
Q9UJK0	TSR3		Cytosol
Q9Y5U2	TSSC4		Nucleoplasm
Q9BXA7	TSSK1B		Nuclear bodies, Principal piece
Q96PN8	TSSK3		Nucleoplasm, Nucleoli
Q6SA08	TSSK4		Cell Junctions
Q9BXA6	TSSK6		Nuclear bodies
Q16762	TST		Mitochondria
Q8NFU3	TSTD1		Cytosol, Cytoplasmic bodies
Q5T7W7	TSTD2		Nucleoplasm
Q5TCY1	TTBK1		Cytosol
Q6IQ55	TTBK2		Microtubules, Cytosol
Q99614	TTC1		Cytosol
Q9H892	TTC12		Cytosol
Q8NBP0	TTC13		Nucleoplasm
Q96N46	TTC14		Nucleoplasm
Q96AE7	TTC17	Intracellular and membrane	Plasma membrane
Q6DKK2	TTC19		Mitochondria
Q8NDW8	TTC21A		Nucleoplasm
Q7Z4L5	TTC21B		Primary cilium, Centriolar satellite, Basal body
Q5W5X9	TTC23		Cytosol
A2A3L6	TTC24		Nucleoplasm
A0AVF1	TTC26		Nucleoplasm
Q6P3X3	TTC27		Mitochondria
Q96AY4	TTC28		Microtubules, Cytokinetic bridge, Mitotic spindle
Q8NA56	TTC29		Principal piece
P53804	TTC3		Nucleoplasm, Nucleoli
Q86WT1	TTC30A		Primary cilium, Centrosome, Basal body
Q8N4P2	TTC30B		Primary cilium, Centrosome, Basal body
Q49AM3	TTC31		Cytosol
Q5I0X7	TTC32		Mitochondria
Q6PID6	TTC33		Nucleoplasm
A6NLP5	TTC36		Nucleoplasm
Q5R3I4	TTC38		Cytosol
Q5SRH9	TTC39A		Centrosome
Q5VTQ0	TTC39B		Endoplasmic reticulum
Q8N584	TTC39C		Nucleoplasm
O95801	TTC4		Intermediate filaments
Q8N0Z6	TTC5		Nucleoplasm
Q86TZ1	TTC6		Centrosome
Q86TV6	TTC7B		Plasma membrane
Q8TAM2	TTC8		Nucleoli fibrillar center, Basal body
Q92623	TTC9		Nuclear bodies
Q8N6N2	TTC9B		Nucleoplasm, Mitochondria
Q8N5M4	TTC9C		Nucleoplasm
Q15361	TTF1		Nucleoli fibrillar center
O00358	TTF2		Cytosol
Q9UNY4	TTF2		Cytosol
O43156	TTI1		Vesicles
Q6NXR4	TTI2		Centrosome
P33981	TTK		Cytosol
Q8NG68	TTL		Vesicles
Q6ZVT0	TTLL10		Cytosol
Q14166	TTLL12		Cytosol
A6NNM8	TTLL13		Plasma membrane, Cytosol
Q9BWV7	TTLL2		Nuclear membrane, Nucleoli
Q14679	TTLL4		Mitochondria
Q6EMB2	TTLL5		Plasma membrane, Cytosol
Q8N841	TTLL6		Microtubules, Primary cilium, Basal body, Flagellar centriole
Q3SXZ7	TTLL9		Microtubules, Mid piece, Principal piece, End piece
Q9BTX7	TTPAL		Golgi apparatus, Cytosol
P02766	TTR	Secreted to blood	Golgi apparatus
Q9H313	TTYH1		Nucleoplasm, Plasma membrane
P50607	TUB	Intracellular and membrane	Centriolar satellite, Basal body
Q71U36	TUBA1A		Microtubules
P68363	TUBA1B		Microtubules
Q9BQE3	TUBA1C		Microtubules
P0DPH7	TUBA3C		Microtubules
P0DPH8	TUBA3D		Microtubules
Q6PEY2	TUBA3E		Microtubules
P68366	TUBA4A		Microtubules
Q9NY65	TUBA8		Microtubules
P07437	TUBB		Microtubules
Q9H4B7	TUBB1		Microtubules
Q13885	TUBB2A		Microtubules
Q9BVA1	TUBB2B		Microtubules
Q13509	TUBB3		Microtubules
P04350	TUBB4A		Microtubules
P68371	TUBB4B		Microtubules
Q9BUF5	TUBB6		Microtubules
Q3ZCM7	TUBB8		Microtubules
A6NNZ2	TUBB8B		Microtubules
Q9UJT1	TUBD1		Nucleoplasm, Cytosol
P23258	TUBG1		Principal piece
Q9NRH3	TUBG2		Centriolar satellite, Principal piece
Q9BSJ2	TUBGCP2		Centrosome, Basal body
Q9UGJ1	TUBGCP4		Centrosome
Q96RT8	TUBGCP5		Centrosome, Basal body
P49411	TUFM		Mitochondria
Q9NNX1	TUFT1	Secreted - unknown location	Vesicles
O00295	TULP2	Secreted in male reproductive system	Cytosol
O75386	TULP3	Intracellular and membrane	Nucleoplasm, Primary cilium
Q9NRJ4	TULP4		Principal piece
Q2TAM9	TUSC1		Vesicles
O75896	TUSC2		Cytosol
Q9H6E5	TUT1		Nucleoplasm
Q5TAX3	TUT4		Cytosol
Q5VYS8	TUT7		Cytosol
A6NH52	TVP23A		Vesicles
Q9NYZ1	TVP23B		Golgi apparatus
Q96ET8	TVP23C		Golgi apparatus
	TVP23C-CDRT4		Golgi apparatus
Q12792	TWF1		Cytosol
Q6IBS0	TWF2		Plasma membrane
Q8WVJ9	TWIST2		Nucleoplasm
Q9GZX9	TWSG1	Secreted - unknown location	Centrosome, Cytosol
P42681	TXK		Nucleoplasm, Cytosol
P40222	TXLNA		Cytosol
Q9NUQ3	TXLNG		Cytosol
P10599	TXN	Intracellular and membrane	Nucleoplasm, Cytosol
Q99757	TXN2		Mitochondria
Q6PKC3	TXNDC11		Plasma membrane, Cytosol
Q96J42	TXNDC15		Golgi apparatus
Q9P2K2	TXNDC16	Secreted to blood	Mitochondria
Q8NBS9	TXNDC5	Intracellular and membrane	Endoplasmic reticulum
O14530	TXNDC9		Cytosol
Q9H3M7	TXNIP		Plasma membrane
O43396	TXNL1		Cytosol
P83876	TXNL4A		Nucleoplasm
Q9NX01	TXNL4B		Nucleoplasm
Q16881	TXNRD1		Nucleoplasm
Q9NNW7	TXNRD2		Mitochondria, Cytosol
Q86VQ6	TXNRD3		Nucleoplasm
P29597	TYK2		Cytosol
P19971	TYMP		Nuclear bodies, Golgi apparatus
P14679	TYR		Vesicles
O43914	TYROBP		Plasma membrane
P17643	TYRP1		Vesicles
Q2T9J0	TYSND1		Nucleoplasm, Centrosome
Q9NV66	TYW1		Nucleoplasm, Nucleoli, Nucleoli rim
Q6NUM6	TYW1B		Nucleoplasm, Nucleoli, Nucleoli rim
Q6IPR3	TYW3		Cytosol
A2RUC4	TYW5		Mitochondria
Q01081	U2AF1		Nucleoplasm
Q8WU68	U2AF1L4		Nucleoplasm
P26368	U2AF2		Nucleoplasm, Nuclear speckles
O15042	U2SURP		Nucleoplasm
Q9BZF9	UACA		Nucleoplasm
Q16222	UAP1		Nucleoplasm, Plasma membrane, Cytosol
Q3KQV9	UAP1L1		Intermediate filaments
P22314	UBA1		Nucleoplasm
Q9UBT2	UBA2		Nucleoplasm
Q8TBC4	UBA3		Plasma membrane, Cytosol
Q9GZZ9	UBA5		Vesicles, Cytosol
P62987	UBA52		Cytosol
A0AVT1	UBA6		Nucleoplasm, Cytosol
P41226	UBA7		Nucleoplasm, Vesicles
Q9BSL1	UBAC1		Plasma membrane, Cytosol
Q8NBM4	UBAC2		Cytosol
Q8TB05	UBALD1		Nucleoplasm, Cytosol
Q9NZ09	UBAP1		Cytosol
F5GYI3	UBAP1L		Nuclear bodies
Q5T6F2	UBAP2		Cytosol
Q14157	UBAP2L		Nuclear speckles, Cytosol
P57075	UBASH3A		Nucleoplasm
Q8TF42	UBASH3B		Cytosol
P0CG47	UBB		Cytosol
P0CG48	UBC		Cytosol
O15205	UBD		Nucleoplasm
P49459	UBE2A		Nucleoplasm, Plasma membrane, Cytosol
P63146	UBE2B		Nucleoplasm, Plasma membrane, Cytosol
O00762	UBE2C		Plasma membrane, Cytosol
P51668	UBE2D1		Plasma membrane, Cytosol
P62837	UBE2D2		Plasma membrane, Cytosol
P61077	UBE2D3		Plasma membrane, Cytosol
Q9Y2X8	UBE2D4		Plasma membrane, Cytosol
P51965	UBE2E1		Nucleoplasm
Q96LR5	UBE2E2		Nucleoplasm
Q969M7	UBE2F		Cytosol
P62253	UBE2G1		Nucleoplasm, Cytosol
P62256	UBE2H		Mitochondria
P63279	UBE2I		Nucleoplasm
P61086	UBE2K		Cytosol
P68036	UBE2L3		Nucleoplasm, Cytosol
A0A1B0GUS4	UBE2L5		Nucleoplasm, Cytosol
O14933	UBE2L6		Cytosol
P61081	UBE2M		Nucleoplasm
P61088	UBE2N		Nucleoplasm
Q5JXB2	UBE2NL		Nucleoplasm
Q9C0C9	UBE2O		Nuclear bodies
Q7Z7E8	UBE2Q1		Nucleoplasm
A1L167	UBE2QL1		Nucleoplasm
Q712K3	UBE2R2		Nucleoplasm, Nucleoli
Q16763	UBE2S		Plasma membrane
Q9NPD8	UBE2T		Nucleoli
Q13404	UBE2V1		Nucleoplasm
Q15819	UBE2V2		Nucleoplasm
Q96B02	UBE2W		Nucleoli
Q9H832	UBE2Z		Nucleoplasm, Cytosol
Q05086	UBE3A		Nucleoplasm
Q7Z3V4	UBE3B		Nuclear speckles
Q15386	UBE3C		Cytosol
Q7Z6J8	UBE3D		Rods & Rings
Q14139	UBE4A		Nuclear speckles
O14562	UBFD1		Nucleoplasm
Q9Y5Z9	UBIAD1		Vesicles
O95164	UBL3		Centrosome
P11441	UBL4A		Nucleoplasm, Cytosol
Q96S82	UBL7		Nucleoplasm
Q8WVY7	UBLCP1		Nucleoplasm, Nucleoli, Nucleoli rim
Q9NPG3	UBN1		Nucleoplasm
Q6ZU65	UBN2		Nucleoplasm
O94941	UBOX5		Nucleoplasm
Q9NZI7	UBP1		Nucleoplasm
Q9UMX0	UBQLN1		Nucleoplasm
Q9UHD9	UBQLN2		Cytosol
Q9NRR5	UBQLN4		Nucleoplasm
Q8IWV7	UBR1		Vesicles
Q8IWV8	UBR2		Nucleoplasm
Q6ZT12	UBR3		Nucleoplasm, Nucleoli
Q5T4S7	UBR4		Nucleoplasm
O95071	UBR5		Nucleoplasm
Q8N806	UBR7		Nucleoplasm
Q9HAC8	UBTD1		Vesicles
P17480	UBTF		Nucleoli fibrillar center
Q04323	UBXN1		Cytosol
Q5T124	UBXN11		Basal body, Cytosol
P68543	UBXN2A		Centrosome
Q14CS0	UBXN2B		Nucleoplasm
Q92575	UBXN4		Endoplasmic reticulum
Q9BZV1	UBXN6		Golgi apparatus, Cytosol
O94888	UBXN7		Nucleoplasm
O00124	UBXN8	Intracellular and membrane	Endoplasmic reticulum
P09936	UCHL1		Cytosol
P15374	UCHL3		Nucleoplasm, Cytosol
Q9Y5K5	UCHL5		Nucleoplasm, Cytosol
Q9HA47	UCK1		Nucleoplasm
Q9BZX2	UCK2		Nucleoplasm
Q9NWZ5	UCKL1		Endoplasmic reticulum
P55089	UCN	Secreted to blood	Vesicles
Q96RP3	UCN2	Secreted to blood	Vesicles
P55851	UCP2		Mitochondria
P55916	UCP3		Nucleoplasm, Cytosol
Q8IX04	UEVLD		Nucleoplasm
Q9Y3C8	UFC1		Nuclear speckles
Q92890	UFD1		Nucleoplasm, Cytosol
O94874	UFL1		Endoplasmic reticulum
Q9NUQ7	UFSP2		Nucleoplasm, Cytosol
O60701	UGDH		Nucleoplasm
Q9NYU2	UGGT1	Intracellular and membrane	Cytosol
Q16851	UGP2		Centrosome, Mitochondria
P19224	UGT1A6		Vesicles
Q6NUS8	UGT3A1		Vesicles, Cytosol
Q3SY77	UGT3A2		Nucleoplasm
Q16880	UGT8		Mitochondria
Q8TAS1	UHMK1		Nucleoplasm
Q96T88	UHRF1		Nucleoplasm
Q96PU4	UHRF2		Nucleoplasm
Q96RL1	UIMC1		Nuclear bodies
Q9BZM6	ULBP1		Plasma membrane, Cytosol
Q9BZM5	ULBP2	Secreted in other tissues	Vesicles, Plasma membrane
Q9BZM4	ULBP3	Intracellular and membrane	Vesicles
O75385	ULK1		Cytosol
Q6PHR2	ULK3		Acrosome
Q96C45	ULK4		Primary cilium transition zone, Cytosol
C9J7I0	UMAD1		Nucleoplasm
P11172	UMPS		Cytosol
A6NIH7	UNC119B		Cytokinetic bridge, Mitotic spindle, Cytosol, Flagellar centriole, Annulus
O14795	UNC13B		Vesicles
Q8NB66	UNC13C		Vesicles
Q70J99	UNC13D		Cytosol
	UNC45A		Nuclear speckles
Q8IWX7	UNC45B		Cytosol
Q6ZN44	UNC5A		Plasma membrane, Cytosol
Q8IV45	UNC5CL		Cytosol
Q9P2D8	UNC79		Plasma membrane
Q8N2C7	UNC80		Nuclear bodies
Q9H1C4	UNC93B1		Nucleoplasm
A6NJT0	UNCX		Nucleoplasm
P13051	UNG		Nucleoplasm
Q9C0B0	UNK		Cytosol, Cytoplasmic bodies
Q9H9P5	UNKL		Cytosol
Q92900	UPF1		Nucleoplasm
Q9HAU5	UPF2		Cytosol
Q9H1J1	UPF3A		Nucleoplasm, Vesicles, Plasma membrane
Q9BZI7	UPF3B		Cytosol
O75631	UPK3A		Nuclear membrane
Q16831	UPP1		Nucleoplasm
O95045	UPP2		Nucleoplasm
Q96BW1	UPRT		Nucleoplasm
Q9NVA1	UQCC1		Plasma membrane
Q9BRT2	UQCC2		Mitochondria
Q6UW78	UQCC3		Nucleoplasm, Mitochondria
P31930	UQCRC1		Mitochondria
P22695	UQCRC2		Mitochondria
P47985	UQCRFS1		Mitochondria
O14949	UQCRQ		Mitochondria
O60287	URB1		Nucleoli fibrillar center
Q14146	URB2		Nucleoli
Q8TCY9	URGCP		Cytosol
O94763	URI1		Nucleoplasm
Q9BTM9	URM1		Vesicles
P06132	UROD		Nucleoplasm, Cytosol
P10746	UROS		Nucleoplasm
Q9BQ65	USB1		Nucleoplasm
P22415	USF1		Nucleoplasm
Q15853	USF2		Nucleoplasm
Q68DE3	USF3		Nucleoplasm, Nucleoli
Q9Y6N9	USH1C		Cytosol
Q495M9	USH1G		Vesicles
O75445	USH2A	Intracellular and membrane	Acrosome, Equatorial segment, Mid piece, Principal piece
Q8N6Y0	USHBP1		Nucleoli
O60763	USO1		Golgi apparatus
O94782	USP1		Nucleoplasm
Q14694	USP10		Cytosol
Q8NFA0	USP10		Cytosol
P51784	USP11		Nucleoplasm
O75317	USP12		Nucleoplasm
Q92995	USP13		Nucleoplasm, Cytosol
P54578	USP14		Plasma membrane, Cytosol
Q9Y4E8	USP15		Cytosol
Q9Y5T5	USP16		Nucleoplasm, Cytosol
Q9UMW8	USP18		Cytosol
O75604	USP2		Cytosol
Q9Y2K6	USP20		Nucleoplasm, Plasma membrane, Cytosol
Q9UHP3	USP21		Cytosol
Q9UK80	USP21		Cytosol
Q9UPT9	USP22		Nuclear speckles
Q9UPU5	USP24		Nucleoplasm
	USP25		Cytosol
Q9BXU7	USP26		Nucleoplasm
A6NNY8	USP27X		Vesicles
Q96RU2	USP28		Nucleoplasm
Q9HBJ7	USP29		Plasma membrane
Q9Y6I4	USP3	Intracellular and membrane	Nucleoplasm
Q70CQ4	USP31		Cytosol
Q86UV5	USP31		Cytosol
	USP32		Golgi apparatus
Q8TEY7	USP33		Nucleoplasm, Golgi apparatus
Q70CQ2	USP34		Vesicles
Q9P2H5	USP34		Vesicles
	USP35		Nucleoli fibrillar center
Q9P275	USP36		Nucleoli, Nucleoli rim
Q86T82	USP37		Nucleoplasm, Nucleoli
Q8NB14	USP38		Nucleoplasm
Q53GS9	USP39		Nucleoplasm
Q13107	USP4		Nucleoplasm
Q9NVE5	USP40		Vesicles
Q9H9J4	USP42		Nucleoplasm
Q70EL4	USP43		Nucleoplasm, Nuclear speckles
Q9H0E7	USP44		Nucleoli fibrillar center, Microtubules
Q70EL2	USP45		Nucleoplasm, Cytosol
P62068	USP46		Nucleoli, Nucleoli rim
Q96K76	USP47		Intermediate filaments
	USP48		Nucleoplasm
P45974	USP5		Nucleoplasm, Cytosol
Q70EK9	USP51		Cytosol
Q70EK8	USP53		Plasma membrane
Q70EL1	USP54		Mitochondria
P35125	USP6		Vesicles
Q93009	USP7		Nucleoplasm
P40818	USP8		Vesicles
Q93008	USP9X		Cytosol
O00507	USP9Y		Vesicles
Q9Y3A2	UTP11		Nucleoli
Q9BVJ6	UTP14A		Nucleoli
Q5TAP6	UTP14C		Nucleoli
Q8TED0	UTP15		Nucleoli, Endoplasmic reticulum
Q9Y5J1	UTP18		Nucleoli, Nucleoli rim
O75691	UTP20		Nucleoli
Q9BRU9	UTP23		Nucleoli
Q9NQZ2	UTP3		Nucleoli
Q969X6	UTP4		Nucleoli fibrillar center
Q9NYH9	UTP6		Nucleoli
P46939	UTRN		Plasma membrane
O14607	UTY		Nucleoplasm
Q2YD98	UVSSA		Nucleoplasm
Q9UBK9	UXT		Centriolar satellite, Basal body
Q08AM6	VAC14		Vesicles
O75379	VAMP4		Golgi apparatus
O95183	VAMP5		Nucleoplasm, Plasma membrane
P51809	VAMP7		Vesicles
Q9BV40	VAMP8		Golgi apparatus, Plasma membrane
Q8TAA9	VANGL1		Plasma membrane
Q9P0L0	VAPA		Endoplasmic reticulum
O95292	VAPB		Endoplasmic reticulum
P26640	VARS1		Endoplasmic reticulum, Cytosol
Q5ST30	VARS2		Mitochondria
Q7L8A9	VASH1	Secreted to blood	Centrosome, Basal body
Q86V25	VASH2	Secreted to blood	Cytosol
Q6EMK4	VASN	Secreted - unknown location	Mitochondria
P50552	VASP		Plasma membrane, Cell Junctions, Focal adhesion sites
Q9HCJ6	VAT1L		Cytosol
P15498	VAV1		Cytosol
P52735	VAV2		Vesicles
Q5SQQ9	VAX1		Nucleoli rim
Q9UIW0	VAX2		Nuclear speckles
P61758	VBP1		Cytosol
P19320	VCAM1	Secreted to blood	Cell Junctions
P13611	VCAN	Secreted to blood	Vesicles, Mid piece, Principal piece, End piece
P18206	VCL		Focal adhesion sites
P55072	VCP		Nucleoplasm, Cytosol
Q96JH7	VCPIP1		Plasma membrane
Q9H867	VCPKMT		Cytosol
P45880	VDAC2		Mitochondria
Q9Y277	VDAC3		Mitochondria
P11473	VDR		Nucleoplasm
O95231	VENTX		Nucleoli fibrillar center
Q14D04	VEPH1		Nucleoplasm, Nucleoli, Cytosol
Q14119	VEZF1		Nucleoplasm
Q9HBM0	VEZT		Nucleoplasm
O15240	VGF	Secreted to blood	Golgi apparatus, Vesicles
Q99990	VGLL1		Nucleoplasm
A8MV65	VGLL3		Nucleoli, Cytosol
Q14135	VGLL4		Nucleoli fibrillar center
P40337	VHL		Nucleoplasm
P09327	VIL1		Plasma membrane
O15195	VILL		Golgi apparatus, Cytosol
P08670	VIM		Intermediate filaments
P01282	VIP	Secreted to blood	Endoplasmic reticulum
P41587	VIPR2		Focal adhesion sites
Q69YN4	VIRMA		Nuclear bodies
Q9BQB6	VKORC1		Endoplasmic reticulum
Q8N0U8	VKORC1L1		Endoplasmic reticulum
P98155	VLDLR		Vesicles
Q96GC9	VMP1		Endoplasmic reticulum
Q9GZP7	VN1R1		Vesicles
O95497	VNN1	Intracellular and membrane	Vesicles
Q9H270	VPS11		Cytosol
Q96RL7	VPS13A		Mitochondria
Q7Z7G8	VPS13B		Cell Junctions
Q5THJ4	VPS13D		Nucleoplasm, Vesicles
Q9BRG1	VPS25		Vesicles
O75436	VPS26A		Endosomes, Lysosomes
O14972	VPS26C		Mitochondria
Q9UK41	VPS28		Vesicles
Q9UBQ0	VPS29		Vesicles, Cytosol
Q96AX1	VPS33A		Nucleoplasm
Q96QK1	VPS35		Endosomes, Lysosomes
Q7Z3J2	VPS35L		Mitochondria
Q86VN1	VPS36		Vesicles, Lysosomes
Q8NEZ2	VPS37A		Vesicles, Centrosome, Acrosome, Flagellar centriole
Q9H9H4	VPS37B		Cytosol
A5D8V6	VPS37C		Nucleoplasm, Vesicles
Q86XT2	VPS37D		Vesicles
Q9NRW7	VPS45		Microtubules
Q9UN37	VPS4A		Midbody
O75351	VPS4B		Vesicles
Q96JG6	VPS50		Plasma membrane, Cytosol
Q9UID3	VPS51		Golgi apparatus, Vesicles
Q5VIR6	VPS53		Golgi apparatus, Vesicles
Q9P1Q0	VPS54		Golgi apparatus
Q15906	VPS72		Nuclear speckles
Q9Y2B5	VPS9D1		Cytosol
Q99986	VRK1		Nucleoplasm
Q86Y07	VRK2		Endoplasmic reticulum
Q8IV63	VRK3		Nucleoplasm, Vesicles
Q9H8Y1	VRTN		Nucleoplasm
Q86XK7	VSIG1		Vesicles, Cytosol
Q8N0Z9	VSIG10		Cytosol
Q86VR7	VSIG10L		Nucleoplasm
Q96IQ7	VSIG2		Nucleoplasm
Q9Y279	VSIG4		Plasma membrane, Cytosol
P62760	VSNL1		Cytosol
Q6UX27	VSTM1	Secreted to blood	Vesicles
Q8IW00	VSTM4	Secreted - unknown location	Nucleoplasm, Vesicles
A8MXK1	VSTM5		Endoplasmic reticulum
Q9NZR4	VSX1		Nucleoli
Q9NP79	VTA1		Nucleoplasm, Vesicles, Cytosol
Q7Z7D3	VTCN1		Plasma membrane
Q96AJ9	VTI1A		Golgi apparatus, Vesicles
Q9UEU0	VTI1B		Golgi apparatus, Vesicles
P04004	VTN	Secreted to blood	Endoplasmic reticulum, Vesicles
Q502W6	VWA3B		Nucleoplasm, Cytosol
O00534	VWA5A		Nucleoplasm
Q5TIE3	VWA5B1	Secreted in male reproductive system	Mitochondria
Q8N398	VWA5B2		Golgi apparatus
Q9Y334	VWA7	Secreted - unknown location	Plasma membrane, Cytosol
A3KMH1	VWA8		Vesicles, Lipid droplets
Q96DN2	VWCE	Secreted - unknown location	Nucleoplasm
Q8N2E2	VWDE	Secreted - unknown location	Cytosol
Q8TAG6	VXN		Nuclear speckles
Q9BTA9	WAC		Nucleoplasm
Q7Z5K2	WAPL		Nucleoplasm
P23381	WARS1		Cytosol
Q9UGM6	WARS2		Mitochondria
P42768	WAS		Plasma membrane
Q9Y6W5	WASF2		Plasma membrane
Q9NQA3	WASH6P		Vesicles
A8K0Z3	WASHC1		Vesicles
Q641Q2	WASHC2A		Vesicles
Q9Y4E1	WASHC2C		Vesicles
Q9Y3C0	WASHC3		Vesicles
Q2M389	WASHC4		Nucleoplasm
Q12768	WASHC5		Cytosol
O00401	WASL		Cytosol
Q96G27	WBP1		Cytosol
Q9Y2W2	WBP11		Nucleoplasm
Q9NX94	WBP1L		Microtubules
Q969T9	WBP2		Nucleoplasm, Cytosol
Q6ICG8	WBP2NL		Cytosol
O75554	WBP4		Nucleoplasm
Q9H6R7	WDCP		Nucleoli
Q8IWB7	WDFY1		Golgi apparatus, Vesicles
Q96P53	WDFY2		Vesicles
Q8IZQ1	WDFY3		Cytosol
Q6ZS81	WDFY4		Nucleoplasm
O75717	WDHD1		Nucleoplasm
O95876	WDPCP		Nuclear bodies, Flagellar centriole
O75083	WDR1		Plasma membrane, Cell Junctions, Cytosol
Q9BZH6	WDR11		Microtubules, Primary cilium, End piece
Q9GZL7	WDR12		Plasma membrane, Cytosol
Q9H1Z4	WDR13		Nucleoplasm
Q8IZU2	WDR17		Nuclear speckles
Q9BV38	WDR18		Nucleoplasm
Q8NEZ3	WDR19		Nucleoplasm, Mid piece
Q96S15	WDR24		Vesicles
Q64LD2	WDR25	Secreted to blood	Nucleoplasm
Q9H7D7	WDR26		Nucleoplasm, Cytosol
A2RRH5	WDR27		Nucleoplasm
Q9UNX4	WDR3		Nucleoli
Q8NA23	WDR31		Cytosol
Q9C0J8	WDR33		Nucleoplasm, Nucleoli fibrillar center
Q8NI36	WDR36		Nucleoli
Q9Y2I8	WDR37		Intermediate filaments
Q5JTN6	WDR38		Vesicles
P57081	WDR4		Nucleoplasm
Q9HAD4	WDR41		Nucleoplasm
Q5JSH3	WDR44		Golgi apparatus
Q5MNZ6	WDR45B		Golgi apparatus
O15213	WDR46		Nucleoli
O94967	WDR47		Actin filaments, Primary cilium
Q8TAF3	WDR48		Vesicles
Q8IV35	WDR49		Nucleoplasm, Nuclear bodies
P61964	WDR5		Nucleoplasm
Q7Z5U6	WDR53		Plasma membrane, Cytosol
Q9H977	WDR54		Golgi apparatus, Vesicles, Acrosome
Q9H6Y2	WDR55		Nucleoplasm
Q6PJI9	WDR59		Vesicles, Cytosol
Q86VZ2	WDR5B		Nucleoplasm
Q9NNW5	WDR6		Cytosol
O43379	WDR62		Cytosol
Q9Y4E6	WDR7		Nucleoplasm
Q9NW82	WDR70		Mitochondria, Cytosol
Q3MJ13	WDR72		Vesicles
Q6RFH5	WDR74		Nucleoplasm, Nucleoli
Q9H967	WDR76		Nuclear bodies
Q9BQA1	WDR77		Nucleoplasm, Cytosol
Q562E7	WDR81		Nucleoplasm
Q6UXN9	WDR82		Nucleoli rim
Q9BRX9	WDR83		Nucleoplasm, Vesicles
Q9Y284	WDR83OS		Endoplasmic reticulum
Q86TI4	WDR86		Nucleoplasm
Q6ZMY6	WDR88		Nucleoplasm, Golgi apparatus
Q96FK6	WDR89		Intermediate filaments, Cytosol
Q96KV7	WDR90		Centrosome, Basal body
Q6P2C0	WDR93		Actin filaments
Q8N9V3	WDSUB1		Nucleoli
Q8N5D0	WDTC1		Vesicles
P30291	WEE1		Nucleoli
P0C1S8	WEE2		Nucleoplasm
Q8IUB3	WFDC10B	Secreted in male reproductive system	Vesicles
Q8TF30	WHAMM		Cytosol
O43516	WIPF1		Cytosol
A6NGB9	WIPF3		Mitochondria
Q5MNZ9	WIPI1		Golgi apparatus
Q9Y4P8	WIPI2		Cytosol
O95785	WIZ		Nucleoplasm
Q5T9L3	WLS		Endoplasmic reticulum, Cytosol
Q9H4A3	WNK1		Cytosol
Q9Y3S1	WNK2		Cytosol
Q9BYP7	WNK3		Vesicles
O00744	WNT10B	Secreted to extracellular matrix	Golgi apparatus
P09544	WNT2	Secreted to extracellular matrix	Vesicles
Q93097	WNT2B	Secreted to extracellular matrix	Vesicles
P56703	WNT3	Secreted to extracellular matrix	Vesicles
P56704	WNT3A	Secreted to extracellular matrix	Vesicles
P56705	WNT4	Secreted to extracellular matrix	Vesicles
P41221	WNT5A	Secreted to extracellular matrix	Microtubules, Mitotic spindle, Primary cilium
Q9H1J7	WNT5B	Secreted to extracellular matrix	Vesicles
O14905	WNT9B	Secreted to extracellular matrix	Vesicles
Q9BUR4	WRAP53		Nuclear bodies
Q9P2S5	WRAP73		Mid piece, Principal piece
Q14191	WRN		Nuclear speckles
Q96S55	WRNIP1		Nucleoplasm
Q9Y6I7	WSB1		Mitochondria
Q658N2	WSCD1		Nucleoplasm
Q2TBF2	WSCD2		Nucleoplasm
P19544	WT1		Nucleoplasm
Q15007	WTAP		Nuclear speckles
Q8IX03	WWC1		Golgi apparatus
Q6AWC2	WWC2		Microtubules
Q9ULE0	WWC3		Cytosol
Q9NZC7	WWOX		Golgi apparatus
Q9H0M0	WWP1		Cytosol
Q9GZV5	WWTR1		Nucleoplasm, Nuclear bodies
Q9HCS7	XAB2		Nucleoplasm
Q6GPH4	XAF1		Nucleoplasm, Mitochondria
Q9HD64	XAGE1A		Nucleoplasm
	XAGE1B		Nucleoplasm
Q96GT9	XAGE2		Vesicles
Q8WTP9	XAGE3		Vesicles
Q8WWM1	XAGE5		Nucleoplasm, Vesicles
P47989	XDH	Intracellular and membrane	Nucleoplasm
P98170	XIAP		Nucleoplasm, Cytosol
Q702N8	XIRP1		Actin filaments
A4UGR9	XIRP2		Plasma membrane
P51811	XK		Mitochondria
Q5GH76	XKR4		Vesicles
Q5GH73	XKR6		Actin filaments
Q9H6D3	XKR8		Golgi apparatus
Q5GH70	XKR9		Mitochondria
Q6ZNB5	XNDC1N		Nucleoli
P23025	XPA		Nuclear bodies
Q01831	XPC		Nucleoplasm
Q9NQW7	XPNPEP1		Cytosol
O43895	XPNPEP2	Intracellular and membrane	Plasma membrane, Cytosol
Q9NQH7	XPNPEP3		Mitochondria
O14980	XPO1		Nucleoplasm, Nuclear membrane
Q9C0E2	XPO4		Nucleoplasm
Q9HAV4	XPO5		Nucleoplasm
Q96QU8	XPO6		Nucleoplasm, Nucleoli
O43592	XPOT		Nucleoplasm
P18887	XRCC1		Nucleoplasm
O43543	XRCC2		Nucleoplasm, Vesicles
O43542	XRCC3		Nucleoplasm
Q13426	XRCC4		Nucleoplasm
P13010	XRCC5		Nucleoplasm
P12956	XRCC6		Nucleoplasm
Q8IZH2	XRN1		Plasma membrane, Cytosol
Q9H0D6	XRN2		Nucleoli
Q6P2D8	XRRA1		Nucleoplasm
O75191	XYLB		Nuclear speckles
Q86Y38	XYLT1	Secreted to blood	Plasma membrane
Q9NRH1	YAE1		Cytosol
Q8IY57	YAF2		Nucleoplasm
P46937	YAP1		Nucleoplasm
P54577	YARS1		Cytosol
Q9Y2Z4	YARS2		Mitochondria
P58557	YBEY		Nucleoplasm
P67809	YBX1	Intracellular and membrane	Cytosol
P16989	YBX3		Cytosol
A8MPS7	YDJC		Golgi apparatus, Vesicles
Q9ULM3	YEATS2		Nucleoplasm
O95619	YEATS4		Nucleoplasm
P07947	YES1		Plasma membrane, Cytosol
O95070	YIF1A		Golgi apparatus, Vesicles
Q5BJH7	YIF1B		Golgi apparatus, Vesicles
Q9Y548	YIPF1		Golgi apparatus
Q9BWQ6	YIPF2		Golgi apparatus, Mitochondria
Q9GZM5	YIPF3		Golgi apparatus
Q9BSR8	YIPF4		Golgi apparatus
Q969M3	YIPF5		Endoplasmic reticulum, Golgi apparatus, Vesicles
Q96EC8	YIPF6		Vesicles
A6XGL0	YJEFN3		Mitochondria
Q9BW85	YJU2		Nucleoplasm
P13994	YJU2B		Vesicles
O15498	YKT6		Cytosol
P49750	YLPM1		Nuclear speckles
Q96TA2	YME1L1		Mitochondria
Q5VVQ6	YOD1		Nucleoplasm, Plasma membrane, Cytosol
P62699	YPEL5		Cytosol
Q86U90	YRDC		Mitochondria
Q96MU7	YTHDC1		Nucleoplasm
Q9H6S0	YTHDC2		Nucleoplasm
Q9Y5A9	YTHDF2		Cytosol
P31946	YWHAB		Cytosol
P62258	YWHAE		Cytosol
P61981	YWHAG		Cytosol
Q04917	YWHAH		Cytosol
P27348	YWHAQ		Cytosol
P63104	YWHAZ		Cytosol
P25490	YY1		Nucleoplasm
Q9H869	YY1AP1		Nucleoli fibrillar center
O15391	YY2		Nucleoplasm, Nuclear bodies
A6NP61	ZAR1L		Nucleoplasm
A8MT70	ZBBX		Golgi apparatus
O96006	ZBED1		Nucleoplasm, Centrosome
Q9BTP6	ZBED2		Mitochondria, Cytosol
Q96IU2	ZBED3	Secreted to blood	Plasma membrane
O75132	ZBED4		Nucleoplasm
Q49AG3	ZBED5		Golgi apparatus
P86452	ZBED6		Nucleoplasm
Q8IZ13	ZBED8		Nucleoplasm
Q6R2W3	ZBED9		Nucleoli
Q9Y2K1	ZBTB1		Nucleoplasm
Q96DT7	ZBTB10		Nucleoplasm
O95625	ZBTB11		Nucleoplasm
Q9Y330	ZBTB12		Nucleoplasm
O43829	ZBTB14		Nucleoplasm
Q99592	ZBTB18		Nucleoplasm, Nuclear speckles
Q8N680	ZBTB2		Nucleoplasm, Cytosol
Q9HC78	ZBTB20		Nucleoplasm, Nuclear bodies
Q9ULJ3	ZBTB21		Nucleoplasm
O15209	ZBTB22		Nucleoplasm
O43167	ZBTB24		Nucleoplasm
P24278	ZBTB25		Nucleoplasm
Q9H5J0	ZBTB3		Mitochondria
Q86T24	ZBTB33		Nucleoplasm, Plasma membrane, Cytosol
Q8NCN2	ZBTB34		Nucleoplasm
Q5TC79	ZBTB37		Nucleoplasm, Nucleoli fibrillar center
Q8NAP3	ZBTB38		Nucleoplasm
O15060	ZBTB39		Vesicles
Q9P1Z0	ZBTB4		Nuclear bodies
Q9NUA8	ZBTB40		Nucleoplasm
Q5SVQ8	ZBTB41		Nuclear membrane
B2RXF5	ZBTB42		Nucleoplasm
O43298	ZBTB43		Nucleoplasm, Nucleoli
Q8NCP5	ZBTB44		Nucleoplasm
Q96K62	ZBTB45		Cytosol
Q86UZ6	ZBTB46		Nucleoplasm
Q9UFB7	ZBTB47		Nucleoplasm
P10074	ZBTB48		Nucleoplasm
Q6ZSB9	ZBTB49		Nucleoplasm
O15062	ZBTB5		Nucleoplasm, Nuclear bodies
Q15916	ZBTB6		Nucleoplasm
O95365	ZBTB7A		Nucleoplasm
O15156	ZBTB7B		Nucleoplasm
Q96BR9	ZBTB8A		Nuclear speckles, Focal adhesion sites
Q8NAP8	ZBTB8B		Nucleoplasm
Q8IWT0	ZBTB8OS		Plasma membrane
Q96C00	ZBTB9		Nucleoplasm
Q96GY0	ZC2HC1A		Cytosol
Q53FD0	ZC2HC1C		Nuclear speckles
Q96K80	ZC3H10		Vesicles
O75152	ZC3H11A		Nuclear speckles
A0A1B0GTU1	ZC3H11B		Nuclear speckles
P0DQW0	ZC3H11C		Nuclear speckles
Q5D1E8	ZC3H12A		Cytoplasmic bodies
Q5HYM0	ZC3H12B		Nucleoli fibrillar center
Q9C0D7	ZC3H12C		Nuclear membrane, Golgi apparatus
A2A288	ZC3H12D		Nucleoplasm, Cytoplasmic bodies
Q5T200	ZC3H13		Nucleoplasm
Q6PJT7	ZC3H14		Nuclear speckles
Q8WU90	ZC3H15		Cytosol
Q86VM9	ZC3H18		Nuclear speckles
Q8IXZ2	ZC3H3		Nucleoplasm
Q9UPT8	ZC3H4		Nucleoplasm
P61129	ZC3H6		Nucleoplasm, Golgi apparatus
Q8IWR0	ZC3H7A		Cytosol
Q9UGR2	ZC3H7B		Cytosol
Q8N5P1	ZC3H8		Nucleoplasm
Q7Z2W4	ZC3HAV1		Cytosol
Q96H79	ZC3HAV1L		Cytosol
Q86WB0	ZC3HC1		Nucleoplasm, Nuclear membrane
Q9NQZ6	ZC4H2		Vesicles, Microtubules, Primary cilium
Q8TBK6	ZCCHC10		Nucleoli rim
Q6PEW1	ZCCHC12		Nuclear bodies
Q8WYQ9	ZCCHC14		Nuclear membrane
P0CG32	ZCCHC18		Vesicles
Q9C0B9	ZCCHC2		Nucleoli
Q8N2G6	ZCCHC24		Mitochondria
Q9NUD5	ZCCHC3		Vesicles
Q9H5U6	ZCCHC4		Nuclear speckles, Golgi apparatus
Q8N3Z6	ZCCHC7		Nucleoli, Cytosol
Q6NZY4	ZCCHC8		Nucleoplasm
Q8N567	ZCCHC9		Nucleoplasm
Q9H0M4	ZCWPW1		Golgi apparatus
Q504Y3	ZCWPW2		Nuclear speckles
Q9HCK1	ZDBF2		Nucleoplasm
Q8WTX9	ZDHHC1		Cytosol
Q9H8X9	ZDHHC11		Golgi apparatus
P0C7U3	ZDHHC11B		Golgi apparatus
Q96GR4	ZDHHC12		Nucleoplasm
Q8IUH4	ZDHHC13		Vesicles
Q8IZN3	ZDHHC14		Vesicles
Q96MV8	ZDHHC15		Nuclear speckles
Q969W1	ZDHHC16		Nucleoplasm
Q8IUH5	ZDHHC17		Golgi apparatus
Q9NUE0	ZDHHC18		Cytosol
Q9UIJ5	ZDHHC2		Plasma membrane
Q5W0Z9	ZDHHC20		Vesicles, Plasma membrane
Q8IVQ6	ZDHHC21		Golgi apparatus, Cytosol
Q8N966	ZDHHC22		Plasma membrane
Q8IYP9	ZDHHC23		Nucleoplasm
Q6UX98	ZDHHC24		Vesicles, Cytosol
Q9NYG2	ZDHHC3		Golgi apparatus
Q9C0B5	ZDHHC5		Nucleoplasm, Plasma membrane
Q9NXF8	ZDHHC7		Golgi apparatus
Q9ULC8	ZDHHC8		Cytosol
Q9Y397	ZDHHC9		Endoplasmic reticulum, Golgi apparatus
P37275	ZEB1		Nucleoplasm
O60315	ZEB2		Nucleoplasm, Nucleoli
Q7Z7L7	ZER1		Cytosol
Q8TCF1	ZFAND1		Centrosome, Cytosol
Q8WV99	ZFAND2B		Nucleoli, Nucleoli rim
Q9H8U3	ZFAND3		Nucleoplasm, Vesicles
Q86XD8	ZFAND4		Golgi apparatus
O76080	ZFAND5		Nucleoplasm
Q6FIF0	ZFAND6		Nucleoplasm
Q9P243	ZFAT		Nuclear bodies
O60293	ZFC3H1		Nucleoplasm
Q9C0A1	ZFHX2		Nucleoli fibrillar center
Q15911	ZFHX3		Nucleoplasm
Q86UP3	ZFHX4		Nucleoplasm, Nucleoli fibrillar center
Q6P2D0	ZFP1		Nucleoplasm
Q9HCL3	ZFP14		Nuclear speckles
Q8NHY6	ZFP28		Nucleoplasm
Q96NJ6	ZFP3		Nucleoplasm, Cytosol
Q9Y2G7	ZFP30		Cytosol
P16415	ZFP36		Intermediate filaments
P26651	ZFP36		Intermediate filaments
Q9Y6Q3	ZFP37		Nucleoplasm
Q8N8Y5	ZFP41		Nucleoli, Nucleoli rim
Q8NB50	ZFP62		Nucleoplasm
Q9NTW7	ZFP64		Nucleoplasm
Q49AA0	ZFP69		Nucleoplasm
Q9UJL9	ZFP69B		Nucleoplasm
Q8N141	ZFP82		Nucleoplasm, Cytosol
Q8TF47	ZFP90		Vesicles, Plasma membrane, Centrosome
Q96JP5	ZFP91		Nucleoplasm, Nucleoli
O95159	ZFPL1		Golgi apparatus
Q8IX07	ZFPM1		Nucleoplasm
Q8WW38	ZFPM2		Nucleoplasm
Q96KR1	ZFR		Nucleoplasm
Q9UPR6	ZFR2		Nucleoplasm
C9JLR9	ZFTA		Intermediate filaments
P0DTL6	ZFTRAF1		Nucleoplasm
P17010	ZFX		Nucleoplasm
P08048	ZFY		Nucleoplasm
Q9HBF4	ZFYVE1		Endoplasmic reticulum
Q7Z3T8	ZFYVE16		Vesicles, Cytosol
Q5T4F4	ZFYVE27		Nucleoplasm, Vesicles
Q9HCC9	ZFYVE28		Plasma membrane, Cytosol
O95405	ZFYVE9		Vesicles, Cytosol
O60844	ZG16	Secreted to digestive system	Annulus
Q96DA0	ZG16B	Secreted to digestive system	Vesicles
P0C6A0	ZGLP1		Nucleoplasm, Vesicles
Q8N5A5	ZGPAT		Nucleoplasm, Plasma membrane
Q86YA3	ZGRF1		Nucleoplasm
Q9UKY1	ZHX1		Nucleoplasm
	ZHX1-C8orf76		Nucleoplasm
Q9Y6X8	ZHX2		Nucleoplasm
Q9H4I2	ZHX3		Nucleoplasm
Q15915	ZIC1		Nucleoplasm
O95409	ZIC2		Nuclear bodies
O60481	ZIC3		Nucleoplasm
Q8N9L1	ZIC4		Nucleoplasm
Q96T25	ZIC5		Nucleoplasm, Vesicles
Q3SY52	ZIK1		Intermediate filaments
Q9NZV7	ZIM2		Nuclear speckles
P17029	ZKSCAN1		Nucleoplasm, Nuclear bodies
Q63HK3	ZKSCAN2		Nucleoplasm
Q9BRR0	ZKSCAN3		Nucleoplasm
Q969J2	ZKSCAN4		Nucleoplasm
Q9Y2L8	ZKSCAN5		Intermediate filaments
Q9P0L1	ZKSCAN7		Cytosol
Q15776	ZKSCAN8		Nucleoplasm
Q5H9K5	ZMAT1		Nucleoplasm
Q96NC0	ZMAT2		Nucleoplasm, Mitochondria
Q9HA38	ZMAT3		Nucleoplasm
Q9H898	ZMAT4		Nucleoplasm, Nucleoli
Q9UDW3	ZMAT5		Nucleoplasm
Q9ULJ6	ZMIZ1		Nucleoplasm
Q8NF64	ZMIZ2		Nucleoplasm
Q5SVZ6	ZMYM1		Centriolar satellite
Q9UBW7	ZMYM2		Nucleoplasm
Q14202	ZMYM3		Nucleoplasm
Q5VZL5	ZMYM4		Nucleoplasm
Q9UJ78	ZMYM5		Nucleoplasm
O95789	ZMYM6		Nucleoplasm
O75800	ZMYND10		Plasma membrane, Basal body
Q15326	ZMYND11		Nucleoplasm
Q9H0C1	ZMYND12		Nucleoplasm
Q9H091	ZMYND15		Nuclear speckles
Q96E35	ZMYND19		Golgi apparatus, Vesicles
Q9ULU4	ZMYND8		Nucleoli
P21506	ZNF10		Vesicles, Plasma membrane
Q9H2Y7	ZNF106		Nucleoli
Q9UJU3	ZNF112		Nucleoplasm
Q8NC26	ZNF114		Nucleoplasm, Cytosol
Q03924	ZNF117		Nucleoli fibrillar center, Cytosol
P17014	ZNF12		Nucleoplasm
P58317	ZNF121		Nucleoplasm, Centrosome
Q15973	ZNF124		Nucleoplasm, Nuclear membrane
P52739	ZNF131		Nucleoplasm
P52740	ZNF132		Vesicles
P52736	ZNF133		Nucleoplasm, Vesicles
P52741	ZNF134		Nucleoplasm
P52742	ZNF135		Cytosol
P52737	ZNF136		Nucleoli
P17017	ZNF14		Nucleoplasm, Cytosol
P52738	ZNF140		Nucleoplasm
P52746	ZNF142		Nucleoli fibrillar center
P52747	ZNF143		Nucleoplasm
Q15072	ZNF146		Nucleoli
Q9UQR1	ZNF148		Nucleoplasm
Q13106	ZNF154		Nucleoplasm, Nucleoli fibrillar center
Q12901	ZNF155		Nucleoplasm, Cytosol
P51786	ZNF157		Nucleoplasm
P17020	ZNF16		Nucleoli
Q9HCG1	ZNF160		Nuclear speckles
P49910	ZNF165		Nuclear speckles, Microtubules
Q14929	ZNF169		Nuclear speckles
Q15697	ZNF174		Nucleoli fibrillar center
Q9Y473	ZNF175		Nucleoli
P17022	ZNF18		Nucleoplasm, Golgi apparatus
Q9UJW8	ZNF180		Nucleoplasm
Q2M3W8	ZNF181		Nucleoplasm
P17025	ZNF182		Nucleoplasm
Q99676	ZNF184		Nucleoplasm
O15231	ZNF185		Plasma membrane, Cytosol
O75820	ZNF189		Intermediate filaments
P17023	ZNF19		Mitochondria
O14628	ZNF195		Nucleoplasm
O14709	ZNF197		Nucleoplasm
Q9BSG1	ZNF2		Plasma membrane, Cytosol
P17024	ZNF20		Nuclear membrane
P98182	ZNF200		Mitochondria
O95125	ZNF202		Nucleoli rim, Mitotic chromosome
O95201	ZNF205		Nucleoplasm
O43670	ZNF207		Nucleoplasm
O43345	ZNF208		Golgi apparatus
Q13398	ZNF211		Mitochondria
Q9UDV6	ZNF212		Nucleoplasm
O14771	ZNF213		Nucleoplasm, Nuclear membrane
Q9UL59	ZNF214		Nucleoplasm
Q9UL58	ZNF215		Nucleoplasm, Vesicles
O75362	ZNF217		Nuclear speckles
Q9P2Y4	ZNF219		Nucleoplasm
P17026	ZNF22		Nucleoplasm
Q9UK13	ZNF221		Nuclear bodies
Q9UK12	ZNF222		Nucleoplasm
Q9UK11	ZNF223		Nucleoplasm
Q9NZL3	ZNF224		Nuclear membrane
Q9UK10	ZNF225		Nucleoplasm
Q9NYT6	ZNF226		Nuclear bodies
Q86WZ6	ZNF227		Plasma membrane
Q9UJW7	ZNF229		Vesicles
P17027	ZNF23		Cytosol
Q9UIE0	ZNF230		Mitochondria
Q9UNY5	ZNF232		Nucleoplasm
A6NK53	ZNF233		Nucleoplasm
Q14588	ZNF234		Nuclear bodies
Q14590	ZNF235		Nucleoplasm
Q9UL36	ZNF236		Nucleoplasm, Cell Junctions
Q16600	ZNF239		Nuclear bodies
P17028	ZNF24		Nucleoplasm
Q8NDW4	ZNF248		Nucleoplasm
P17030	ZNF25		Nucleoplasm, Golgi apparatus
P15622	ZNF250		Nuclear speckles
Q9BRH9	ZNF251		Nucleoplasm
Q9Y2P7	ZNF256		Nucleoplasm
P17031	ZNF26		Mitochondria
Q3ZCT1	ZNF260		Nucleoplasm, Cytosol
O14978	ZNF263		Cytosol
O43296	ZNF264		Nucleoplasm
Q14584	ZNF266		Vesicles
Q14586	ZNF267		Nucleoplasm
Q14587	ZNF268		Cytosol
Q14593	ZNF273		Nucleoplasm
Q96GC6	ZNF274		Nucleoplasm
Q9NSD4	ZNF275		Nucleoli
Q8N554	ZNF276		Nucleoplasm, Cytosol
Q9NRM2	ZNF277		Nucleoplasm
P59817	ZNF280A		Nucleoplasm
Q86YH2	ZNF280B		Nucleoplasm
Q8ND82	ZNF280C		Nucleoplasm, Nucleoli fibrillar center
Q6N043	ZNF280D		Nucleoplasm, Cytosol
Q9Y2X9	ZNF281		Nucleoplasm
Q9UDV7	ZNF282		Nucleoplasm
Q8N7M2	ZNF283		Nucleoplasm
Q9HBT8	ZNF286A		Nucleoli
Q9HBT7	ZNF287		Golgi apparatus
O60281	ZNF292		Nucleoplasm, Nuclear membrane
Q8WUU4	ZNF296		Nucleoplasm
P17036	ZNF3		Nucleoplasm
P17039	ZNF30		Nucleoplasm
Q96RE9	ZNF300		Nucleoplasm
Q9NR11	ZNF302		Nucleoplasm
Q9HCX3	ZNF304		Nuclear speckles
Q96PQ6	ZNF317		Nucleoplasm
Q5VUA4	ZNF318		Nucleoplasm
Q9P2F9	ZNF319		Nucleoplasm
P17041	ZNF32		Nucleoplasm, Nuclear bodies
A2RRD8	ZNF320		Nucleoplasm
Q6U7Q0	ZNF322		Nucleoplasm
O75467	ZNF324		Nucleoplasm, Nuclear membrane, Cytosol
Q6AW86	ZNF324B		Nucleoli
Q5BKZ1	ZNF326		Nucleoplasm
Q86UD4	ZNF329		Nucleoplasm
Q9Y3S2	ZNF330		Nucleoli
Q9NQX6	ZNF331		Nucleoplasm
Q96JL9	ZNF333		Nucleoplasm
Q9HCZ1	ZNF334		Nucleoplasm
Q9H4Z2	ZNF335		Nucleoplasm
Q9Y3M9	ZNF337		Plasma membrane
Q06730	ZNF33A		Nucleoli fibrillar center, Endoplasmic reticulum
Q06732	ZNF33B		Nucleoli fibrillar center, Endoplasmic reticulum
Q8IZ26	ZNF34		Nucleoplasm
Q9BYN7	ZNF341		Nucleoplasm, Vesicles
Q6P1L6	ZNF343		Nucleoplasm
Q9UL40	ZNF346		Nucleoplasm
Q96SE7	ZNF347		Microtubules
P13682	ZNF35		Nucleoplasm
Q9GZX5	ZNF350		Nucleoplasm
O60765	ZNF354A		Nucleoplasm, Nucleoli
Q96LW1	ZNF354B		Nucleoplasm
Q86Y25	ZNF354C		Nucleoplasm
Q9NW07	ZNF358		Nucleoplasm
Q5T0B9	ZNF362		Nucleoplasm
Q70YC4	ZNF365		Centriolar satellite, Centrosome
Q70YC5	ZNF365		Centriolar satellite, Centrosome
Q8N895	ZNF366		Nucleoplasm
Q7RTV3	ZNF367		Nucleoplasm
P17032	ZNF37A		Vesicles
Q96SR6	ZNF382		Nuclear speckles
Q8NA42	ZNF383		Nucleoplasm, Nuclear membrane
Q8TF68	ZNF384		Nucleoplasm
Q96PM9	ZNF385A		Cytosol
Q569K4	ZNF385B		Nucleoli fibrillar center
Q53GI3	ZNF394		Nucleoplasm
Q9H8N7	ZNF395		Nucleoplasm
Q8NF99	ZNF397		Nucleoli, Plasma membrane, Cytosol
Q8TD17	ZNF398		Nucleoplasm, Nuclear membrane
Q494X3	ZNF404		Nucleoli, Nucleoli rim
Q9C0G0	ZNF407		Nucleoplasm
Q9H9D4	ZNF408		Centriolar satellite, Cytosol
P51814	ZNF41		Nucleoplasm
Q86VK4	ZNF410		Nucleoplasm
Q96IQ9	ZNF414		Nucleoplasm
Q09FC8	ZNF415		Nucleoli fibrillar center, Microtubules
Q9BWM5	ZNF416		Nucleoplasm
Q8TAU3	ZNF417		Nucleoplasm
Q8TF45	ZNF418		Nucleoplasm
Q96HQ0	ZNF419		Nucleoplasm
Q8TAQ5	ZNF420		Nucleoplasm
Q2M1K9	ZNF423		Nucleoplasm
Q6IV72	ZNF425		Nucleoplasm
Q9BUY5	ZNF426		Nucleoplasm
Q96B54	ZNF428		Mitochondria
Q86V71	ZNF429		Nucleoplasm
O94892	ZNF432		Nucleoplasm
Q8N7K0	ZNF433	Intracellular and membrane	Nuclear bodies
Q9C0F3	ZNF436		Nucleoplasm, Cytosol
Q7Z4V0	ZNF438		Nucleoplasm
Q8NDP4	ZNF439		Nucleoplasm
P15621	ZNF44		Nucleoplasm
Q8IYI8	ZNF440		Nucleoplasm
Q8N8Z8	ZNF441		Nuclear speckles
Q9H7R0	ZNF442		Nuclear membrane
Q9Y2A4	ZNF443		Nucleoplasm
Q8N0Y2	ZNF444		Nucleoplasm
P59923	ZNF445		Nucleoplasm
Q9NWS9	ZNF446		Nuclear speckles
Q6P9G9	ZNF449		Nucleoplasm, Cytosol
Q02386	ZNF45		Nucleoplasm
Q9Y4E5	ZNF451		Nucleoplasm
Q14592	ZNF460		Nucleoplasm
Q8TAF7	ZNF461		Golgi apparatus
Q96JM2	ZNF462		Nucleoplasm
Q7Z7K2	ZNF467		Mitochondria
Q96JG9	ZNF469		Nucleoplasm
Q6ECI4	ZNF470		Nucleoplasm, Nuclear bodies
Q9BX82	ZNF471		Nucleoplasm
Q8WTR7	ZNF473		Nucleoplasm
Q6S9Z5	ZNF474		Nuclear membrane
Q96MX3	ZNF48		Mitochondria
Q8WV37	ZNF480		Nucleoplasm
Q8TF39	ZNF483		Nucleoli
Q5JVG2	ZNF484		Nucleoplasm
B1APH4	ZNF487		Nuclear membrane
Q96MN9	ZNF488		Nucleoplasm, Cytosol
Q96IT1	ZNF496		Nucleoplasm
Q6ZNH5	ZNF497		Nucleoplasm
O60304	ZNF500		Nucleoplasm
Q96CX3	ZNF501		Endoplasmic reticulum
Q96F45	ZNF503		Plasma membrane, Cytosol
Q8TCN5	ZNF507		Nucleoli
Q9Y2H8	ZNF510		Nucleoplasm
Q8NB15	ZNF511		Nuclear bodies
	ZNF511-PRAP1		Nuclear bodies
Q96ME7	ZNF512		Nucleoplasm
Q96KM6	ZNF512B		Nucleoplasm
Q96K75	ZNF514		Nuclear bodies
Q92618	ZNF516		Nucleoplasm
Q6ZMY9	ZNF517		Nucleoplasm
Q6AHZ1	ZNF518A		Nucleoplasm
Q9C0D4	ZNF518B		Nucleoplasm
Q8TB69	ZNF519		Nucleoli
Q96K83	ZNF521		Nucleoplasm
Q96C55	ZNF524		Nucleoplasm
Q8TF50	ZNF526		Nucleoplasm, Golgi apparatus, Vesicles
Q8NB42	ZNF527		Nuclear speckles
Q3MIS6	ZNF528		Nuclear speckles
Q6P280	ZNF529		Nucleoplasm
Q6P9A1	ZNF530		Vesicles
Q9HCE3	ZNF532		Nucleoplasm
Q76KX8	ZNF534		Mitochondria
O15090	ZNF536		Nucleoplasm, Cell Junctions
Q8NDQ6	ZNF540		Nucleoplasm
Q9H0D2	ZNF541		Nucleoplasm
Q08ER8	ZNF543		Nucleoplasm
Q6NX49	ZNF544		Nucleoplasm
Q86UE3	ZNF546		Nucleoplasm
Q8NEK5	ZNF548		Nucleoplasm
Q6P9A3	ZNF549		Nucleoplasm
Q7Z398	ZNF550		Vesicles
Q7Z340	ZNF551		Nucleoplasm, Nuclear speckles
Q9H707	ZNF552		Nucleoplasm
Q86TJ5	ZNF554		Nucleoplasm
Q9HAH1	ZNF556		Nucleoplasm
Q8N988	ZNF557		Nucleoplasm, Intermediate filaments
Q9BR84	ZNF559		Nucleoplasm
Q96MR9	ZNF560		Nucleoplasm
Q8N587	ZNF561		Nucleoplasm
Q6V9R5	ZNF562		Nucleoplasm
Q8TA94	ZNF563		Vesicles
Q8TBZ8	ZNF564		Golgi apparatus
Q8N9K5	ZNF565		Nucleoplasm, Nuclear bodies
Q969W8	ZNF566		Nucleoplasm
Q8N184	ZNF567		Nucleoplasm
Q3ZCX4	ZNF568		Nucleoplasm
Q5MCW4	ZNF569		Nucleoplasm, Golgi apparatus, Vesicles
Q68EA5	ZNF57		Nucleoli
Q96NI8	ZNF570		Nucleoplasm
Q7Z3V5	ZNF571		Nucleoplasm, Nucleoli
Q7Z3I7	ZNF572		Nuclear speckles
Q86YE8	ZNF573		Intermediate filaments
Q6ZN55	ZNF574		Nucleoplasm
Q86XF7	ZNF575		Nucleoplasm
Q9H609	ZNF576		Nucleoplasm, Golgi apparatus
Q9BSK1	ZNF577		Nucleoplasm, Nucleoli
Q8NAF0	ZNF579		Nucleoplasm
Q9UK33	ZNF580		Nucleoplasm
Q9P0T4	ZNF581		Nucleoplasm, Vesicles
Q96NG8	ZNF582		Cytosol
Q96ND8	ZNF583		Nucleoli
Q8IVC4	ZNF584		Nuclear speckles
Q52M93	ZNF585B		Nucleoplasm, Cytoplasmic bodies
Q9NXT0	ZNF586		Nucleoli fibrillar center
Q96SQ5	ZNF587		Nucleoplasm
E7ETH6	ZNF587B		Nucleoplasm
Q86UQ0	ZNF589		Nucleoplasm
Q92610	ZNF592		Nucleoplasm
O00488	ZNF593		Nucleoli
Q96JF6	ZNF594		Nucleoplasm
Q8TC21	ZNF596		Nucleoli, Mitochondria
Q96LX8	ZNF597		Nucleoplasm, Nucleoli
Q86UK7	ZNF598		Plasma membrane, Cytosol
Q96NL3	ZNF599		Plasma membrane, Cytosol
Q86T29	ZNF605		Nucleoplasm
Q8WXB4	ZNF606		Nucleoplasm
Q96SK3	ZNF607		Nucleoplasm
Q9ULD9	ZNF608		Nucleoplasm
O15014	ZNF609		Nucleoplasm
Q8N9Z0	ZNF610		Nucleoplasm
Q6PF04	ZNF613		Nucleoplasm
Q8N883	ZNF614		Nucleoplasm
Q8N8J6	ZNF615		Mitochondria
Q08AN1	ZNF616		Centrosome
Q5T7W0	ZNF618		Nucleoplasm
Q8N2I2	ZNF619		Nucleoplasm
Q6ZNG0	ZNF620		Centrosome
Q6ZSS3	ZNF621		Nuclear speckles
Q969S3	ZNF622		Cytosol
O75123	ZNF623		Nucleoplasm
Q9P2J8	ZNF624		Vesicles
Q96I27	ZNF625		Mitochondria
Q68DY1	ZNF626		Nuclear membrane, Vesicles
Q7L945	ZNF627		Nucleoplasm
Q5EBL2	ZNF628		Nucleoplasm
Q9UEG4	ZNF629		Nucleoplasm
Q2M218	ZNF630		Nucleoplasm
Q14966	ZNF638		Nucleoplasm
Q9UID6	ZNF639		Nucleoplasm
Q96N77	ZNF641		Nucleoplasm
Q9H582	ZNF644		Vesicles
O15015	ZNF646		Nucleoplasm, Plasma membrane, Cytosol
Q9Y2D9	ZNF652		Nucleoplasm
Q96CK0	ZNF653		Nucleoplasm
Q8IZM8	ZNF654		Microtubules
Q8N720	ZNF655		Nucleoplasm
Q5TYW1	ZNF658		Nucleoplasm
Q6AZW8	ZNF660		Nucleoli fibrillar center, Cytosol
Q6ZS27	ZNF662		Nuclear bodies, Cytosol
Q8N3J9	ZNF664		Nucleoplasm
Q9H7R5	ZNF665		Nuclear membrane
Q5HYK9	ZNF667		Nucleoplasm
Q96K58	ZNF668		Nucleoli, Nucleoli rim
Q9BS34	ZNF670		Nucleoplasm
Q8TAW3	ZNF671		Nucleoplasm
Q499Z4	ZNF672		Nucleoplasm
Q2M3X9	ZNF674		Nucleoplasm
Q86XU0	ZNF677		Nucleoplasm
Q5SXM1	ZNF678		Nucleoli
Q8NEM1	ZNF680		Nucleoplasm
O95780	ZNF682		Golgi apparatus
Q5T5D7	ZNF684		Cytosol
Q8N1G0	ZNF687		Nucleoplasm
P0C7X2	ZNF688		Nucleoplasm
C0HLU2	ZNF689		Nucleoplasm, Nucleoli fibrillar center
Q96CS4	ZNF689		Nucleoplasm, Nucleoli fibrillar center
Q9UC07	ZNF69		Nucleoplasm
Q5VV52	ZNF691		Nucleoplasm
Q9BU19	ZNF692		Nucleoplasm, Nucleoli
Q8IW36	ZNF695		Nuclear speckles
Q9H7X3	ZNF696		Nucleoplasm
Q5TEC3	ZNF697		Nucleoplasm
P17097	ZNF7		Mitochondria
Q9UC06	ZNF70		Cytosol
Q9H0M5	ZNF700		Nucleoplasm
Q9NV72	ZNF701		Nucleoplasm
Q6ZNC4	ZNF704		Nucleoplasm
Q9Y5V0	ZNF706		Plasma membrane
Q96C28	ZNF707		Nucleoplasm
Q8N972	ZNF709		Nucleoplasm
Q9NQZ8	ZNF71		Nucleoli
Q8N1W2	ZNF710		Mitochondria
Q9Y462	ZNF711		Nucleoplasm
Q8N859	ZNF713		Nucleoli
Q9BY31	ZNF717		Nucleoplasm, Nuclear bodies
Q8TF20	ZNF721		Cytosol
A8MUV8	ZNF727		Nucleoplasm
P0DKX0	ZNF728		Nucleoli fibrillar center
B4DX44	ZNF736		Nucleoplasm
Q16587	ZNF74		Nucleoplasm
Q8NDX6	ZNF740		Nucleoplasm
Q6NUN9	ZNF746		Nucleoplasm, Cytosol
Q9BV97	ZNF747		Centrosome, Cytosol
O43361	ZNF749		Nucleoplasm, Nuclear membrane
Q96N20	ZNF75A		Nucleoplasm
P51815	ZNF75D		Nucleoplasm, Golgi apparatus
P36508	ZNF76		Nucleoplasm
Q0D2J5	ZNF763		Nucleoplasm
Q96H86	ZNF764		Cytosol
Q5HY98	ZNF766		Centrosome
Q9H5H4	ZNF768		Nucleoplasm
Q15935	ZNF77		Nucleoplasm, Nucleoli
Q6IQ21	ZNF770		Nucleoplasm
Q7L3S4	ZNF771		Nucleoplasm, Nucleoli
Q68DY9	ZNF772		Cytosol
Q6PK81	ZNF773		Nucleoplasm
Q6NX45	ZNF774		Intermediate filaments
Q68DI1	ZNF776		Nucleoplasm
Q9ULD5	ZNF777		Nucleoplasm
Q96MU6	ZNF778		Nuclear bodies
O75290	ZNF780A		Nucleoplasm
Q9Y6R6	ZNF780B		Nucleoplasm
Q6ZMW2	ZNF782		Nucleoplasm, Mitochondria
Q6ZMS7	ZNF783		Plasma membrane, Cytosol
Q8NCA9	ZNF784		Nucleoplasm
A8K8V0	ZNF785		Cytosol
Q8N393	ZNF786		Nucleoplasm, Nuclear speckles
Q6DD87	ZNF787		Nucleoplasm
Q5FWF6	ZNF789		Nucleoplasm
Q15937	ZNF79		Cytosol
Q6PG37	ZNF790		Nucleoli
Q3KP31	ZNF791		Nucleoplasm
Q3KQV3	ZNF792		Nucleoplasm, Nuclear bodies
Q6ZN11	ZNF793		Nucleoplasm
Q96GE5	ZNF799		Nucleoplasm
P17098	ZNF8		Nucleoplasm, Nuclear bodies
P51504	ZNF80		Nucleoli
Q2TB10	ZNF800		Nucleoli, Nucleoli rim
Q7Z570	ZNF804A		Endoplasmic reticulum
Q5CZA5	ZNF805		Nucleoplasm
Q6ZN06	ZNF813		Vesicles
B7Z6K7	ZNF814		Nucleoplasm
Q0VGE8	ZNF816		Nucleoli rim
	ZNF816-ZNF321P		Nucleoplasm
O75541	ZNF821		Nucleoplasm, Nuclear speckles
Q17R98	ZNF827		Nucleoplasm
Q3KNS6	ZNF829		Nucleoplasm
P51522	ZNF83		Nucleoplasm
Q96NB3	ZNF830		Nucleoplasm
Q9Y2P0	ZNF835		Microtubules
Q96EG3	ZNF837		Nucleoli
A8K0R7	ZNF839		Plasma membrane
P51523	ZNF84		Nucleoplasm
Q8N446	ZNF843		Nucleoplasm
Q147U1	ZNF846		Actin filaments
Q03923	ZNF85		Nucleoplasm
A8MQ14	ZNF850		Nucleoplasm
Q6ZMS4	ZNF852		Cytosol
P0CG23	ZNF853		Nucleoli
A6NHJ4	ZNF860		Nucleoli, Nucleoli rim
O60290	ZNF862		Mitochondria
P0CJ78	ZNF865		Nucleoli
P10072	ZNF875		Nucleoplasm, Mitochondria
C9JN71	ZNF878		Nucleoplasm
B4DU55	ZNF879		Nucleoplasm
Q6PDB4	ZNF880		Nucleoli fibrillar center
A8MT65	ZNF891		Nucleoplasm
Q03938	ZNF90		Nucleoplasm
Q03936	ZNF92		Nucleoplasm
Q9P2E3	ZNFX1		Mitochondria
Q9BRT8	ZNG1A		Plasma membrane
Q8IUF1	ZNG1B		Plasma membrane
Q5JTY5	ZNG1C		Plasma membrane
Q5RIA9	ZNG1E		Plasma membrane
Q4V339	ZNG1F		Plasma membrane
O43257	ZNHIT1		Nucleoplasm
Q15649	ZNHIT3		Mitochondria
Q9NWK9	ZNHIT6		Nuclear speckles, Vesicles
O60232	ZNRD2		Cytosol
Q8ND25	ZNRF1		Vesicles
Q8NHG8	ZNRF2		Nucleoplasm, Vesicles
Q9ULT6	ZNRF3		Golgi apparatus
Q8TCW7	ZPLD1	Intracellular and membrane	Nucleoplasm
O75312	ZPR1		Vesicles
Q9UGI0	ZRANB1		Nucleoplasm
O95218	ZRANB2		Nucleoplasm
Q5FWF4	ZRANB3		Nucleoplasm
Q8NBB4	ZSCAN1		Nucleoli
Q96SZ4	ZSCAN10		Nucleoplasm
O43309	ZSCAN12		Nucleoplasm
Q9H4T2	ZSCAN16		Nucleoplasm
Q8TBC5	ZSCAN18		Nucleoplasm
Q7Z7L9	ZSCAN2		Nucleoplasm
P17040	ZSCAN20		Nucleoplasm
Q9Y5A6	ZSCAN21		Endoplasmic reticulum
P10073	ZSCAN22		Plasma membrane, Cytosol
Q3MJ62	ZSCAN23		Nuclear speckles
Q6NSZ9	ZSCAN25		Nucleoli fibrillar center
Q16670	ZSCAN26		Nucleoplasm, Nucleoli
Q8IWY8	ZSCAN29		Nucleoplasm
Q86W11	ZSCAN30		Nucleoplasm
Q96LW9	ZSCAN31		Nucleoplasm
Q9NX65	ZSCAN32		Nucleoplasm
Q9BUG6	ZSCAN5A		Nuclear speckles
A6NJL1	ZSCAN5B		Nuclear speckles
A6NGD5	ZSCAN5C		Nuclear speckles
O15535	ZSCAN9		Nucleoplasm
Q9BR11	ZSWIM1		Plasma membrane, Cytosol
Q96MP5	ZSWIM3		Vesicles
Q9P217	ZSWIM5		Nuclear speckles
Q9HCJ5	ZSWIM6		Cytosol
Q19AV6	ZSWIM7		Cytosol
A7E2V4	ZSWIM8		Plasma membrane, Cytosol
Q86XI8	ZSWIM9		Nucleoplasm
Q96AP4	ZUP1		Nucleoplasm
O43264	ZW10		Endoplasmic reticulum, Cytosol
O95229	ZWINT		Nucleoplasm, Nuclear bodies
P98168	ZXDA		Nucleoplasm
P98169	ZXDB		Nucleoplasm
Q2QGD7	ZXDC		Nucleoli
Q6WRX3	ZYG11A		Nucleoplasm
Q9C0D3	ZYG11B		Endoplasmic reticulum, Vesicles
Q15942	ZYX		Focal adhesion sites
O43149	ZZEF1		Nucleoplasm
Q8IYH5	ZZZ3		Nucleoplasm, Nucleoli, Nucleoli rim
P04217	A1BG	Secreted to blood	
P01023	A2M	Secreted to blood	
A8K2U0	A2ML1	Secreted in other tissues	
U3KPV4	A3GALT2		
Q6P093	AADACL2	Secreted in other tissues	
Q5VUY0	AADACL3		
Q5VUY2	AADACL4		
Q4L235	AASDH		
Q8WWZ4	ABCA10		
Q9NRK6	ABCB10		
Q2M3G0	ABCB5		
Q5T3U5	ABCC10		
Q96J66	ABCC11		
Q96J65	ABCC12		
Q92887	ABCC2		
P33897	ABCD1		
Q9UBJ2	ABCD2		
O14678	ABCD4		
Q9H172	ABCG4		
Q9H222	ABCG5		
Q96SE0	ABHD1		
Q8N2K0	ABHD12		
O95870	ABHD16A		
Q7Z7G0	ABI3BP	Secreted in other tissues	
P16442	ABO	Secreted to blood	
P16112	ACAN	Secreted to extracellular matrix	
Q9BYF1	ACE2	Secreted to blood	
Q8TDN7	ACER1		
Q5QJU3	ACER2		
Q9NUN7	ACER3		
Q16570	ACKR1		
P11117	ACP2		
P15309	ACP3	Secreted to blood	
Q6ZNF0	ACP7	Secreted - unknown location	
P10323	ACR	Secreted in male reproductive system	
Q08AH1	ACSM1		
Q08AH3	ACSM2A		
Q68CK6	ACSM2B		
P0C7M7	ACSM4		
Q6P461	ACSM6		
Q9NUB1	ACSS1		
Q04771	ACVR1		
Q8NER5	ACVR1C	Intracellular and membrane	
Q13705	ACVR2B		
P37023	ACVRL1	Intracellular and membrane	
Q9NZK5	ADA2	Secreted to blood	
O75078	ADAM11		
Q9Y3Q7	ADAM18	Intracellular and membrane	
Q99965	ADAM2		
O43506	ADAM20		
Q9UKJ8	ADAM21		
Q9UKF5	ADAM29	Intracellular and membrane	
Q9H2U9	ADAM7	Intracellular and membrane	
P78325	ADAM8	Intracellular and membrane	
O15204	ADAMDEC1	Secreted in other tissues	
Q9H324	ADAMTS10	Secreted to extracellular matrix	
Q9UNA0	ADAMTS5	Secreted to extracellular matrix	
Q9UKP5	ADAMTS6	Secreted to extracellular matrix	
Q9UP79	ADAMTS8	Secreted to extracellular matrix	
Q96PN6	ADCY10		
P18509	ADCYAP1	Secreted in other tissues	
Q86SQ6	ADGRA1		
Q8IWK6	ADGRA3	Intracellular and membrane	
O14514	ADGRB1	Secreted in brain	
O60242	ADGRB3		
Q7Z7M1	ADGRD2		
Q14246	ADGRE1		
Q9BY15	ADGRE3	Secreted to blood	
Q5T601	ADGRF1	Secreted - unknown location	
Q8IZF2	ADGRF5		
Q9Y653	ADGRG1	Secreted to blood	
Q86Y34	ADGRG3		
Q8IZF6	ADGRG4		
Q86SQ4	ADGRG6		
O94910	ADGRL1		
Q9HAR2	ADGRL3		
Q9HBW9	ADGRL4		
Q0VDE8	ADIG		
Q15848	ADIPOQ	Secreted to blood	
Q96A54	ADIPOR1		
Q86V24	ADIPOR2		
P35318	ADM	Secreted to blood	
Q7Z4H4	ADM2	Secreted to blood	
C9JUS6	ADM5	Secreted to blood	
P0DMS8	ADORA3		
P25100	ADRA1D		
P08913	ADRA2A		
P18825	ADRA2C		
P08588	ADRB1		
Q8N302	AGGF1	Secreted to blood	
O15120	AGPAT2		
Q9NRZ7	AGPAT3		
P01019	AGT	Secreted to blood	
P50052	AGTR2		
Q9UKB5	AJAP1		
Q13023	AKAP6		
Q8IZ83	ALDH16A1		
P48448	ALDH3B2		
Q2TAA5	ALG11		
Q92685	ALG3		
Q6UXT8	ALKAL1	Secreted to blood	
Q6UX46	ALKAL2	Secreted to blood	
P20292	ALOX5AP		
Q99217	AMELX	Secreted in other tissues	
Q99218	AMELY	Secreted in other tissues	
Q9BXJ7	AMN	Secreted in other tissues	
Q6UX39	AMTN	Secreted in other tissues	
Q15389	ANGPT1	Secreted to blood	
O15123	ANGPT2	Secreted to blood	
Q9Y264	ANGPT4	Secreted to blood	
O95841	ANGPTL1	Secreted to blood	
Q9Y5C1	ANGPTL3	Secreted to blood	
Q86XS5	ANGPTL5	Secreted in other tissues	
Q8NI99	ANGPTL6	Secreted to blood	
O43827	ANGPTL7	Secreted in other tissues	
Q32M45	ANO4		
Q75V66	ANO5		
Q6IWH7	ANO7		
Q9HCE9	ANO8		
P23352	ANOS1	Secreted in brain	
P58335	ANTXR2	Intracellular and membrane	
A6NF34	ANTXRL		
P19801	AOC1	Secreted in other tissues	
Q8J025	APCDD1		
P02743	APCS	Secreted to blood	
P0DMC3	APELA	Secreted in other tissues	
Q96BI3	APH1A		
Q8WW43	APH1B		
Q9ULZ1	APLN	Secreted in other tissues	
P35414	APLNR		
P02652	APOA2	Secreted to blood	
Q6Q788	APOA5	Secreted to blood	
P02654	APOC1	Secreted to blood	
P02655	APOC2	Secreted to blood	
P55056	APOC4	Secreted to blood	
	APOC4-APOC2		
Q13790	APOF	Secreted to blood	
O14791	APOL1	Secreted to blood	
Q9BQE5	APOL2		
Q8IXF9	AQP12A		
A6NM10	AQP12B		
P41181	AQP2		
Q13520	AQP6		
O94778	AQP8		
	ARHGAP11A-SCG5		
Q8N8L6	ARL10		
Q5FYA8	ARSH		
P52961	ART1		
Q96L15	ART5	Secreted in other tissues	
Q5T4W7	ARTN	Secreted in other tissues	
Q13510	ASAH1	Intracellular and membrane	
Q8WXH4	ASB11		
Q16515	ASIC2		
Q9NY37	ASIC5		
Q5U4P2	ASPHD1		
Q6ICH7	ASPHD2		
Q674R7	ATG9B		
Q8WXF7	ATL1		
O60312	ATP10A		
O94823	ATP10B		
Q8NB49	ATP11C		
Q9NQ11	ATP13A2		
Q4VNC1	ATP13A4		
P50993	ATP1A2		
P13637	ATP1A3		
Q13733	ATP1A4		
P05026	ATP1B1		
P14415	ATP1B2		
Q9UN42	ATP1B4		
Q93084	ATP2A3		
P23634	ATP2B2		
Q01814	ATP2B2		
P20648	ATP4A		
P05496	ATP5MC1		
Q06055	ATP5MC2		
P48201	ATP5MC3		
Q15904	ATP6AP1		
O75787	ATP6AP2		
O15342	ATP6V0E1		
Q8NHE4	ATP6V0E2		
O60423	ATP8B3		
O75110	ATP9A		
O43861	ATP9B		
Q6UW56	ATRAID		
P01185	AVP	Secreted to blood	
P37288	AVPR1A		
P47901	AVPR1B		
P30518	AVPR2		
Q58HT5	AWAT1		
Q6E213	AWAT2		
O94766	B3GAT3		
Q8NHY0	B4GALNT2		
Q9Y5Z0	BACE2	Intracellular and membrane	
Q16611	BAK1		
Q96GW7	BCAN	Secreted in brain	
P06276	BCHE	Secreted to blood	
Q9HD36	BCL2L10		
P46663	BDKRB1		
P23560	BDNF	Secreted to blood	
O76090	BEST1		
Q8N1M1	BEST3		
Q8NFU0	BEST4		
O15155	BET1		
Q9NZS9	BFAR		
P02818	BGLAP	Secreted to blood	
Q13323	BIK		
P13497	BMP1	Secreted to extracellular matrix	
O95393	BMP10	Secreted to blood	
O95972	BMP15	Secreted in other tissues	
P12645	BMP3	Secreted in other tissues	
P12644	BMP4	Secreted to blood	
P22003	BMP5	Secreted - unknown location	
Q8N8U9	BMPER	Secreted to extracellular matrix	
O00238	BMPR1B		
Q12983	BNIP3		
Q9UMX3	BOK		
P17213	BPI	Secreted to blood	
Q9NP55	BPIFA1	Secreted in other tissues	
Q96DR5	BPIFA2	Secreted to digestive system	
Q9BQP9	BPIFA3	Secreted in male reproductive system	
Q8TDL5	BPIFB1	Secreted in other tissues	
P59826	BPIFB3	Secreted in other tissues	
Q8NFQ5	BPIFB6	Secreted in other tissues	
Q8NFQ6	BPIFC	Secreted in other tissues	
O95415	BRI3		
Q9NQX7	BRI3		
Q9C0B6	BRINP2	Secreted in other tissues	
Q76B58	BRINP3	Secreted in other tissues	
P32247	BRS3		
Q96G97	BSCL2		
Q8WZ55	BSND		
Q075Z2	BSPH1	Secreted in male reproductive system	
P35070	BTC	Secreted to blood	
P43251	BTD	Secreted to blood	
Q7Z6A9	BTLA	Secreted to blood	
Q13410	BTN1A1	Intracellular and membrane	
P78410	BTN3A2		
Q9UIR0	BTNL2	Intracellular and membrane	
Q6UXE8	BTNL3		
Q6UX41	BTNL8		
Q6NUJ2	C11orf87		
Q8N812	C12orf76		
Q9NPU4	C14orf132		
Q8N912	C14orf180		
Q6UWD8	C16orf54		
Q6UX73	C16orf89	Secreted to blood	
Q4G0I0	C16orf91		
Q96LL3	C16orf92		
A0A1B0GUU1	C17orf113		
Q0P5P2	C17orf67	Secreted to blood	
Q8N4C9	C17orf78		
Q6UX52	C17orf99	Secreted to blood	
Q5T7R7	C1orf185		
Q9BUN1	C1orf56	Secreted to blood	
P02745	C1QA	Secreted to blood	
P02746	C1QB	Secreted to blood	
P02747	C1QC	Secreted to blood	
Q9BXJ0	C1QTNF5	Secreted to blood	
P60827	C1QTNF8	Secreted - unknown location	
P0C862	C1QTNF9	Secreted to blood	
B2RNN3	C1QTNF9B	Secreted - unknown location	
Q9NZP8	C1RL	Secreted to blood	
P06681	C2	Secreted to blood	
Q9NYP8	C21orf62	Secreted - unknown location	
A0A1B0GVN3	C2orf92		
P01024	C3	Secreted to blood	
Q16581	C3AR1		
Q6P1S2	C3orf33	Secreted in other tissues	
Q5BVD1	C3orf52		
F5H4A9	C3orf80		
P0C0L4	C4A	Secreted to blood	
P0C0L5	C4B	Secreted to blood	
P04003	C4BPA	Secreted to blood	
P01031	C5	Secreted to blood	
Q9P296	C5AR2		
P13671	C6	Secreted to blood	
Q7Z4R8	C6orf120	Secreted to blood	
Q5SQH8	C6orf136		
Q6UXA7	C6orf15	Secreted to extracellular matrix	
Q6UWU4	C6orf89		
P10643	C7	Secreted to blood	
P07358	C8B	Secreted to blood	
P07360	C8G	Secreted to blood	
P02748	C9	Secreted to blood	
Q5W0N0	C9orf57		
O43570	CA12		
P23280	CA6	Secreted to digestive system	
Q86V35	CABP7		
O60840	CACNA1F		
P54289	CACNA2D1	Intracellular and membrane	
O00305	CACNB4		
Q06432	CACNG1		
Q9Y698	CACNG2		
O60359	CACNG3		
Q9UF02	CACNG5		
P62955	CACNG7		
Q8WXS5	CACNG8		
Q8N3J6	CADM2		
Q8N126	CADM3	Intracellular and membrane	
P01258	CALCA	Secreted to blood	
P06881	CALCA	Secreted to blood	
P10092	CALCB	Secreted to blood	
Q8IU99	CALHM1		
Q86XJ0	CALHM3		
Q5R3K3	CALHM6		
Q9NYX4	CALY		
P49913	CAMP	Secreted to blood	
Q96JM3	CAMP	Secreted to blood	
Q16568	CARTPT	Secreted to blood	
P41180	CASR		
Q7RTX7	CATSPER4		
P27352	CBLIF	Secreted to digestive system	
Q76M96	CCDC80	Secreted to extracellular matrix	
I3L3R5	CCER2	Secreted - unknown location	
P06307	CCK	Secreted to blood	
P22362	CCL1	Secreted to blood	
P51671	CCL11	Secreted to blood	
Q99616	CCL13	Secreted to blood	
Q16627	CCL14	Secreted to blood	
O15467	CCL16	Secreted to blood	
Q92583	CCL17	Secreted to blood	
P55774	CCL18	Secreted to blood	
Q99731	CCL19	Secreted to blood	
P78556	CCL20	Secreted to blood	
O00585	CCL21	Secreted to blood	
O00626	CCL22	Secreted to blood	
P55773	CCL23	Secreted to blood	
O00175	CCL24	Secreted to blood	
O15444	CCL25	Secreted to blood	
Q9Y258	CCL26	Secreted to blood	
Q9Y4X3	CCL27	Secreted to blood	
Q9NRJ3	CCL28	Secreted to blood	
P10147	CCL3	Secreted to blood	
P16619	CCL3L1	Secreted to blood	
P13236	CCL4	Secreted to blood	
Q8NHW4	CCL4L2	Secreted to blood	
P13501	CCL5	Secreted to blood	
P80098	CCL7	Secreted to blood	
P80075	CCL8	Secreted to blood	
O00622	CCN1	Secreted to extracellular matrix	
P20248	CCN1	Secreted to extracellular matrix	
P32246	CCR1		
P51681	CCR5		
O00421	CCR6		
P51684	CCR6		
P51685	CCR8		
P48509	CD151		
O95971	CD160	Secreted to blood	
Q04900	CD164	Intracellular and membrane	
P15391	CD19		
P06126	CD1A		
P41217	CD200		
Q6Q8B3	CD200R1L		
Q9NNX6	CD209	Intracellular and membrane	
P20273	CD22		
Q9BZW8	CD244		
P20963	CD247		
Q496F6	CD300E		
A0A0K2S4Q6	CD300H	Secreted to blood	
Q6UXZ3	CD300LD		
Q8TDQ1	CD300LF		
Q8IX05	CD302		
P06127	CD5		
P31358	CD52		
P19397	CD53		
P08174	CD55	Secreted to blood	
P19256	CD58		
O43866	CD5L	Secreted to blood	
P30203	CD6	Secreted to blood	
Q07108	CD69		
P09564	CD7		
P11912	CD79A		
P33681	CD80	Intracellular and membrane	
A6NJW9	CD8B2		
P40200	CD96		
A4D256	CDC14C		
Q5VXM1	CDCP2	Secreted - unknown location	
P55287	CDH11		
O75309	CDH16		
Q13634	CDH18	Intracellular and membrane	
Q96JQ0	CDH19		
Q9H159	CDH19		
Q9HBT6	CDH20		
Q9UN71	CDH20		
Q9UJ99	CDH22		
Q9H251	CDH23		
Q9ULB5	CDH7		
Q9BYE9	CDHR2		
Q6ZTQ4	CDHR3		
A6H8M9	CDHR4	Intracellular and membrane	
Q9HBB8	CDHR5		
Q5VV42	CDKAL1		
Q49AH0	CDNF	Secreted in other tissues	
Q4KMG0	CDON		
A8MXV6	CDRT15L2		
O96017	CDS1		
Q92903	CDS1		
Q15517	CDSN	Secreted in other tissues	
P13688	CEACAM1	Intracellular and membrane	
Q2WEN9	CEACAM16	Secreted in other tissues	
Q6UY09	CEACAM20		
Q3KPI0	CEACAM21		
P40198	CEACAM3		
O75871	CEACAM4		
P40199	CEACAM6		
P19835	CEL	Secreted to digestive system	
Q9UNI1	CELA1	Secreted - unknown location	
P08217	CELA2A	Secreted to digestive system	
P08218	CELA2B	Secreted to digestive system	
Q9NYQ7	CELSR3		
Q9Y6K0	CEPT1		
O95813	CER1	Secreted - unknown location	
Q6ZMG9	CERS6		
Q6NT32	CES5A	Secreted in male reproductive system	
P11597	CETP	Secreted to blood	
Q6ZTR5	CFAP47		
P0CG37	CFC1	Secreted - unknown location	
P0CG36	CFC1B	Secreted - unknown location	
P00746	CFD	Secreted to blood	
P36980	CFHR2	Secreted to blood	
Q92496	CFHR4	Secreted to blood	
Q9BXR6	CFHR5	Secreted to blood	
P05156	CFI	Secreted to blood	
P13569	CFTR		
P01215	CGA	Secreted to blood	
A6NKQ9	CGB1	Secreted to blood	
Q6NT52	CGB2	Secreted in other tissues	
P0DN86	CGB3	Secreted to blood	
	CGB5	Secreted to blood	
P0DN87	CGB7	Secreted in other tissues	
	CGB8	Secreted to blood	
O95992	CH25H		
O15335	CHAD	Secreted to extracellular matrix	
Q6NUI6	CHADL	Secreted to extracellular matrix	
Q15782	CHI3L2	Secreted to blood	
Q13231	CHIT1	Secreted to blood	
O00533	CHL1	Secreted in brain	
Q96FC9	CHL1	Secreted in brain	
Q9H2X0	CHRD	Secreted in other tissues	
Q9BU40	CHRDL1	Secreted in other tissues	
Q494W8	CHRFAM7A		
P11229	CHRM1		
P08172	CHRM2		
P08912	CHRM5		
Q9GZZ6	CHRNA10		
Q15825	CHRNA6		
P36544	CHRNA7		
Q9UGM1	CHRNA9		
P11230	CHRNB1		
P17787	CHRNB2		
Q05901	CHRNB3		
Q04844	CHRNE		
P07510	CHRNG		
Q9GZS9	CHST5		
Q7L1S5	CHST9	Intracellular and membrane	
Q86X52	CHSY1	Secreted to blood	
O75339	CILP	Secreted to extracellular matrix	
Q8IUL8	CILP2	Secreted to extracellular matrix	
A0A1B0GTW7	CIROP		
	CKLF-CMTM1		
A8K7I4	CLCA1	Secreted to digestive system	
P35523	CLCN1		
P51798	CLCN7		
P51800	CLCNKA		
P51801	CLCNKB		
O95832	CLDN1		
P78369	CLDN10		
P56749	CLDN12		
P56746	CLDN15		
Q9Y5I7	CLDN16		
P56750	CLDN17		
Q8N7P3	CLDN22		
A6NM45	CLDN24		
C9JDP6	CLDN25		
H7C241	CLDN34		
O00501	CLDN5		
P56747	CLDN6		
P56748	CLDN8		
Q8IUN9	CLEC10A		
Q5QGZ9	CLEC12A		
Q2HXU8	CLEC12B		
Q6ZS10	CLEC17A		
A5D8T8	CLEC18A	Secreted to blood	
Q6UXF7	CLEC18B	Secreted to blood	
Q8NCF0	CLEC18C	Secreted to blood	
Q6UXS0	CLEC19A	Secreted in brain	
Q9P126	CLEC1B		
P0C7M8	CLEC2L		
P05452	CLEC3B	Secreted to blood	
Q9UMR7	CLEC4A		
Q8WTT0	CLEC4C		
Q9ULY5	CLEC4E		
Q6UXB4	CLEC4G		
Q9H2X3	CLEC4M	Intracellular and membrane	
Q6EIG7	CLEC6A		
Q9BXN2	CLEC7A		
Q6UXN8	CLEC9A		
Q9H6B4	CLMP		
Q13286	CLN3		
Q9UBY8	CLN8		
P04118	CLPS	Secreted to digestive system	
A2RUU4	CLPSL1	Secreted in male reproductive system	
A0PK11	CLRN2		
Q8NCR9	CLRN3		
O94985	CLSTN1		
Q9BQT9	CLSTN3		
Q8N0X4	CLYBL		
Q99788	CMKLR1		
Q8TAZ6	CMTM2		
Q96KN2	CNDP1	Secreted to blood	
Q16280	CNGA2		
Q9NQW8	CNGB3		
Q6PI25	CNIH2		
Q8TBE1	CNIH3		
Q9P003	CNIH4		
O75829	CNMD	Secreted to extracellular matrix	
Q9BV87	CNPPD1		
P34972	CNR2		
P26992	CNTFR		
Q02246	CNTN2	Secreted in brain	
Q9UQ52	CNTN6		
Q9UHC6	CNTNAP2		
Q9BZ76	CNTNAP3	Intracellular and membrane	
Q96NU0	CNTNAP3B		
Q9C0A0	CNTNAP4		
P13942	COL11A2	Secreted to extracellular matrix	
Q5TAT6	COL13A1		
Q14993	COL19A1	Secreted to extracellular matrix	
Q17RW2	COL24A1	Secreted to extracellular matrix	
Q8IZC6	COL27A1	Secreted to extracellular matrix	
P02462	COL4A1	Secreted to extracellular matrix	
P53420	COL4A4	Secreted to extracellular matrix	
P05997	COL5A2	Secreted to extracellular matrix	
A8TX70	COL6A5	Secreted in other tissues	
A6NMZ7	COL6A6	Secreted to extracellular matrix	
P20849	COL9A1	Secreted to extracellular matrix	
Q9Y6Z7	COLEC10	Secreted to blood	
Q9BWP8	COLEC11	Secreted to blood	
O00230	CORT	Secreted in brain	
Q9Y6N1	COX11		
Q8N8Q8	COX18		
Q96KJ9	COX4I2		
P24310	COX7A1		
P14406	COX7A2		
P24311	COX7B		
Q8TF08	COX7B2		
P15954	COX7C		
P10176	COX8A		
Q7Z4L0	COX8C		
P00450	CP	Secreted to blood	
P15085	CPA1	Secreted to digestive system	
Q8N4T0	CPA6	Secreted to extracellular matrix	
Q96IY4	CPB2	Secreted to blood	
P15169	CPN1	Secreted to blood	
Q99829	CPN1	Secreted to blood	
P22792	CPN2	Secreted to blood	
Q92523	CPT1B		
Q8TCG5	CPT1C		
Q96SM3	CPXM1	Secreted in other tissues	
Q8N436	CPXM2	Secreted - unknown location	
Q2VPA4	CR1L	Secreted in other tissues	
P20023	CR2		
Q5IJ48	CRB2	Intracellular and membrane	
Q68CJ9	CREB3L3		
Q8IUH2	CREG2	Secreted in brain	
P06850	CRH	Secreted to blood	
P24387	CRHBP	Secreted to blood	
P34998	CRHR1		
Q9NZV1	CRIM1	Intracellular and membrane	
P54107	CRISP1	Secreted in male reproductive system	
P16562	CRISP2	Secreted in male reproductive system	
P54108	CRISP3	Secreted in other tissues	
Q9H336	CRISPLD1	Secreted - unknown location	
O75462	CRLF1	Secreted in other tissues	
Q9UJA2	CRLS1		
Q9NQ79	CRTAC1	Secreted to extracellular matrix	
O95727	CRTAM		
P15509	CSF2RA	Secreted to blood	
P09919	CSF3	Secreted to blood	
Q99062	CSF3R	Intracellular and membrane	
P0DML2	CSH1	Secreted to blood	
P0DML3	CSH2	Secreted to blood	
Q14406	CSHL1	Secreted to blood	
Q7Z408	CSMD2		
P47710	CSN1S1	Secreted in female reproductive system	
P05814	CSN2	Secreted in female reproductive system	
P61201	CSN2	Secreted in female reproductive system	
P07498	CSN3	Secreted in female reproductive system	
Q9UNS2	CSN3	Secreted in female reproductive system	
P01037	CST1	Secreted to digestive system	
Q9H112	CST11	Secreted in male reproductive system	
P09228	CST2	Secreted to digestive system	
P01036	CST4	Secreted to digestive system	
P28325	CST5	Secreted to digestive system	
O76096	CST7	Secreted to blood	
O60676	CST8	Secreted in male reproductive system	
Q5W186	CST9	Secreted in female reproductive system	
Q9H4G1	CST9L	Secreted in male reproductive system	
Q9H114	CSTL1	Secreted in male reproductive system	
Q96RT6	CTAGE1		
Q9HC47	CTAGE1		
A4D2H0	CTAGE15		
Q8IX94	CTAGE4		
Q86UF2	CTAGE6		
P0CG41	CTAGE8		
A4FU28	CTAGE9		
Q16619	CTF1	Secreted to blood	
P16410	CTLA4		
P17538	CTRB1	Secreted to digestive system	
Q6GPI1	CTRB2	Secreted to digestive system	
Q99895	CTRC	Secreted to digestive system	
P40313	CTRL	Secreted to digestive system	
P07339	CTSD	Secreted to blood	
P0C2S0	CTXN2		
A0A1B0GTU2	CTXND1		
A0A1B0GV90	CTXND2		
O14529	CUX2		
Q86UP6	CUZD1		
P09341	CXCL1	Secreted to blood	
P02778	CXCL10	Secreted to blood	
O14625	CXCL11	Secreted to blood	
P48061	CXCL12	Secreted to blood	
O43927	CXCL13	Secreted to blood	
O95715	CXCL14	Secreted to blood	
Q6UXB2	CXCL17	Secreted to blood	
P19875	CXCL2	Secreted to blood	
P19876	CXCL3	Secreted to blood	
P80162	CXCL6	Secreted to blood	
Q07325	CXCL9	Secreted to blood	
P25024	CXCR1		
P49682	CXCR3		
P61073	CXCR4		
P32302	CXCR5		
O00574	CXCR6		
P49447	CYB561		
Q8N8Q1	CYB561D1		
O14569	CYB561D2		
P13498	CYBA		
P04839	CYBB		
P04798	CYP1A1		
P05177	CYP1A2		
Q6V0L0	CYP26C1		
Q9NYL5	CYP39A1		
Q9HCS2	CYP4F12		
Q6NT55	CYP4F22		
P98187	CYP4F8		
Q86W10	CYP4Z1		
O75881	CYP7B1		
Q9UNU6	CYP8B1		
Q9Y271	CYSLTR1		
Q9NS75	CYSLTR2		
Q9Y4D2	DAGLA		
P81605	DCD	Secreted in other tissues	
P07585	DCN	Secreted to extracellular matrix	
Q5T1A1	DCST2		
Q9H295	DCSTAMP		
P59665	DEFA1	Secreted to blood	
	DEFA1B	Secreted to blood	
P59666	DEFA3	Secreted to blood	
P12838	DEFA4	Secreted to blood	
Q01524	DEFA6	Secreted to digestive system	
P60022	DEFB1	Secreted in other tissues	
P81534	DEFB103A	Secreted in other tissues	
	DEFB103B	Secreted in other tissues	
Q8WTQ1	DEFB104A	Secreted in male reproductive system	
	DEFB104B	Secreted in male reproductive system	
Q8NG35	DEFB105A	Secreted in male reproductive system	
	DEFB105B	Secreted in male reproductive system	
Q8N104	DEFB106A	Secreted in male reproductive system	
	DEFB106B	Secreted in male reproductive system	
Q8IZN7	DEFB107A	Secreted in male reproductive system	
	DEFB107B	Secreted in male reproductive system	
Q8NET1	DEFB108B	Secreted in male reproductive system	
Q30KR1	DEFB109B	Secreted in male reproductive system	
Q30KQ9	DEFB110	Secreted in male reproductive system	
Q30KQ7	DEFB113	Secreted in male reproductive system	
Q30KQ6	DEFB114	Secreted in male reproductive system	
Q30KQ5	DEFB115	Secreted in male reproductive system	
Q30KQ4	DEFB116	Secreted in male reproductive system	
Q96PH6	DEFB118	Secreted in male reproductive system	
Q5J5C9	DEFB121	Secreted in male reproductive system	
Q8N688	DEFB123	Secreted in other tissues	
Q8NES8	DEFB124	Secreted in other tissues	
Q8N687	DEFB125	Secreted in male reproductive system	
Q9BYW3	DEFB126	Secreted in male reproductive system	
Q9H1M4	DEFB127	Secreted in male reproductive system	
Q7Z7B8	DEFB128	Secreted in male reproductive system	
Q9H1M3	DEFB129	Secreted in male reproductive system	
P0DP74	DEFB130A	Secreted in male reproductive system	
P0DP73	DEFB130B	Secreted in male reproductive system	
P59861	DEFB131A	Secreted in other tissues	
A0A096LNP1	DEFB131B	Secreted in male reproductive system	
Q7Z7B7	DEFB132	Secreted in male reproductive system	
Q4QY38	DEFB134	Secreted in male reproductive system	
Q30KP9	DEFB135	Secreted in male reproductive system	
Q30KP8	DEFB136	Secreted in male reproductive system	
O15263	DEFB4A	Secreted in other tissues	
	DEFB4B	Secreted in other tissues	
Q05D60	DEUP1		
Q6ZPD8	DGAT2L6		
P98153	DGCR2		
Q15392	DHCR24		
O43323	DHH	Secreted in male reproductive system	
Q6PKH6	DHRS4L2	Secreted - unknown location	
A6NNS2	DHRS7C	Secreted in other tissues	
Q9BPW9	DHRS9		
P49895	DIO1		
Q8NDZ4	DIPK2A	Secreted in other tissues	
Q9H7Y0	DIPK2B	Secreted - unknown location	
O94907	DKK1	Secreted in other tissues	
Q9UBT3	DKK4	Secreted in other tissues	
Q9NR61	DLL4		
Q96GE9	DMAC1		
Q13316	DMP1	Secreted to extracellular matrix	
Q9Y222	DMP1	Secreted to extracellular matrix	
Q6Y2X3	DNAJC14		
Q9Y5T4	DNAJC15		
Q96LL9	DNAJC30		
Q9NNZ3	DNAJC4		
Q9UF47	DNAJC5B		
Q8N7S2	DNAJC5G		
Q13609	DNASE1L3	Secreted to blood	
Q8NFT8	DNER		
Q9H3H5	DPAGT1		
Q9H4A9	DPEP2		
Q9H4B8	DPEP3		
O94777	DPM2		
Q9P2X0	DPM3		
Q8N608	DPP10		
P27487	DPP4	Secreted to blood	
P42658	DPP6		
Q8N682	DRAM1		
Q8NBI3	DRAXIN	Secreted in brain	
P14416	DRD2		
P35462	DRD3		
P21918	DRD5		
P53805	DSC1		
Q08554	DSC1		
Q8TD84	DSCAML1		
Q9UL01	DSE	Intracellular and membrane	
Q02413	DSG1		
P32926	DSG3		
Q86SJ6	DSG4		
Q9NZW4	DSPP	Secreted in other tissues	
Q9NRD9	DUOX1		
Q9NRD8	DUOX2		
Q1HG43	DUOXA1		
Q1HG44	DUOXA2		
Q6B8I1	DUSP13		
Q9UII6	DUSP13		
Q8N1N2	DYNAP		
Q14213	EBI3	Secreted to blood	
P0CF75	EBLN1		
P42892	ECE1		
P0DPD6	ECE2		
Q9H1Z8	ECRG4	Secreted to blood	
Q9UNE0	EDAR		
A0A1B0GTR0	EDDM13	Secreted in male reproductive system	
Q14507	EDDM3A	Secreted in male reproductive system	
P56851	EDDM3B	Secreted in male reproductive system	
P14138	EDN3	Secreted to blood	
O95967	EFEMP2	Secreted to extracellular matrix	
P20827	EFNA1	Secreted to blood	
P52797	EFNA3		
P52798	EFNA4	Secreted to blood	
	EFNA4-EFNA3		
Q15768	EFNB3		
P01133	EGF		
Q8IUX8	EGFL6	Secreted to extracellular matrix	
Q9UHF1	EGFL7	Secreted to extracellular matrix	
Q63HQ2	EGFLAM	Secreted - unknown location	
Q9NXB9	ELOVL2		
Q9NYP7	ELOVL2		
Q9GZR5	ELOVL4		
Q9H5J4	ELOVL6		
A1L3X0	ELOVL7		
Q96BH3	ELSPBP1	Secreted in male reproductive system	
Q6PCB8	EMB		
Q8N766	EMC1		
Q5UCC4	EMC10	Secreted to blood	
Q9P0I2	EMC3		
Q5J8M3	EMC4		
Q9NPA0	EMC7		
Q9ULC0	EMCN	Intracellular and membrane	
Q96A84	EMID1	Secreted in other tissues	
Q9Y6C2	EMILIN1	Secreted to extracellular matrix	
Q9BXX0	EMILIN2	Secreted to extracellular matrix	
Q9NRM1	ENAM	Secreted to extracellular matrix	
P21128	ENDOU	Secreted in other tissues	
Q6UWT2	ENHO	Secreted in brain	
Q07075	ENPEP		
P22413	ENPP1	Secreted - unknown location	
O14638	ENPP3	Secreted - unknown location	
Q9Y6X5	ENPP4		
	ENSG00000173366		
	ENSG00000235007		
	ENSG00000249590		
	ENSG00000249624		
	ENSG00000250349		
	ENSG00000250644		
	ENSG00000251357		
	ENSG00000254979		
	ENSG00000255641		
	ENSG00000258417		
	ENSG00000258674		
	ENSG00000258881		
	ENSG00000259371		
	ENSG00000260272		
	ENSG00000261130		
	ENSG00000261341		
	ENSG00000261717		
	ENSG00000263620		
	ENSG00000267001		
	ENSG00000267335	Secreted - unknown location	
	ENSG00000272297		
	ENSG00000273154		
	ENSG00000273554		
	ENSG00000275063	Secreted to blood	
	ENSG00000275163		
	ENSG00000275249		
	ENSG00000277475		
	ENSG00000283208		
	ENSG00000284732		
	ENSG00000284797		
	ENSG00000284934		
	ENSG00000284976		
	ENSG00000285043		
	ENSG00000285218		
	ENSG00000285868		
	ENSG00000286190		
	ENSG00000286224		
	ENSG00000288053		
	ENSG00000288635		
	ENSG00000288658		
	ENSG00000288661		
	ENSG00000288681		
	ENSG00000288695		
Q9Y5L3	ENTPD2		
O75356	ENTPD5	Secreted to blood	
Q15884	ENTREP1		
Q9UM22	EPDR1	Secreted in other tissues	
P21709	EPHA1		
Q5JZY3	EPHA10	Intracellular and membrane	
P54764	EPHA4		
P29322	EPHA8	Intracellular and membrane	
P54753	EPHB3		
P54760	EPHB4		
P01588	EPO	Secreted to blood	
P11678	EPO	Secreted to blood	
O95925	EPPIN	Secreted in male reproductive system	
	EPPIN-WFDC6	Secreted in male reproductive system	
Q96J88	EPSTI1		
Q99645	EPYC	Secreted to extracellular matrix	
Q15303	ERBB4		
Q4G0M1	ERFE	Secreted to blood	
Q9UKR5	ERG28		
Q9Y282	ERGIC3		
Q7Z2K6	ERMP1		
O75460	ERN1		
M5A8F1	ERVH48-1	Secreted in female reproductive system	
Q9UQF0	ERVW-1		
A0FGR9	ESYT3		
Q16394	EXT1		
O43909	EXTL3		
P00742	F10	Secreted to blood	
Q9BQ89	F10	Secreted to blood	
P00748	F12	Secreted to blood	
P00488	F13A1	Secreted to blood	
P05160	F13B	Secreted to blood	
P00734	F2	Secreted to blood	
P25116	F2R		
O00254	F2RL2		
P08709	F7	Secreted to blood	
P00451	F8	Secreted to blood	
P00740	F9	Secreted to blood	
O60427	FADS1		
Q8N9I5	FADS6		
Q5T6X4	FAM162B		
Q96GL9	FAM163A		
A8MVW0	FAM171A2		
Q6P0A1	FAM180B	Secreted in other tissues	
Q17R55	FAM187B		
A6NFA0	FAM205C		
Q5JX69	FAM209B		
Q96MK3	FAM20A	Secreted in other tissues	
A0A1B0GVD1	FAM237B	Secreted in other tissues	
A6NFZ4	FAM24A	Secreted in male reproductive system	
Q96BQ1	FAM3D	Secreted to digestive system	
Q8IZT9	FAM9C		
Q12884	FAP	Secreted to blood	
P48023	FASLG	Secreted to blood	
Q14517	FAT1	Intracellular and membrane	
Q969F0	FATE1		
Q96IV6	FAXDC2		
Q8NFZ0	FBH1		
Q75N90	FBN3	Secreted to extracellular matrix	
Q8WWV6	FCAMR		
P12319	FCER1A		
P30273	FCER1G		
P06734	FCER2	Secreted to blood	
P31994	FCGR2B		
P08637	FCGR3A	Secreted to blood	
O75015	FCGR3B	Secreted to blood	
P55899	FCGRT		
O00602	FCN1	Secreted to blood	
Q15485	FCN2	Secreted to blood	
O75636	FCN3	Secreted to blood	
Q7L513	FCRL1		
Q96LA6	FCRL1		
Q6BAA4	FCRL2		
Q96LA5	FCRL2		
Q96P31	FCRL3		
Q96PJ5	FCRL4		
Q96RD9	FCRL5	Secreted to blood	
Q6DN72	FCRL6		
Q8NFU4	FDCSP	Secreted in other tissues	
O15552	FFAR2		
O14843	FFAR3		
O15520	FGF10	Secreted in other tissues	
O43320	FGF16	Secreted in other tissues	
O60258	FGF17	Secreted in brain	
O76093	FGF18	Secreted in other tissues	
O95750	FGF19	Secreted to blood	
Q9NP95	FGF20	Secreted in other tissues	
Q9NSA1	FGF21	Secreted to blood	
Q9HCT0	FGF22	Secreted in other tissues	
P11487	FGF3	Secreted in brain	
P08620	FGF4	Secreted in other tissues	
P12034	FGF5	Secreted in brain	
P10767	FGF6	Secreted in other tissues	
P55075	FGF8	Secreted in other tissues	
P31371	FGF9	Secreted in other tissues	
Q14512	FGFBP1	Secreted in other tissues	
Q9BYJ0	FGFBP2	Secreted to blood	
Q8TAT2	FGFBP3	Secreted in brain	
P22455	FGFR4	Intracellular and membrane	
Q08830	FGL1	Secreted to blood	
Q14314	FGL2	Secreted to blood	
A5D6W6	FITM1		
Q8N6M3	FITM2		
Q9NZU1	FLRT1		
O43155	FLRT2	Intracellular and membrane	
P49771	FLT3LG	Secreted to blood	
Q9UPI3	FLVCR2		
Q01740	FMO1		
P31512	FMO2		
Q99518	FMO2		
P31513	FMO3		
Q06828	FMOD	Secreted to extracellular matrix	
P02751	FN1	Secreted to blood	
F2Z333	FNDC10		
Q8NAU1	FNDC5	Intracellular and membrane	
Q8TBE3	FNDC9		
Q04609	FOLH1	Intracellular and membrane	
P15328	FOLR1	Secreted to blood	
P14207	FOLR2	Secreted to blood	
P41439	FOLR3	Secreted to blood	
P25090	FPR2		
Q86XX4	FRAS1	Intracellular and membrane	
Q5H8C1	FREM1	Secreted to extracellular matrix	
P0C091	FREM3	Secreted to extracellular matrix	
Q7Z6J6	FRMD5		
Q6ZNA5	FRRS1		
Q9P0K9	FRRS1L		
Q92765	FRZB	Secreted in other tissues	
P01225	FSHB	Secreted to blood	
P23945	FSHR	Intracellular and membrane	
Q8N475	FSTL5	Secreted in brain	
Q9BTY2	FUCA2	Secreted to blood	
P19526	FUT1		
P21217	FUT3		
Q11128	FUT5		
P58549	FXYD7		
Q13467	FZD5		
O00144	FZD9		
Q9NQR9	G6PC2		
O75899	GABBR2		
P48169	GABRA4		
Q16445	GABRA6		
P18505	GABRB1		
P47870	GABRB2		
P28472	GABRB3		
P78334	GABRE		
P18507	GABRG2		
O00591	GABRP		
Q9UN88	GABRQ		
P24046	GABRR1		
P28476	GABRR2		
A8MPY1	GABRR3		
P54803	GALC	Intracellular and membrane	
Q10472	GALNT1	Intracellular and membrane	
Q7Z4T8	GALNTL5		
Q9UBC7	GALP	Secreted in brain	
O43603	GALR2		
O60755	GALR3		
Q8N9W8	GARIN2		
P01350	GAST	Secreted to digestive system	
P02774	GC	Secreted to blood	
P04062	GC	Secreted to blood	
P38435	GC	Secreted to blood	
P27539	GDF1	Secreted to blood	
Q9UK05	GDF2	Secreted to blood	
Q9NR23	GDF3	Secreted to blood	
P43026	GDF5	Secreted to blood	
Q8N9F7	GDPD1		
Q9HCC8	GDPD2		
Q6W3E5	GDPD4		
O00258	GET1		
	GET1-SH3BGR		
I3L273	GFY		
	GGCX		
P01241	GH1	Secreted to blood	
P01242	GH2	Secreted to blood	
P01286	GHRH	Secreted in other tissues	
Q02643	GHRHR		
Q9UBU3	GHRL	Secreted to blood	
Q92847	GHSR		
Q96F15	GIMAP5		
P09681	GIP	Secreted to blood	
P57773	GJA10		
Q969M2	GJA10		
Q9Y6H8	GJA3		
P35212	GJA4		
P36382	GJA5		
P48165	GJA8		
Q9UKL4	GJA9		
P08034	GJB1		
O95377	GJB5		
Q8NFK1	GJC3		
	GJD2		
Q8N144	GJD3		
Q96KN9	GJD4		
A6NN92	GJE1		
P32189	GK		
Q01415	GK2		
Q14410	GK2		
Q14409	GK3P		
Q9NS71	GKN1	Secreted to digestive system	
Q86XP6	GKN2	Secreted to digestive system	
Q6UWU2	GLB1L	Secreted - unknown location	
Q6UWM5	GLIPR1L1	Secreted in male reproductive system	
Q8WWB7	GLMP		
P48167	GLRB		
P22749	GNLY	Secreted to blood	
P01148	GNRH1	Secreted to blood	
O43555	GNRH2	Secreted to blood	
P30968	GNRHR		
Q6ZVE7	GOLT1A		
O95249	GOSR1		
P07359	GP1BA		
P13224	GP1BB		
P55259	GP2	Secreted to digestive system	
Q99795	GPA33		
Q53EU6	GPAT3		
Q86UL3	GPAT4		
Q8TDU6	GPBAR1		
Q86YW7	GPHB5	Secreted to blood	
P80108	GPLD1	Secreted to blood	
P51674	GPM6A		
Q13491	GPM6B		
Q14956	GPNMB	Intracellular and membrane	
Q96P66	GPR101		
Q8TDV5	GPR119		
P47775	GPR12		
Q9UNW8	GPR132		
Q8IZ08	GPR135		
O60478	GPR137B		
Q6DWJ6	GPR139		
Q7Z602	GPR141		
Q96CH1	GPR146		
Q86SP6	GPR149		
P49685	GPR15		
Q8NGU9	GPR150		
Q8TDV0	GPR151		
Q8TDT2	GPR152		
Q6NV75	GPR153		
Q7Z3F1	GPR155		
Q5T848	GPR158		
Q6UWK7	GPR15LG	Secreted in other tissues	
Q14439	GPR176		
Q6PRD1	GPR179		
Q14330	GPR18		
O15218	GPR182		
Q15760	GPR19		
Q99679	GPR21		
Q99680	GPR22		
O00155	GPR25		
Q8NDV2	GPR26		
P46089	GPR3		
O00270	GPR31		
O75388	GPR32		
Q49SQ1	GPR33		
Q9HC97	GPR35		
O43194	GPR39		
P46093	GPR4		
O15529	GPR42		
Q9Y5Y3	GPR45		
Q9Y2T5	GPR52		
Q9Y2T6	GPR55		
P46095	GPR6		
Q9BZJ8	GPR61		
Q9BZJ7	GPR62		
Q15743	GPR68		
Q96P69	GPR78		
Q96P67	GPR82		
Q9NYM4	GPR83		
Q9NQS5	GPR84		
P60893	GPR85		
Q9GZN0	GPR88		
Q9NZD1	GPRC5D		
Q5T6X5	GPRC6A		
P22352	GPX3	Secreted to blood	
O75715	GPX5	Secreted in male reproductive system	
P59796	GPX6	Secreted in male reproductive system	
Q96SL4	GPX6	Secreted in male reproductive system	
	GPX7	Secreted to blood	
Q6IC98	GRAMD4		
O60565	GREM1	Secreted to blood	
Q9H772	GREM2	Secreted to blood	
P42261	GRIA1		
P42262	GRIA2		
P42263	GRIA3	Intracellular and membrane	
Q9ULK0	GRID1		
O43424	GRID2		
Q13002	GRIK2	Intracellular and membrane	
Q16478	GRIK2	Intracellular and membrane	
Q13003	GRIK3		
Q16099	GRIK4		
Q05586	GRIN1		
Q14957	GRIN2C		
O15399	GRIN2D		
Q8TCU5	GRIN3A		
O60391	GRIN3B		
Q14416	GRM2		
Q14832	GRM3	Intracellular and membrane	
Q14833	GRM4		
P41594	GRM5	Intracellular and membrane	
O15303	GRM6		
O00222	GRM8		
P07492	GRP	Secreted in other tissues	
Q3ZCW2	GRP	Secreted in other tissues	
Q2KHT4	GSG1		
Q6UXU4	GSG1L		
A8MUP6	GSG1L2		
Q02747	GUCA2A	Secreted to blood	
Q16661	GUCA2B	Secreted to blood	
Q02846	GUCY2D		
P51841	GUCY2F		
P06028	GYPB	Intracellular and membrane	
P15421	GYPE		
P12544	GZMA	Secreted to blood	
P20718	GZMH	Secreted to blood	
P51124	GZMM	Secreted to blood	
Q14520	HABP2	Secreted to blood	
B0YJ81	HACD1		
Q6Y1H2	HACD2		
Q5VWC8	HACD4		
P81172	HAMP	Secreted to blood	
Q9GZV7	HAPLN2	Secreted in brain	
Q86UW8	HAPLN4	Secreted in brain	
Q92819	HAS2		
Q8TDQ0	HAVCR2		
P02042	HBD		
Q9BXC0	HCAR1		
O60741	HCN1		
Q9UL51	HCN2		
Q9P1Z3	HCN3		
Q9Y3Q4	HCN4		
O43612	HCRT	Secreted to blood	
O43613	HCRTR1		
Q86XA9	HEATR5A		
Q9BQS7	HEPH		
Q6MZM0	HEPHL1		
Q9UII4	HERC5		
P14210	HGF	Secreted to blood	
Q04756	HGFAC	Secreted to blood	
Q68CP4	HGSNAT		
Q9HCP6	HHATL		
Q96JK4	HHIPL1	Secreted in other tissues	
C9JL84	HHLA1	Secreted - unknown location	
Q9UM44	HHLA2		
A8MV81	HIGD1C		
Q6ZVN8	HJV		
P01889	HLA-B		
P10321	HLA-C	Intracellular and membrane	
P06340	HLA-DOA		
P13765	HLA-DOB		
P01909	HLA-DQA1		
P01906	HLA-DQA2		
P05538	HLA-DQB2		
P01903	HLA-DRA		
P01911	HLA-DRB1		
Q30154	HLA-DRB5		
P30511	HLA-F		
P17693	HLA-G	Secreted to blood	
P04035	HMGCR		
A8MTL9	HMSD	Secreted to blood	
P0C7T4	HMSD	Secreted to blood	
P05981	HPN		
Q8WWQ2	HPSE2	Secreted to extracellular matrix	
P02790	HPX	Secreted to blood	
P04196	HRG	Secreted to blood	
P25021	HRH2		
Q9Y5N1	HRH3		
Q9H3N8	HRH4		
O00198	HRK		
Q9Y661	HS3ST4		
Q53GQ0	HSD17B12		
P56937	HSD17B7		
P98160	HSPG2	Secreted to extracellular matrix	
P15515	HTN1	Secreted to digestive system	
P15516	HTN3	Secreted to digestive system	
P08908	HTR1A		
P28221	HTR1D		
P28566	HTR1E		
P30939	HTR1F		
P28223	HTR2A		
P28335	HTR2C		
P46098	HTR3A		
O95264	HTR3B		
Q8WXA8	HTR3C		
Q70Z44	HTR3D		
A5X5Y0	HTR3E		
Q13639	HTR4		
P47898	HTR5A		
P50406	HTR6		
P83105	HTRA4	Secreted in female reproductive system	
Q96D96	HVCN1		
Q12794	HYAL1	Secreted to blood	
Q12891	HYAL2		
O43820	HYAL3	Secreted to blood	
P38567	HYAL3	Secreted to blood	
Q2M3T9	HYAL4		
Q14773	ICAM4	Intracellular and membrane	
Q9UMF0	ICAM5		
O60725	ICMT		
P14735	IDE	Secreted in other tissues	
P46695	IER3		
P40305	IFI27		
A6NMD0	IFITM10		
Q01628	IFITM3		
P0DY56	IFNA1	Secreted to blood	
P01566	IFNA10	Secreted to blood	
A0A087WWS6	IFNA13	Secreted to blood	
P01570	IFNA14	Secreted to blood	
P05015	IFNA16	Secreted to blood	
P01571	IFNA17	Secreted to blood	
P01563	IFNA2	Secreted to blood	
P01568	IFNA21	Secreted to blood	
P05014	IFNA4	Secreted to blood	
P01569	IFNA5	Secreted to blood	
P05013	IFNA6	Secreted to blood	
P01567	IFNA7	Secreted to blood	
P32881	IFNA8	Secreted to blood	
P17181	IFNAR1		
P48551	IFNAR2	Secreted to blood	
P01574	IFNB1	Secreted to blood	
Q86WN2	IFNE	Secreted to blood	
P01579	IFNG	Secreted to blood	
Q9P0W0	IFNK	Secreted to blood	
Q8IU54	IFNL1	Secreted to blood	
Q8IZJ0	IFNL2	Secreted to blood	
Q8IZI9	IFNL3	Secreted to blood	
K9M1U5	IFNL4	Secreted - unknown location	
P05000	IFNW1	Secreted to blood	
P05019	IGF1	Secreted to blood	
P35858	IGFALS	Secreted to blood	
P22692	IGFBP4	Secreted to blood	
P24592	IGFBP6	Secreted to blood	
Q6UW32	IGFL1	Secreted in other tissues	
Q6UXB1	IGFL3	Secreted in other tissues	
P01876	IGHA1	Immunoglobulin genes	
P01877	IGHA2	Immunoglobulin genes	
P01880	IGHD		
P0DOY5	IGHD1-1	Immunoglobulin genes	
P01854	IGHE	Immunoglobulin genes	
P01857	IGHG1	Immunoglobulin genes	
P01859	IGHG2	Immunoglobulin genes	
P01860	IGHG3	Immunoglobulin genes	
P01861	IGHG4	Immunoglobulin genes	
A0A0C4DH62	IGHJ1	Immunoglobulin genes	
P01871	IGHM	Immunoglobulin genes	
A0A0C4DH31	IGHV1-18	Immunoglobulin genes	
P23083	IGHV1-2	Immunoglobulin genes	
A0A0C4DH33	IGHV1-24	Immunoglobulin genes	
A0A0C4DH29	IGHV1-3	Immunoglobulin genes	
A0A0A0MS14	IGHV1-45	Immunoglobulin genes	
P01743	IGHV1-46	Immunoglobulin genes	
A0A0C4DH39	IGHV1-58	Immunoglobulin genes	
P01742	IGHV1-69	Immunoglobulin genes	
A0A0G2JMI3	IGHV1-69-2	Immunoglobulin genes	
A0A0B4J2H0	IGHV1-69D	Immunoglobulin genes	
A0A0B4J1V2	IGHV2-26	Immunoglobulin genes	
P01817	IGHV2-5	Immunoglobulin genes	
P01814	IGHV2-70	Immunoglobulin genes	
A0A0C4DH43	IGHV2-70D	Immunoglobulin genes	
P01762	IGHV3-11	Immunoglobulin genes	
P01766	IGHV3-13	Immunoglobulin genes	
A0A0B4J1V0	IGHV3-15	Immunoglobulin genes	
A0A0C4DH30	IGHV3-16	Immunoglobulin genes	
A0A0C4DH32	IGHV3-20	Immunoglobulin genes	
A0A0B4J1V1	IGHV3-21	Immunoglobulin genes	
P01764	IGHV3-23	Immunoglobulin genes	
P01768	IGHV3-30	Immunoglobulin genes	
P01772	IGHV3-33	Immunoglobulin genes	
A0A0C4DH35	IGHV3-35	Immunoglobulin genes	
A0A0C4DH36	IGHV3-38	Immunoglobulin genes	
A0A0B4J1X8	IGHV3-43	Immunoglobulin genes	
P01763	IGHV3-48	Immunoglobulin genes	
A0A0A0MS15	IGHV3-49	Immunoglobulin genes	
P01767	IGHV3-53	Immunoglobulin genes	
A0A075B6Q5	IGHV3-64	Immunoglobulin genes	
A0A0J9YX35	IGHV3-64D	Immunoglobulin genes	
A0A0C4DH42	IGHV3-66	Immunoglobulin genes	
P01780	IGHV3-7	Immunoglobulin genes	
A0A0B4J1Y9	IGHV3-72	Immunoglobulin genes	
A0A0B4J1V6	IGHV3-73	Immunoglobulin genes	
A0A0B4J1X5	IGHV3-74	Immunoglobulin genes	
A0A0C4DH34	IGHV4-28	Immunoglobulin genes	
P0DP07	IGHV4-31	Immunoglobulin genes	
P06331	IGHV4-34	Immunoglobulin genes	
P01824	IGHV4-39	Immunoglobulin genes	
A0A075B6R2	IGHV4-4	Immunoglobulin genes	
P01825	IGHV4-59	Immunoglobulin genes	
A0A0C4DH41	IGHV4-61	Immunoglobulin genes	
A0A0J9YXX1	IGHV5-10-1	Immunoglobulin genes	
A0A0C4DH38	IGHV5-51	Immunoglobulin genes	
A0A0B4J1U7	IGHV6-1	Immunoglobulin genes	
A0A0J9YVY3	IGHV7-4-1	Immunoglobulin genes	
A0A0B4J1V7	IGHV7-81	Immunoglobulin genes	
P0DTE2	IGHV8-51-1	Immunoglobulin genes	
A0A0A0MT89	IGKJ1	Immunoglobulin genes	
A0A0C4DH73	IGKV1-12	Immunoglobulin genes	
P04430	IGKV1-16	Immunoglobulin genes	
P01599	IGKV1-17	Immunoglobulin genes	
A0A075B6S5	IGKV1-27	Immunoglobulin genes	
P01594	IGKV1-33	Immunoglobulin genes	
A0A075B6S9	IGKV1-37	Immunoglobulin genes	
P01597	IGKV1-39	Immunoglobulin genes	
P01602	IGKV1-5	Immunoglobulin genes	
A0A0C4DH72	IGKV1-6	Immunoglobulin genes	
A0A0C4DH67	IGKV1-8	Immunoglobulin genes	
A0A0C4DH69	IGKV1-9	Immunoglobulin genes	
P01611	IGKV1D-12	Immunoglobulin genes	
A0A0B4J2D9	IGKV1D-13	Immunoglobulin genes	
P01601	IGKV1D-16	Immunoglobulin genes	
A0A075B6S4	IGKV1D-17	Immunoglobulin genes	
P01593	IGKV1D-33	Immunoglobulin genes	
P0DSN7	IGKV1D-37	Immunoglobulin genes	
P04432	IGKV1D-39	Immunoglobulin genes	
A0A075B6H8	IGKV1D-42	Immunoglobulin genes	
A0A0B4J1Z2	IGKV1D-43	Immunoglobulin genes	
A0A087WSZ0	IGKV1D-8	Immunoglobulin genes	
A0A0C4DH68	IGKV2-24	Immunoglobulin genes	
A0A075B6P5	IGKV2-28	Immunoglobulin genes	
P06310	IGKV2-30	Immunoglobulin genes	
A0A087WW87	IGKV2-40	Immunoglobulin genes	
A0A075B6R9	IGKV2D-24	Immunoglobulin genes	
A0A0A0MRZ7	IGKV2D-26	Immunoglobulin genes	
P01615	IGKV2D-28	Immunoglobulin genes	
A0A075B6S2	IGKV2D-29	Immunoglobulin genes	
A0A075B6S6	IGKV2D-30	Immunoglobulin genes	
P01614	IGKV2D-40	Immunoglobulin genes	
P06312	IGKV4-1	Immunoglobulin genes	
P06315	IGKV5-2	Immunoglobulin genes	
A0A0C4DH24	IGKV6-21	Immunoglobulin genes	
A0A0A0MT36	IGKV6D-21	Immunoglobulin genes	
A0A0C4DH26	IGKV6D-41	Immunoglobulin genes	
P0CG04	IGLC1	Immunoglobulin genes	
P0DOY2	IGLC2	Immunoglobulin genes	
P0DOY3	IGLC3	Immunoglobulin genes	
A0M8Q6	IGLC7	Immunoglobulin genes	
A0A0A0MT76	IGLJ1	Immunoglobulin genes	
B9A064	IGLL5	Secreted to blood	
A6NGN9	IGLON5	Secreted in brain	
A0A0B4J1U3	IGLV1-36	Immunoglobulin genes	
P01703	IGLV1-40	Immunoglobulin genes	
P01699	IGLV1-44	Immunoglobulin genes	
P01700	IGLV1-47	Immunoglobulin genes	
A0A075B6I6	IGLV1-50	Immunoglobulin genes	
P01701	IGLV1-51	Immunoglobulin genes	
A0A075B6I4	IGLV10-54	Immunoglobulin genes	
A0A075B6I3	IGLV11-55	Immunoglobulin genes	
P01706	IGLV2-11	Immunoglobulin genes	
P01704	IGLV2-14	Immunoglobulin genes	
A0A075B6J9	IGLV2-18	Immunoglobulin genes	
P01705	IGLV2-23	Immunoglobulin genes	
A0A075B6J2	IGLV2-33	Immunoglobulin genes	
P01709	IGLV2-8	Immunoglobulin genes	
P01715	IGLV3-1	Immunoglobulin genes	
A0A075B6K4	IGLV3-10	Immunoglobulin genes	
A0A075B6K2	IGLV3-12	Immunoglobulin genes	
A0A075B6K0	IGLV3-16	Immunoglobulin genes	
P01714	IGLV3-19	Immunoglobulin genes	
P80748	IGLV3-21	Immunoglobulin genes	
A0A075B6J6	IGLV3-22	Immunoglobulin genes	
P01717	IGLV3-25	Immunoglobulin genes	
P01718	IGLV3-27	Immunoglobulin genes	
A0A0A0MS00	IGLV3-32	Immunoglobulin genes	
A0A075B6K5	IGLV3-9	Immunoglobulin genes	
A0A075B6K6	IGLV4-3	Immunoglobulin genes	
A0A075B6I1	IGLV4-60	Immunoglobulin genes	
A0A075B6H9	IGLV4-69	Immunoglobulin genes	
A0A075B6J1	IGLV5-37	Immunoglobulin genes	
A0A087WSX0	IGLV5-45	Immunoglobulin genes	
A0A075B6I7	IGLV5-48	Immunoglobulin genes	
A0A0A0MRZ9	IGLV5-52	Immunoglobulin genes	
P01721	IGLV6-57	Immunoglobulin genes	
P04211	IGLV7-43	Immunoglobulin genes	
A0A075B6I9	IGLV7-46	Immunoglobulin genes	
A0A075B6I0	IGLV8-61	Immunoglobulin genes	
A0A0B4J1Y8	IGLV9-49	Immunoglobulin genes	
O95976	IGSF6		
Q9P2J2	IGSF9		
Q14623	IHH	Secreted in other tissues	
P22301	IL10	Secreted to blood	
P20809	IL11	Secreted to blood	
P29459	IL12A	Secreted to blood	
P29460	IL12B	Secreted to blood	
P35225	IL13	Secreted to blood	
P78552	IL13RA1	Intracellular and membrane	
Q16552	IL17A	Secreted to blood	
Q9UHF5	IL17B	Secreted to blood	
Q9P0M4	IL17C	Secreted to blood	
Q8TAD2	IL17D	Secreted to blood	
Q96PD4	IL17F	Secreted to blood	
Q8NAC3	IL17RC		
Q8NFR9	IL17RE	Intracellular and membrane	
O95256	IL18RAP		
Q9UHD0	IL19	Secreted to blood	
P01584	IL1B	Secreted to blood	
Q8WWZ1	IL1F10	Secreted to blood	
P27930	IL1R2	Secreted to blood	
Q9NZN1	IL1RAPL1		
Q9HB29	IL1RL2		
P60568	IL2	Secreted to blood	
Q9HBE4	IL21	Secreted to blood	
Q9GZX6	IL22	Secreted to blood	
Q8N6P7	IL22RA1		
Q969J5	IL22RA2	Secreted to blood	
Q5VWK5	IL23R		
Q13007	IL24	Secreted to blood	
Q9H293	IL25	Secreted to blood	
Q8NEV9	IL27	Secreted to blood	
P01589	IL2RA		
P14784	IL2RB		
P08700	IL3	Secreted to blood	
Q6EBC2	IL31	Secreted to blood	
P24001	IL32	Secreted to blood	
Q6ZMJ4	IL34	Secreted to blood	
Q9UHA7	IL36A	Secreted to blood	
Q9NZH7	IL36B	Secreted to blood	
Q9UBH0	IL36RN	Secreted to blood	
P26951	IL3RA		
P05112	IL4	Secreted to blood	
P05113	IL5	Secreted to blood	
Q01344	IL5RA	Intracellular and membrane	
P08887	IL6R	Secreted to blood	
P13232	IL7	Secreted to blood	
P15248	IL9	Secreted to blood	
Q01113	IL9R	Intracellular and membrane	
Q86SU0	ILDR1	Intracellular and membrane	
Q9BZV3	IMPG2	Secreted in other tissues	
P0DMQ5	INAFM2		
P08476	INHBA	Secreted to blood	
P01308	INS	Secreted to blood	
Q9Y5U4	INSIG2		
P51460	INSL3	Secreted to blood	
Q9Y5Q6	INSL5	Secreted to blood	
Q9Y581	INSL6	Secreted to blood	
P14616	INSRR		
Q9H0H0	INTS2		
Q8N6M8	IQCF1		
A8MTL0	IQCF5		
P05161	ISG15	Secreted to blood	
Q6UXK2	ISLR2		
B1AKI9	ISM1	Secreted in other tissues	
Q9UKX5	ITGA11		
P17301	ITGA2		
P08648	ITGA5		
P23229	ITGA6		
Q13349	ITGAD		
P38570	ITGAE		
P20701	ITGAL		
P11215	ITGAM		
O95965	ITGBL1	Secreted - unknown location	
Q06033	ITIH3	Secreted to blood	
Q6UXX5	ITIH6	Secreted to blood	
Q8WWU7	ITLN2	Secreted to digestive system	
	ITM2C		
Q6GPH6	ITPRIPL1		
Q8IYV9	IZUMO1		
Q96N16	JAKMIP1		
Q5VZ66	JAKMIP3		
P01591	JCHAIN	Secreted to blood	
Q9BR39	JPH2		
Q8N6L0	KASH5		
Q96I82	KAZALD1	Secreted to extracellular matrix	
Q09470	KCNA1		
Q16322	KCNA10		
P16389	KCNA2		
P22001	KCNA3		
P22459	KCNA4		
P22460	KCNA5		
Q14721	KCNB1		
Q96PR1	KCNC2		
Q14003	KCNC3		
Q9NZV8	KCND2		
Q9UK17	KCND3		
P15382	KCNE1		
Q9Y6J6	KCNE2		
Q9UJ90	KCNE5		
Q9UJ96	KCNG2		
Q12809	KCNH2		
Q9ULD8	KCNH3		
Q9UQ05	KCNH4		
Q9H252	KCNH6		
Q9NS40	KCNH7		
P48048	KCNJ1		
P78508	KCNJ10		
Q14654	KCNJ11		
Q99712	KCNJ14		
Q9UNX9	KCNJ14		
P63252	KCNJ2		
P48544	KCNJ5		
P48051	KCNJ6		
Q15842	KCNJ8		
Q92806	KCNJ9		
P57789	KCNK10		
Q9HB15	KCNK12		
Q9H427	KCNK15		
Q96T55	KCNK16		
Q7Z418	KCNK18		
O95069	KCNK2		
Q13303	KCNK2		
O14649	KCNK3		
Q9NYG8	KCNK4		
Q12791	KCNMA1		
Q16558	KCNMB1		
Q9NPA1	KCNMB2		
Q9Y691	KCNMB2		
O43525	KCNQ3		
P56696	KCNQ4		
Q9ULS6	KCNS2		
Q8TDN2	KCNV2		
Q6ZWJ8	KCP	Secreted in other tissues	
Q96MP8	KCTD7		
P33947	KDELR2		
Q06136	KDSR		
O60938	KERA	Secreted to extracellular matrix	
P43626	KIR2DL1		
P43628	KIR2DL3		
Q99706	KIR2DL4	Intracellular and membrane	
P43632	KIR2DS4	Secreted to blood	
P43629	KIR3DL1		
P43630	KIR3DL2		
Q8N743	KIR3DL3		
Q96J84	KIRREL1		
Q8IZU9	KIRREL3	Intracellular and membrane	
Q9UEF7	KL	Secreted to blood	
P06870	KLK1	Secreted to digestive system	
O43240	KLK10	Secreted in other tissues	
Q9UBX7	KLK11	Secreted in other tissues	
Q9UKR0	KLK12	Secreted in other tissues	
Q9UKR3	KLK13	Secreted in other tissues	
Q9P0G3	KLK14	Secreted in other tissues	
Q9H2R5	KLK15	Secreted to blood	
P20151	KLK2	Secreted in male reproductive system	
P03952	KLK3	Secreted in male reproductive system	
P07288	KLK3	Secreted in male reproductive system	
Q9Y5K2	KLK4	Secreted in male reproductive system	
Q9Y337	KLK5	Secreted in other tissues	
Q9UKQ9	KLK9	Secreted in other tissues	
	KLKB1	Secreted to blood	
O43908	KLRC4		
Q13241	KLRD1		
D3W0D1	KLRF2		
O15229	KMO		
A6PVL3	KNCN		
P01042	KNG1	Secreted to blood	
Q96MU8	KREMEN1		
Q8NCW0	KREMEN2	Intracellular and membrane	
P13645	KRT10	Secreted in other tissues	
Q8N6L1	KRTCAP2		
P60985	KRTDAP	Secreted in other tissues	
Q9GZZ8	LACRT	Secreted to digestive system	
P18627	LAG3	Intracellular and membrane	
Q6ISS4	LAIR2	Secreted to blood	
P00709	LALBA	Secreted in female reproductive system	
P25391	LAMA1	Secreted to extracellular matrix	
P24043	LAMA2	Secreted to extracellular matrix	
P07942	LAMB1	Secreted to extracellular matrix	
A4D0S4	LAMB4	Secreted to extracellular matrix	
Q9Y6N6	LAMC3	Secreted to extracellular matrix	
P11279	LAMP1		
P18428	LBP	Secreted to blood	
P31025	LCN1	Secreted in other tissues	
Q6JVE6	LCN10	Secreted in male reproductive system	
Q6JVE5	LCN12	Secreted in male reproductive system	
Q6UWW0	LCN15	Secreted in other tissues	
P62502	LCN6	Secreted in male reproductive system	
Q6JVE9	LCN8	Secreted in male reproductive system	
Q8WX39	LCN9	Secreted in male reproductive system	
P09848	LCT		
Q9H6V9	LDAH		
Q5SZI1	LDLRAD2	Secreted - unknown location	
Q969E1	LEAP2	Secreted to blood	
O75610	LEFTY1	Secreted in other tissues	
O00292	LEFTY2	Secreted in other tissues	
O95214	LEPROTL1		
Q08380	LGALS3BP	Secreted to blood	
O95970	LGI1	Secreted in brain	
Q8N145	LGI3	Secreted in brain	
P01229	LHB	Secreted to blood	
Q86WI0	LHFPL1		
Q6ICI0	LHFPL7		
P42702	LIFR	Intracellular and membrane	
O75019	LILRA1		
Q8N149	LILRA2	Secreted to blood	
P59901	LILRA4		
A6NI73	LILRA5	Secreted to blood	
Q8NHL6	LILRB1	Intracellular and membrane	
Q8N423	LILRB2		
Q8NHJ6	LILRB4		
O75023	LILRB5		
P55344	LIM2		
	LINC02210-CRHR1		
P11150	LIPC	Secreted to blood	
P07098	LIPF	Secreted to digestive system	
Q9Y5X9	LIPG	Secreted to blood	
Q8WWY8	LIPH	Secreted to blood	
Q5VXJ0	LIPK	Secreted in other tissues	
Q5VXI9	LIPN	Secreted in other tissues	
A0A1B0GVX0	LITAFD		
Q96L11	LLCFC1	Secreted in male reproductive system	
Q9HAT1	LMAN1L		
Q9H0V9	LMAN2L		
Q6UX01	LMBR1L		
Q96S06	LMF1		
Q9UIQ6	LNPEP	Intracellular and membrane	
P58215	LOXL3	Secreted to extracellular matrix	
P08519	LPA	Secreted to blood	
Q92633	LPAR1		
Q9HBW0	LPAR2		
Q9H1C0	LPAR5		
Q6P1A2	LPCAT3		
Q643R3	LPCAT4		
Q6ZWT7	LPCAT4		
Q92604	LPGAT1		
P22079	LPO	Secreted to digestive system	
A6NCL2	LRCOL1	Secreted in male reproductive system	
Q9P244	LRFN1		
Q9BTN0	LRFN3		
Q6PJG9	LRFN4		
Q96NI6	LRFN5	Intracellular and membrane	
A6NDA9	LRIT2		
O75197	LRP5		
O75581	LRP6		
Q14114	LRP8	Secreted in other tissues	
Q9H756	LRRC19		
Q9BY71	LRRC3		
Q5VT99	LRRC38		
Q96PB8	LRRC3B		
A6NJW4	LRRC3C		
Q9NT99	LRRC4B		
Q8N7C0	LRRC52		
A6NM62	LRRC53		
Q6ZSA7	LRRC55		
Q68CR7	LRRC66		
Q7Z2Q7	LRRC70		
Q8IWT6	LRRC8A		
Q6P9F7	LRRC8B		
Q7L1W4	LRRC8D		
Q6NSJ5	LRRC8E		
O43300	LRRTM2		
Q86VH5	LRRTM3		
Q86VH4	LRRTM4		
Q9HBL6	LRTM1		
P01374	LTA	Secreted to blood	
Q15722	LTB4R		
Q14766	LTBP1	Secreted to extracellular matrix	
Q14767	LTBP2	Secreted to extracellular matrix	
Q9NS15	LTBP3	Secreted to blood	
Q8N2S1	LTBP4	Secreted to extracellular matrix	
P02788	LTF	Secreted to blood	
P51884	LUM	Secreted to extracellular matrix	
Q14210	LY6D		
Q16553	LY6E	Intracellular and membrane	
Q8NDX9	LY6G5B	Secreted to blood	
Q5SRR4	LY6G5C	Secreted - unknown location	
O95867	LY6G6C		
O95868	LY6G6D	Intracellular and membrane	
Q5SQ64	LY6G6D	Intracellular and membrane	
	LY6G6F		
	LY6G6F-LY6G6D		
P0DTL4	LY6S		
	LY75-CD302		
O95711	LY86	Secreted to blood	
Q8N1E2	LYG1	Secreted in other tissues	
Q86SG7	LYG2	Secreted in other tissues	
P0DP58	LYNX1		
Q6UX82	LYPD8	Secreted to digestive system	
Q9Y5Y7	LYVE1		
Q6UWQ5	LYZL1	Secreted in male reproductive system	
Q7Z4W2	LYZL2	Secreted in male reproductive system	
O75951	LYZL6	Secreted in male reproductive system	
P20645	M6PR		
Q13477	MADCAM1		
Q96JG8	MAGED4		
	MAGED4B		
Q9H0U3	MAGT1	Intracellular and membrane	
Q969L2	MAL2		
Q13021	MALL		
Q9Y2E5	MAN2B2	Secreted to blood	
A6NHS7	MANSC4		
P27338	MAOB		
A6NNE9	MARCHF11		
Q9P2E8	MARCHF4		
Q5T0T0	MARCHF8		
Q86YJ5	MARCHF9		
P27448	MARK3		
Q9BSK0	MARVELD1		
P04201	MAS1		
P21941	MATN1	Secreted to extracellular matrix	
O00339	MATN2	Secreted to extracellular matrix	
O95460	MATN4	Secreted to extracellular matrix	
P11226	MBL2	Secreted to blood	
Q6ZNC8	MBOAT1		
Q14703	MBTPS1		
Q01726	MC1R		
Q01718	MC2R		
P41968	MC3R		
P32245	MC4R		
Q99705	MCHR1		
Q8IZK6	MCOLN2		
Q8TDD5	MCOLN3		
Q96AQ8	MCUR1		
Q7Z553	MDGA2		
O75448	MED24		
A6BM72	MEGF11		
Q7Z7M0	MEGF8		
Q14680	MELK		
Q16819	MEP1A		
Q16820	MEP1B	Secreted to digestive system	
Q9NQ76	MEPE	Secreted to extracellular matrix	
Q641Q3	METRNL	Secreted to blood	
Q5JXM2	METTL24	Secreted - unknown location	
Q6P1Q9	METTL2B		
P55001	MFAP2	Secreted to extracellular matrix	
Q13361	MFAP5	Secreted to extracellular matrix	
Q9BY79	MFRP		
O43934	MFSD11		
Q6NUT3	MFSD12		
A6NFX1	MFSD2B		
Q8N468	MFSD4A		
Q5TF39	MFSD4B	Intracellular and membrane	
Q6N075	MFSD5		
Q8IWD5	MFSD6L		
O43451	MGAM		
P26572	MGAT1		
Q09328	MGAT5	Intracellular and membrane	
P08493	MGP	Secreted to blood	
Q16674	MIA	Secreted to blood	
Q29983	MICA		
Q86XE3	MICU3		
Q96C03	MIEF2		
Q7Z6M3	MILR1		
P59773	MINAR2		
Q9UNW1	MINPP1	Secreted to blood	
P30301	MIP		
Q8WZ33	MIP		
Q99797	MIP		
Q9NPJ1	MKKS		
Q16655	MLANA		
Q14165	MLEC		
P0DMT0	MLN	Secreted to blood	
P12872	MLN	Secreted to blood	
Q8IY49	MMD2		
Q8N4V1	MMGT1		
P39900	MMP12	Secreted to extracellular matrix	
P45452	MMP13	Secreted to extracellular matrix	
Q9ULZ9	MMP17	Secreted to extracellular matrix	
O60882	MMP20	Secreted to extracellular matrix	
Q9NPA2	MMP20	Secreted to extracellular matrix	
O75900	MMP21	Secreted to extracellular matrix	
Q8N119	MMP21	Secreted to extracellular matrix	
Q9NRE1	MMP26	Secreted to extracellular matrix	
Q9H239	MMP28	Secreted to extracellular matrix	
Q16653	MOG		
Q3SYC2	MOGAT2		
Q86VF5	MOGAT3		
Q8NHV5	MOSMO		
P0DKB6	MPC1L		
O95563	MPC2		
Q2M385	MPEG1	Secreted to blood	
P39210	MPV17		
Q567V2	MPV17L2		
P25189	MPZ		
Q96G30	MRAP2		
P22897	MRC1		
Q9UBG0	MRC2		
Q8TDS7	MRGPRD		
Q86SM8	MRGPRE		
Q86SM5	MRGPRG		
Q96LB2	MRGPRX1		
Q96LB1	MRGPRX2		
Q96LB0	MRGPRX3		
Q96LA9	MRGPRX4		
Q9HD23	MRS2		
Q96PG2	MS4A10		
Q5J8X5	MS4A13	Secreted - unknown location	
Q96JA4	MS4A13	Secreted - unknown location	
Q3C1V0	MS4A18		
Q01362	MS4A2		
Q96JQ5	MS4A4A		
Q96PG1	MS4A4E		
Q9H3V2	MS4A5		
Q9GZW8	MS4A7		
Q9BY19	MS4A8		
	MSANTD3-TMEFF1		
Q96KJ4	MSLNL		
P08118	MSMB	Secreted in male reproductive system	
P21757	MSR1		
O14793	MSTN	Secreted in other tissues	
P00846	MT-ATP6		
P03928	MT-ATP8		
P00403	MT-CO2		
P00414	MT-CO3		
P03886	MT-ND1		
P03891	MT-ND2		
P03915	MT-ND5		
P03923	MT-ND6		
Q969Z3	MTARC2		
Q9NZJ7	MTCH1		
Q8NCU8	MTLN		
P48039	MTNR1A		
P49286	MTNR1B		
Q9UKN1	MUC12		
Q9H3R2	MUC13	Secreted to digestive system	
Q8N387	MUC15	Intracellular and membrane	
Q8WXI7	MUC16	Secreted in other tissues	
Q685J3	MUC17	Intracellular and membrane	
Q5SSG8	MUC21		
E2RYF6	MUC22		
Q99102	MUC4	Secreted in other tissues	
Q6W4X9	MUC6	Secreted to digestive system	
Q8TAX7	MUC7	Secreted to digestive system	
Q96DR8	MUCL1	Secreted in other tissues	
Q3MIW9	MUCL3		
O15146	MUSK		
A6NDP7	MYADML2		
Q969H8	MYDGF	Secreted to blood	
A6NI61	MYMK		
Q99972	MYOC	Secreted to extracellular matrix	
Q9UK23	NAGPA		
B1AL88	NALF1		
O75949	NALF2		
O96009	NAPSA	Secreted in other tissues	
P41271	NBL1	Secreted in other tissues	
O14594	NCAN	Secreted in brain	
Q5T1S8	NCMAP		
O76036	NCR1		
O95944	NCR2		
O14931	NCR3		
Q68D85	NCR3LG1		
Q9BT67	NDFIP1	Intracellular and membrane	
P52848	NDST1		
O95167	NDUFA3		
O43676	NDUFB3		
Q15223	NECTIN1	Secreted in other tissues	
Q92832	NELL1	Secreted in other tissues	
Q9UMX5	NENF	Secreted to blood	
O94856	NFASC		
P01138	NGF	Secreted in other tissues	
Q96IV0	NGLY1		
Q5JS37	NHLRC3	Secreted to blood	
Q92982	NINJ1	Intracellular and membrane	
Q7RTP0	NIPA1		
Q9H841	NIPAL2		
Q0D2K0	NIPAL4		
Q4KMZ8	NKAIN1		
Q8N8D7	NKAIN3		
Q8IVV8	NKAIN4		
Q8N0W4	NLGN4X		
Q8NFZ3	NLGN4Y	Intracellular and membrane	
Q5H8A3	NMS	Secreted in brain	
P48645	NMU	Secreted in other tissues	
Q9HB89	NMUR1		
Q16517	NNAT		
Q96S42	NODAL	Secreted to blood	
Q13253	NOG	Secreted to blood	
Q5JPE7	NOMO2		
P69849	NOMO3		
Q7Z3S9	NOTCH2NLA	Secreted to blood	
P0DPK3	NOTCH2NLB	Secreted to blood	
P0DPK4	NOTCH2NLC	Secreted to blood	
Q99466	NOTCH4		
Q9Y5S8	NOX1		
Q9NPH5	NOX4		
Q96PH1	NOX5		
Q96PH1	NOX5		
Q8NG41	NPB	Secreted in other tissues	
P48145	NPBWR1		
P48146	NPBWR2		
O15118	NPC1		
Q9UHC9	NPC1L1		
P61916	NPC2	Secreted to blood	
O15130	NPFF	Secreted in male reproductive system	
Q9GZQ6	NPFFR1		
O60500	NPHS1		
Q9NP85	NPHS2		
P01160	NPPA	Secreted to blood	
P23582	NPPC	Secreted to blood	
P20594	NPR2		
P0C0P6	NPS	Secreted in brain	
Q6W5P4	NPSR1		
Q9HCQ7	NPVF	Secreted in other tissues	
Q8N729	NPW	Secreted to blood	
P25929	NPY1R		
P49146	NPY2R		
P50391	NPY4R		
P0DQD5	NPY4R2		
Q15761	NPY5R		
Q8WWG1	NRG4	Secreted to digestive system	
Q9NPD7	NRN1		
Q496H8	NRN1L	Secreted - unknown location	
Q86YC3	NRROS		
P58401	NRXN2		
Q9P2S2	NRXN2		
Q9HDB5	NRXN3		
Q9Y4C0	NRXN3		
P42857	NSG1		
Q9P121	NTM	Intracellular and membrane	
O00634	NTN3	Secreted in brain	
Q9HB63	NTN4	Secreted to extracellular matrix	
Q8WTR8	NTN5	Secreted in brain	
O95665	NTSR2		
Q92621	NUP205		
Q8TEM1	NUP210		
Q8N1F7	NUP93		
P52948	NUP98		
Q8N323	NXPE1	Intracellular and membrane	
Q6UWF7	NXPE4	Secreted to digestive system	
P58417	NXPH1	Secreted in brain	
O95156	NXPH2	Secreted in brain	
O95158	NXPH4	Secreted in brain	
Q9NY56	OBP2A	Secreted in other tissues	
Q9NPH6	OBP2B	Secreted in other tissues	
Q02509	OC90	Secreted in other tissues	
Q9BR26	OCSTAMP		
Q17RF5	ODAPH	Secreted in other tissues	
Q8WWZ8	OIT3	Secreted to blood	
Q6UWY5	OLFML1	Secreted - unknown location	
Q86WS3	OOSP2	Secreted in male reproductive system	
A0A2R8YFM6	OOSP3	Secreted - unknown location	
A0A2R8YFL7	OOSP4A	Secreted - unknown location	
A0A2R8Y4Y8	OOSP4B	Secreted - unknown location	
Q96PE5	OPALIN		
P04000	OPN1LW		
P04001	OPN1MW		
P0DN77	OPN1MW2		
P0DN78	OPN1MW3		
P03999	OPN1SW		
Q9UHM6	OPN4		
Q6U736	OPN5		
P41143	OPRD1		
P35372	OPRM1		
Q99935	OPRPN	Secreted in other tissues	
Q9UBM4	OPTC	Secreted in other tissues	
Q9H208	OR10A2		
P58181	OR10A3		
Q9H209	OR10A4		
Q9H207	OR10A5		
Q8NH74	OR10A6		
Q8NGE5	OR10A7		
Q8NH08	OR10AC1		
Q8NGE0	OR10AD1		
Q8NH19	OR10AG1		
Q96KK4	OR10C1		
Q8NH80	OR10D3		
Q8NGC3	OR10G2		
Q8NGC4	OR10G3		
Q8NGN3	OR10G4		
Q8NH81	OR10G6		
Q8NGN6	OR10G7		
Q8NGN5	OR10G8		
Q8NGN4	OR10G9		
Q9Y4A9	OR10H1		
O60403	OR10H2		
O60404	OR10H3		
Q8NGA5	OR10H4		
Q8NGA6	OR10H5		
P30954	OR10J1		
Q5JRS4	OR10J3		
P0C629	OR10J4		
Q8NHC4	OR10J5		
Q8NGX5	OR10K1		
Q6IF99	OR10K2		
Q8NGX6	OR10R2		
Q8NGN2	OR10S1		
Q8NGX3	OR10T2		
Q8NGI7	OR10V1		
Q8NGF6	OR10W1		
Q8NGY0	OR10X1		
Q8NGY1	OR10Z1		
Q9GZK7	OR11A1		
Q8NGC1	OR11G2		
Q8NG94	OR11H1		
B2RN74	OR11H12		
Q8NH07	OR11H2		
Q8NGC9	OR11H4		
Q8NGC7	OR11H6		
Q8NGC8	OR11H7		
Q8NGX0	OR11L1		
P0DN82	OR12D1		
P58182	OR12D2		
Q9UGF7	OR12D3		
Q8NGR1	OR13A1		
Q8NGS6	OR13C3		
Q8NGS5	OR13C4		
P0DN81	OR13C7		
Q8NGS7	OR13C8		
Q8NGV5	OR13D1		
Q8NGS4	OR13F1		
Q8NGZ3	OR13G1		
Q8NG92	OR13H1		
Q8NGT2	OR13J1		
Q8NHC5	OR14A16		
Q96R54	OR14A2		
Q8NHC7	OR14C36		
A6ND48	OR14I1		
Q9UGF5	OR14J1		
Q8NGZ2	OR14K1		
Q8NHC6	OR14L1P		
Q9P1Q5	OR1A1		
Q9Y585	OR1A2		
Q8NGR6	OR1B1		
Q15619	OR1C1		
P34982	OR1D2		
P58170	OR1D5		
P30953	OR1E1		
P47887	OR1E2		
O43749	OR1F1		
P47890	OR1G1		
O60431	OR1I1		
Q8NGS3	OR1J1		
Q8NGS2	OR1J2		
Q8NGS1	OR1J4		
Q8NGR3	OR1K1		
Q8NH94	OR1L1		
Q8NH93	OR1L3		
Q8NGR5	OR1L4		
Q8NGR2	OR1L6		
Q8NGR8	OR1L8		
Q8NGA1	OR1M1		
Q8NGS0	OR1N1		
Q8NGR9	OR1N2		
Q8NH06	OR1P1		
Q15612	OR1Q1		
A0A286YEU6	OR1R1P		
Q8NH92	OR1S1		
Q8NGQ3	OR1S2		
Q8NGT9	OR2A1		
Q8NGT7	OR2A12		
Q96R47	OR2A14		
Q6IF42	OR2A2		
A4D2G3	OR2A25		
O95047	OR2A4		
	OR2A42		
Q96R48	OR2A5		
Q96R45	OR2A7		
Q8NHA4	OR2AE1		
Q9H205	OR2AG1		
A6NM03	OR2AG2		
Q8NGZ0	OR2AJ1		
Q8NG84	OR2AK2		
Q8NGE2	OR2AP1		
A6NND4	OR2AT4		
Q5JQS5	OR2B11		
Q9GZK3	OR2B2		
O76000	OR2B3		
P58173	OR2B6		
P59922	OR2B8P		
O95371	OR2C1		
Q9H210	OR2D2		
Q8NGH3	OR2D3		
Q13607	OR2F1		
O95006	OR2F2		
Q8NGZ5	OR2G2		
Q8NGZ4	OR2G3		
Q5TZ20	OR2G6		
Q9GZK4	OR2H1		
O95918	OR2H2		
Q8NGU4	OR2I1P		
Q9GZK6	OR2J1		
O76002	OR2J2		
O76001	OR2J3		
Q8NGT1	OR2K2		
Q8N349	OR2L13		
Q8NH16	OR2L2		
Q8NG85	OR2L3		
Q8NG80	OR2L5		
Q8NGY9	OR2L8		
Q96R28	OR2M2		
Q8NG83	OR2M3		
Q96R27	OR2M4		
A3KFT3	OR2M5		
Q8NG81	OR2M7		
Q9NQN1	OR2S2		
O43869	OR2T1		
Q8NGZ9	OR2T10		
Q8NH01	OR2T11		
Q8NG77	OR2T12		
Q6IF00	OR2T2		
Q8NH04	OR2T27		
Q8NH02	OR2T29		
Q8NH03	OR2T3		
Q8NG76	OR2T33		
Q8NGX1	OR2T34		
Q8NGX2	OR2T35		
Q8NH00	OR2T4		
Q6IEZ7	OR2T5		
Q8NHC8	OR2T6		
A6NH00	OR2T8		
Q8NHB1	OR2V1		
Q96R30	OR2V2		
Q9Y3N9	OR2W1		
Q7Z3T1	OR2W3		
Q8NGV0	OR2Y1		
Q8NG97	OR2Z1		
P47881	OR3A1		
P47893	OR3A2		
P47888	OR3A3		
Q8NGL6	OR4A15		
Q8NH70	OR4A16		
Q6IF82	OR4A47		
Q8NH83	OR4A5		
P0C604	OR4A8		
Q8NGF8	OR4B1		
Q6IEV9	OR4C11		
Q96R67	OR4C12		
Q8NGP0	OR4C13		
Q8NGM1	OR4C15		
Q8NGL9	OR4C16		
Q8NH37	OR4C3		
A6NMZ5	OR4C45		
A6NHA9	OR4C46		
Q8NGB2	OR4C5		
Q8NH72	OR4C6		
Q15615	OR4D1		
Q8NGI6	OR4D10		
Q8NGI4	OR4D11		
P58180	OR4D2		
Q8NGN0	OR4D5		
Q8NGJ1	OR4D6		
Q8NGE8	OR4D9		
P0C645	OR4E1		
Q8NGC2	OR4E2		
Q8NGB8	OR4F15		
Q6IEY1	OR4F16		
Q8NGA8	OR4F17		
O95013	OR4F21		
	OR4F29		
	OR4F3		
Q96R69	OR4F4		
Q8NH21	OR4F5		
Q8NGB9	OR4F6		
Q8NGD4	OR4K1		
Q8NH42	OR4K13		
Q8NGD5	OR4K14		
Q8NH41	OR4K15		
Q8NGC6	OR4K17		
Q8NGD2	OR4K2		
Q96R72	OR4K3		
Q8NGD3	OR4K5		
Q8NH43	OR4L1		
Q8NGD0	OR4M1		
Q8NGB6	OR4M2		
A0A0X1KG70	OR4M2B		
Q8NGD1	OR4N2		
Q8IXE1	OR4N5		
Q8NGL7	OR4P4		
P0C623	OR4Q2		
Q8NH05	OR4Q3		
Q8NGB4	OR4S1		
Q8NH73	OR4S2		
Q8NH49	OR4X1		
Q8NGF9	OR4X2		
Q8NGJ7	OR51A2		
Q8NGJ6	OR51A4		
Q8NH64	OR51A7		
Q9Y5P1	OR51B2		
Q9Y5P0	OR51B4		
Q9H339	OR51B5		
Q9H340	OR51B6		
A0A3B3IT45	OR51C1P		
Q8NGF3	OR51D1		
Q8TCB6	OR51E1		
Q9H255	OR51E2		
A6NGY5	OR51F1		
Q8NH61	OR51F2		
Q8NGK1	OR51G1		
Q8NGK0	OR51G2		
Q9H343	OR51I1		
Q9H344	OR51I2		
Q8NGJ5	OR51L1		
Q9H341	OR51M1		
Q8NH59	OR51Q1		
Q8NGJ8	OR51S1		
Q8NGJ9	OR51T1		
Q9H2C8	OR51V1		
Q9UKL2	OR52A1		
Q9H2C5	OR52A5		
Q96RD2	OR52B2		
Q8NGK2	OR52B4		
Q8NGF0	OR52B6		
Q9H346	OR52D1		
Q8NGJ3	OR52E1		
Q8NGJ4	OR52E2		
Q8NGH9	OR52E4		
Q8NH55	OR52E5		
Q96RD3	OR52E6		
Q6IFG1	OR52E8		
Q8NGJ2	OR52H1		
Q8NGK6	OR52I1		
Q8NH67	OR52I2		
Q8NH60	OR52J3		
Q8NGK4	OR52K1		
Q8NGK3	OR52K2		
Q8NGH7	OR52L1		
Q8NGK5	OR52M1		
Q8NH53	OR52N1		
Q8NGI0	OR52N2		
Q8NGI2	OR52N4		
Q8NH56	OR52N5		
Q8NH57	OR52P1		
Q8NGF1	OR52R1		
Q6IF63	OR52W1		
Q8NGH5	OR56A1		
Q8NH54	OR56A3		
Q8NGH8	OR56A4		
P0C7T3	OR56A5		
Q8NGI3	OR56B1		
Q8NGI1	OR56B2P		
Q8NH76	OR56B4		
Q8NGJ0	OR5A1		
Q8NGI9	OR5A2		
P0C628	OR5AC1		
Q9NZP5	OR5AC2		
Q8NH90	OR5AK2		
Q8NH89	OR5AK3P		
P0C617	OR5AL1		
Q8NGI8	OR5AN1		
Q8NGF4	OR5AP2		
Q8NGP9	OR5AR1		
Q8N127	OR5AS1		
Q8NGC0	OR5AU1		
Q96R08	OR5B12		
Q8NGF7	OR5B17		
Q96R09	OR5B2		
A6NL26	OR5B21		
Q8NH48	OR5B3		
A0A2R8YED5	OR5BS1P		
Q8NGR4	OR5C1		
Q8NGL4	OR5D13		
Q8NGL3	OR5D14		
Q8NGK9	OR5D16		
Q8NGL1	OR5D18		
A0A2R8Y4L6	OR5D3P		
O95221	OR5F1		
P0C626	OR5G3		
A6NKK0	OR5H1		
A6NHG9	OR5H14		
A6NDH6	OR5H15		
Q8NGV7	OR5H2		
Q8NGV6	OR5H6		
P0DN80	OR5H8		
Q13606	OR5I1		
Q8NH18	OR5J2		
Q8NHB7	OR5K1		
Q8NHB8	OR5K2		
A6NET4	OR5K3		
A6NMS3	OR5K4		
Q8NGL2	OR5L1		
Q8NGL0	OR5L2		
Q8NGP8	OR5M1		
Q6IEU7	OR5M10		
Q96RB7	OR5M11		
Q8NGP4	OR5M3		
Q8NGP6	OR5M8		
Q8NGP3	OR5M9		
Q8WZ92	OR5P2		
Q8WZ94	OR5P3		
Q8NG75	OR5T1		
Q8NGG2	OR5T2		
Q8NGG3	OR5T3		
Q9UGF6	OR5V1		
Q8NH69	OR5W2		
O95222	OR6A2		
O95007	OR6B1		
Q96RD1	OR6C1		
Q9NZP2	OR6C2		
Q9NZP0	OR6C3		
Q8NGE1	OR6C4		
A6NJZ3	OR6C65		
A6NDL8	OR6C68		
A6NIJ9	OR6C70		
A6NCV1	OR6C74		
A6NL08	OR6C75		
A6NM76	OR6C76		
Q8NGZ6	OR6F1		
Q8NGC5	OR6J1		
Q8NGY2	OR6K2		
Q8NGY3	OR6K3		
Q8NGW6	OR6K6		
Q8NGM8	OR6M1		
Q8NGY5	OR6N1		
Q8NGY6	OR6N2		
Q8NGQ2	OR6Q1		
Q8NH40	OR6S1		
Q8NGN1	OR6T1		
Q8N148	OR6V1		
Q8NH79	OR6X1		
Q8NGX8	OR6Y1		
O76100	OR7A10		
O14581	OR7A17		
Q15622	OR7A5		
O76099	OR7C1		
O60412	OR7C2		
Q96RA2	OR7D2		
Q8NG98	OR7D4		
Q6IFN5	OR7E24		
Q8NGA0	OR7G1		
Q8NG99	OR7G2		
Q8NG95	OR7G3		
Q8NGG7	OR8A1		
Q8NGG6	OR8B12		
Q96RD0	OR8B2		
Q8NGG8	OR8B3		
Q96RC9	OR8B4		
Q15620	OR8B8		
Q8WZ84	OR8D1		
Q9GZM6	OR8D2		
Q8NGM9	OR8D4		
Q15617	OR8G1		
Q6IF36	OR8G2P		
P0DMU2	OR8G3P		
Q8NG78	OR8G5		
Q8NGG4	OR8H1		
Q8N162	OR8H2		
Q8N146	OR8H3		
Q8N0Y5	OR8I2		
Q8NGP2	OR8J1		
Q8NGG1	OR8J2		
Q8NGG0	OR8J3		
Q8NGG5	OR8K1		
Q8NH51	OR8K3		
Q8NH50	OR8K5		
Q8NH09	OR8S1		
Q8NH10	OR8U1		
Q8NH85	OR8U3		
Q8NGU1	OR9A1P		
Q8NGT5	OR9A2		
Q8NGU2	OR9A4		
Q8NH87	OR9G1		
Q8NGQ1	OR9G4		
Q6UXT6	OR9H1P		
Q8NGQ6	OR9I1		
Q8NGE7	OR9K2		
Q8NGQ5	OR9Q1		
Q8NGE9	OR9Q2		
Q96D31	ORAI1		
P13725	OSM	Secreted to blood	
P0C6T2	OST4		
Q9NRP0	OSTC		
P61366	OSTN	Secreted in other tissues	
Q7RTW8	OTOA	Secreted in other tissues	
Q9HC10	OTOF		
Q6ZRI0	OTOG	Secreted in other tissues	
A6NHN0	OTOL1	Secreted in other tissues	
Q7RTM1	OTOP1		
Q7RTS5	OTOP3		
Q9NRC9	OTOR	Secreted in other tissues	
Q8NHW6	OTOS	Secreted in other tissues	
Q7RTY7	OVCH1	Secreted in other tissues	
Q7RTZ1	OVCH2	Secreted in male reproductive system	
Q8TDS5	OXER1		
P01178	OXT	Secreted to blood	
P30559	OXTR		
Q9UBL9	P2RX2		
P56373	P2RX3		
Q99571	P2RX4		
Q99572	P2RX7		
P47900	P2RY1		
O00398	P2RY10		
Q96G91	P2RY11		
Q9H244	P2RY12		
Q9BPV8	P2RY13		
Q15391	P2RY14		
P51582	P2RY4		
Q15077	P2RY6		
Q86VZ1	P2RY8		
Q9H813	PACC1		
P09466	PAEP	Secreted in female reproductive system	
Q6UXH9	PAMR1	Secreted - unknown location	
Q96QZ0	PANX3		
O95428	PAPLN	Secreted - unknown location	
Q13219	PAPPA	Secreted in female reproductive system	
Q6TCH7	PAQR3		
Q6TCH4	PAQR6		
Q6ZVX9	PAQR9		
Q8N5Y8	PARP16		
Q9HBI0	PARVG		
Q8WXA2	PATE1	Secreted in male reproductive system	
Q6UY27	PATE2	Secreted in male reproductive system	
B3GLJ2	PATE3	Secreted in male reproductive system	
P0C8F1	PATE4	Secreted in male reproductive system	
Q9NPG4	PCDH12	Secreted to blood	
O95206	PCDH8		
Q9Y5I2	PCDHA10	Secreted - unknown location	
Q9Y5I0	PCDHA13		
Q9UN72	PCDHA7		
Q9Y5H5	PCDHA9		
Q9UN67	PCDHB10		
Q9Y5F0	PCDHB13		
Q9Y5E2	PCDHB7		
Q9UN66	PCDHB8		
Q9Y5E1	PCDHB9		
P29120	PCSK1	Secreted in other tissues	
Q6UW60	PCSK4		
P29122	PCSK6	Secreted to extracellular matrix	
Q16549	PCSK7		
Q8NBP7	PCSK9	Secreted to blood	
Q15116	PDCD1		
P01213	PDYN	Secreted in brain	
Q96S96	PEBP4	Secreted in other tissues	
Q96FX8	PERP		
O60683	PEX10		
O75192	PEX11A		
Q96HA9	PEX11G		
O00623	PEX12		
Q9Y5Y5	PEX16		
Q7Z412	PEX26		
P02776	PF4	Secreted to blood	
P10720	PF4V1	Secreted to blood	
P35080	PFN2		
P0DJD8	PGA3	Secreted to digestive system	
P0DJD7	PGA4	Secreted to digestive system	
P0DJD9	PGA5	Secreted to digestive system	
Q75T13	PGAP1		
Q96LB9	PGLYRP3	Secreted in other tissues	
Q16816	PHKG1		
Q6UXB8	PI16	Secreted to blood	
Q92508	PIEZO1		
P37287	PIGA		
Q92535	PIGC		
Q07326	PIGF		
Q5H8A4	PIGG		
Q14442	PIGH		
Q92643	PIGK	Intracellular and membrane	
Q9H3S5	PIGM		
P01833	PIGR	Secreted to digestive system	
Q96S52	PIGS		
Q969N2	PIGT	Intracellular and membrane	
Q3MUY2	PIGY		
Q86VD9	PIGZ		
Q96FE7	PIK3IP1		
Q9UKJ1	PILRA	Secreted to blood	
P12273	PIP	Secreted in other tissues	
Q86T03	PIP4P1		
Q8N4L2	PIP4P2		
Q0ZLH3	PJVK		
P98161	PKD1	Secreted - unknown location	
Q15139	PKD1	Secreted - unknown location	
Q8TDX9	PKD1L1		
Q7Z442	PKD1L2		
Q7Z443	PKD1L3		
Q504Y2	PKDCC	Secreted to blood	
Q9NTG1	PKDREJ		
Q53H76	PLA1A	Secreted in other tissues	
O15496	PLA2G10	Secreted in other tissues	
Q9BZM1	PLA2G12A	Secreted to blood	
Q9BX93	PLA2G12B	Secreted to blood	
P04054	PLA2G1B	Secreted to digestive system	
P14555	PLA2G2A	Secreted to blood	
Q5R387	PLA2G2C	Secreted - unknown location	
Q9UNK4	PLA2G2D	Secreted in other tissues	
Q9NZK7	PLA2G2E	Secreted - unknown location	
P39877	PLA2G5	Secreted in other tissues	
Q13093	PLA2G7	Secreted to blood	
Q9UL19	PLAAT4		
Q5JTB6	PLAC9	Secreted - unknown location	
Q6P1J6	PLB1		
Q96BZ4	PLD4		
Q8N2A8	PLD6		
Q6UQ28	PLET1		
Q9Y342	PLLP		
P26678	PLN		
O60568	PLOD3	Secreted to extracellular matrix	
P60201	PLP1		
Q04941	PLP2		
Q7Z2D5	PLPPR4		
A0PG75	PLSCR5		
P55058	PLTP	Secreted to blood	
Q8IUK5	PLXDC1	Intracellular and membrane	
O75051	PLXNA2		
O43157	PLXNB1	Intracellular and membrane	
O15031	PLXNB2		
Q9ULL4	PLXNB3		
Q9Y4D7	PLXND1		
Q6GTS8	PM20D1	Secreted to digestive system	
P20382	PMCH	Secreted to blood	
A0A1W2PS18	PMIS2		
Q01453	PMP22		
Q9NR77	PMP22		
Q8NA58	PNLDC1		
P16233	PNLIP	Secreted to digestive system	
P54315	PNLIPRP1	Secreted to digestive system	
Q17RR3	PNLIPRP3	Secreted - unknown location	
Q7Z5L7	PODN	Secreted to extracellular matrix	
Q6PEZ8	PODNL1	Secreted - unknown location	
A0A3B3IS91	POLGARF	Secreted - unknown location	
P01189	POMC	Secreted to blood	
Q8WZA1	POMGNT1		
Q9H5K3	POMK		
P27169	PON1	Secreted to blood	
Q15165	PON2	Secreted to blood	
Q15166	PON3	Secreted to blood	
Q9HBU9	POPDC2		
	PPAN-P2RY11		
P02775	PPBP	Secreted to blood	
P62937	PPIA	Secreted to blood	
Q16821	PPP1R3A		
P01298	PPY	Secreted to blood	
D3DTV9	PRAC2	Intracellular and membrane	
Q9BSG0	PRADC1	Secreted to blood	
Q96NZ9	PRAP1	Secreted to digestive system	
P04280	PRB1	Secreted to digestive system	
P02812	PRB2	Secreted to digestive system	
Q04118	PRB3	Secreted to digestive system	
P10163	PRB4	Secreted to digestive system	
P13727	PRG2	Secreted in female reproductive system	
Q6T4P5	PRG2	Secreted in female reproductive system	
Q92626	PRG2	Secreted in female reproductive system	
Q8TBJ4	PRG3	Secreted in other tissues	
Q9BRQ8	PRG3	Secreted in other tissues	
Q9Y2Y8	PRG3	Secreted in other tissues	
Q92954	PRG4	Secreted to extracellular matrix	
Q96GM1	PRG4	Secreted to extracellular matrix	
P02810	PRH2	Secreted to digestive system	
P01236	PRL	Secreted to blood	
P40424	PRL	Secreted to blood	
P81277	PRLH	Secreted in brain	
P49683	PRLHR		
P16471	PRLR	Intracellular and membrane	
Q9UKY0	PRND		
P04070	PROC	Secreted to blood	
Q9UNN8	PROCR		
P58294	PROK1	Secreted to blood	
Q9HC23	PROK2	Secreted to blood	
Q8TCW9	PROKR1		
Q8NFJ6	PROKR2		
P07225	PROS1	Secreted to blood	
P22891	PROZ	Secreted to blood	
P23942	PRPH2		
Q6MZM9	PRR27	Secreted to digestive system	
Q16378	PRR4	Secreted to digestive system	
Q96NY8	PRR4	Secreted to digestive system	
Q9BZD7	PRRG3		
Q99946	PRRT1		
A0A1B0GWB2	PRRT1B		
P56730	PRSS12	Secreted - unknown location	
Q9NQE7	PRSS16	Secreted in other tissues	
Q9GZN4	PRSS22	Secreted in other tissues	
O95084	PRSS23	Secreted to blood	
Q8NF86	PRSS33	Secreted to blood	
Q8N3Z0	PRSS35	Secreted in female reproductive system	
Q5K4E3	PRSS36	Secreted to extracellular matrix	
A4D1T9	PRSS37	Secreted in male reproductive system	
A1L453	PRSS38	Secreted in male reproductive system	
Q7RTY5	PRSS48	Secreted - unknown location	
A0A1B0GVH4	PRSS51	Secreted in brain	
Q2L4Q9	PRSS53	Secreted in other tissues	
Q6PEW0	PRSS54	Secreted in male reproductive system	
Q6UWY2	PRSS57	Secreted to blood	
Q8IYP2	PRSS58	Secreted in male reproductive system	
Q16651	PRSS8	Secreted - unknown location	
Q9BRX8	PRXL2A	Secreted in other tissues	
P49810	PSEN2		
Q9NZ42	PSENEN		
P11464	PSG1	Secreted in female reproductive system	
P11465	PSG2	Secreted in female reproductive system	
Q16557	PSG3	Secreted in female reproductive system	
Q00888	PSG4	Secreted in female reproductive system	
Q15238	PSG5	Secreted in female reproductive system	
Q00889	PSG6	Secreted in female reproductive system	
Q13046	PSG7	Secreted in female reproductive system	
Q9UQ74	PSG8	Secreted in female reproductive system	
Q00887	PSG9	Secreted in female reproductive system	
Q9UIG4	PSORS1C2	Secreted in other tissues	
O60542	PSPN	Secreted in other tissues	
Q96NR3	PTCHD1		
Q3KNS1	PTCHD3		
Q6ISU1	PTCRA		
Q9BVG9	PTDSS2		
Q9Y5Y4	PTGDR2		
P41222	PTGDS	Secreted to blood	
P34995	PTGER1		
P35408	PTGER2		
P43116	PTGER2		
P43115	PTGER3		
	PTGER4		
P43088	PTGFR		
Q9P2B2	PTGFRN		
P43119	PTGIR		
P01270	PTH	Secreted to blood	
Q96A98	PTH2	Secreted in brain	
Q9Y3E5	PTH2	Secreted in brain	
P49190	PTH2R		
Q16827	PTPRO	Intracellular and membrane	
Q92729	PTPRO	Intracellular and membrane	
O14522	PTPRT		
	PTPRU		
P0DTF9	PTTG1IP2		
Q96A99	PTX4	Secreted - unknown location	
Q6DKI7	PVRIG		
	PXDN	Secreted to extracellular matrix	
	PXMP2		
P10082	PYY	Secreted to blood	
P20742	PZP	Secreted to blood	
P83859	QRFP	Secreted in other tissues	
Q96P65	QRFPR		
Q9UI14	RABAC1		
B7ZAP0	RABGAP1L		
Q5R372	RABGAP1L		
Q99969	RARRES2	Secreted to blood	
P10745	RBP3	Secreted in other tissues	
P02753	RBP4	Secreted to blood	
Q9Y256	RCE1		
O75452	RDH16		
A0A1B0GV85	REELD1		
Q9H902	REEP1		
Q6NUK4	REEP3		
P05451	REG1A	Secreted to digestive system	
P48304	REG1B	Secreted to digestive system	
Q9BYZ8	REG4	Secreted to digestive system	
Q9P260	RELCH		
P00797	REN	Secreted to blood	
Q693B1	REN	Secreted to blood	
Q9HD89	RETN	Secreted to blood	
A5PLK6	RGSL1		
Q6PJF5	RHBDF2		
Q9NX52	RHBDL2		
P58872	RHBDL3		
Q9UBD6	RHCG		
P08100	RHO		
Q8IXI2	RHOT1		
Q4ADV7	RIC1		
Q7Z5B4	RIC3	Intracellular and membrane	
P04808	RLN1	Secreted to blood	
P04090	RLN2	Secreted to blood	
Q8WXF3	RLN3	Secreted to blood	
Q5GAN6	RNASE10	Secreted - unknown location	
Q8TAA1	RNASE11	Secreted in male reproductive system	
Q5GAN4	RNASE12	Secreted in male reproductive system	
Q5GAN3	RNASE13	Secreted in male reproductive system	
P10153	RNASE2	Secreted to blood	
P12724	RNASE3	Secreted to blood	
P34096	RNASE4	Secreted to blood	
Q93091	RNASE6	Secreted to blood	
Q9H1E1	RNASE7	Secreted in other tissues	
Q8TDE3	RNASE8	Secreted to digestive system	
P60153	RNASE9	Secreted in male reproductive system	
Q6P5S7	RNASEK		
O00584	RNASET2	Secreted to blood	
O00237	RNF103		
Q9H9V4	RNF122		
Q8TEB7	RNF128		
Q86XS8	RNF130		
Q8WVZ7	RNF133		
Q8WU17	RNF139		
Q9ULK6	RNF150	Intracellular and membrane	
Q8N8N0	RNF152		
Q96K19	RNF170		
Q8N4F7	RNF175		
Q96D59	RNF183		
Q96GF1	RNF185		
Q9NXI6	RNF186		
Q9NV58	RNF19A		
Q8TC41	RNF217		
A6NCQ9	RNF222		
E7ERA6	RNF223		
M0QZC1	RNF225		
Q68DV7	RNF43		
Q5VYX0	RNLS	Secreted to blood	
Q01973	ROR1	Intracellular and membrane	
Q01974	ROR2		
Q9NS64	RPRM		
Q8N4K4	RPRML		
P62244	RPS15A		
Q6XPR3	RPTN	Secreted to extracellular matrix	
O14718	RRH		
O15537	RS1	Secreted in other tissues	
Q6UXX9	RSPO2	Secreted in other tissues	
Q9BXY4	RSPO3	Secreted to blood	
Q2I0M5	RSPO4	Secreted in other tissues	
Q96DX4	RSPRY1	Secreted to blood	
P59025	RTP1		
Q5QGT7	RTP2		
Q14D33	RTP5		
Q9HBX9	RXFP1		
Q8WXD0	RXFP2		
Q9NSD7	RXFP3		
Q8TDU9	RXFP4		
P80511	S100A12	Secreted to blood	
Q99500	S1PR3		
Q9H228	S1PR5		
P0DJI8	SAA1	Secreted to blood	
P0DJI9	SAA2	Secreted to blood	
	SAA2-SAA4		
P35542	SAA4	Secreted to blood	
A0A0C4DGP1	SAGSIN1		
Q52WX2	SBK1		
P0C263	SBK2		
Q8TAC9	SCAMP5		
Q12770	SCAP		
Q9NP31	SCAP		
Q6ZMJ2	SCARA5		
Q4G0T1	SCART1		
Q86SK9	SCD5		
P05408	SCG5	Secreted to blood	
P11684	SCGB1A1	Secreted in other tissues	
Q8TD33	SCGB1C1	Secreted - unknown location	
P0DMR2	SCGB1C2	Secreted in other tissues	
O95968	SCGB1D1	Secreted in other tissues	
O95969	SCGB1D2	Secreted in other tissues	
Q6XE38	SCGB1D4	Secreted in other tissues	
Q13296	SCGB2A2	Secreted in female reproductive system	
Q4G0G5	SCGB2B2	Secreted in other tissues	
Q96QR1	SCGB3A1	Secreted to blood	
Q96PL1	SCGB3A2	Secreted in other tissues	
Q6UWF3	SCIMP		
Q9UI33	SCN11A		
Q07699	SCN1B	Secreted in other tissues	
Q99250	SCN2A		
O60939	SCN2B		
Q9NY46	SCN3A		
Q8IWT1	SCN4B		
P51168	SCNN1B		
O75880	SCO1		
O75711	SCRG1	Secreted in brain	
P09683	SCT	Secreted to blood	
P47872	SCTR		
Q8IWY4	SCUBE1	Secreted to blood	
Q9NQ36	SCUBE2	Secreted to blood	
Q99643	SDHC		
O14521	SDHD		
Q58EX2	SDK2		
Q8N3Y7	SDR16C5		
Q8WUS8	SDR42E1		
A6NKP2	SDR42E2		
O75396	SEC22B		
Q9H9S3	SEC61A2		
P60059	SEC61G		
Q8WVN6	SECTM1	Secreted to blood	
Q9UBV2	SEL1L	Intracellular and membrane	
Q5TEA6	SEL1L2		
P16581	SELE		
Q9C0D9	SELENOI		
P62341	SELENOT		
P16109	SELP		
P49908	SELP		
Q13214	SEMA3B	Secreted in other tissues	
Q13275	SEMA3F	Secreted to blood	
Q9NS98	SEMA3G	Secreted to blood	
Q9H3S1	SEMA4A		
Q9C0C4	SEMA4C		
O95754	SEMA4F		
Q13591	SEMA5A		
Q9H3T3	SEMA6B		
Q9H3T2	SEMA6C		
P04279	SEMG1	Secreted in male reproductive system	
Q02383	SEMG2	Secreted in male reproductive system	
Q96JX3	SERAC1		
Q13530	SERINC3		
A6NH21	SERINC4		
Q86U17	SERPINA11	Secreted to blood	
Q86WD7	SERPINA11	Secreted to blood	
Q8IW75	SERPINA12	Secreted in other tissues	
P01011	SERPINA3	Secreted to blood	
P05154	SERPINA5	Secreted to blood	
P08185	SERPINA6	Secreted to blood	
P05543	SERPINA7	Secreted to blood	
	SERPINA9	Secreted to blood	
P01008	SERPINC1	Secreted to blood	
P05121	SERPINE1	Secreted to blood	
A8MV23	SERPINE3	Secreted in other tissues	
P36955	SERPINF1	Secreted to blood	
P05155	SERPING1	Secreted to blood	
O75830	SERPINI2	Secreted to digestive system	
A0A1B0GWG4	SERTM2		
Q53EL9	SEZ6		
Q6UXD5	SEZ6L2		
Q8N474	SFRP1	Secreted in other tissues	
Q6FHJ7	SFRP4	Secreted in female reproductive system	
Q5T4F7	SFRP5	Secreted in other tissues	
O95562	SFT2D2		
Q587I9	SFT2D3		
Q6UW10	SFTA2	Secreted in other tissues	
Q8IWL2	SFTPA1	Secreted in other tissues	
Q8IWL1	SFTPA2	Secreted in other tissues	
P07988	SFTPB	Secreted in other tissues	
P11686	SFTPC	Secreted in other tissues	
P35247	SFTPD	Secreted in other tissues	
Q16586	SGCA	Intracellular and membrane	
Q92629	SGCD		
Q13326	SGCG		
Q96LD1	SGCZ		
Q8IWX5	SGPP2		
P04278	SHBG	Secreted to blood	
Q96DD7	SHISA4		
Q8N114	SHISA5		
B8ZZ34	SHISA8		
Q6UWV7	SHISAL2A		
A6NKW6	SHISAL2B		
P14410	SI		
Q9NXL6	SIDT1		
Q8NBJ9	SIDT2		
Q9BZZ2	SIGLEC1	Intracellular and membrane	
Q96PQ1	SIGLEC12		
O15389	SIGLEC5		
Q9Y336	SIGLEC9		
Q8N7X8	SIGLECL1		
Q99720	SIGMAR1		
Q9Y2K2	SIK3		
P78324	SIRPA		
Q9H106	SIRPD	Secreted in male reproductive system	
Q9P1W8	SIRPG		
Q9NP91	SIT1		
Q9Y3P8	SIT1		
Q13291	SLAMF1	Secreted to blood	
Q9P0V8	SLAMF8		
Q96A28	SLAMF9		
Q14973	SLC10A1		
Q12908	SLC10A2		
Q96EP9	SLC10A4		
Q3KNW5	SLC10A6		
Q0GE19	SLC10A7		
P55017	SLC12A3		
Q9H2X9	SLC12A5		
Q9BXP2	SLC12A9		
Q9BZW2	SLC13A1		
Q13183	SLC13A2		
Q9UKG4	SLC13A4		
Q15849	SLC14A2		
Q16348	SLC15A2		
Q8N697	SLC15A4		
A6NIM6	SLC15A5		
Q8NCK7	SLC16A11		
Q6ZSM3	SLC16A12		
O15375	SLC16A5		
O00624	SLC17A2		
Q06495	SLC17A2		
O00476	SLC17A3		
Q9Y2C5	SLC17A4		
Q9P2U8	SLC17A6		
Q9P2U7	SLC17A7		
P54219	SLC18A1		
Q16572	SLC18A3		
P43005	SLC1A1		
P43004	SLC1A2		
O00341	SLC1A7		
Q08357	SLC20A2		
O15245	SLC22A1		
Q63ZE4	SLC22A10		
Q9NSA0	SLC22A11		
Q96S37	SLC22A12		
Q9Y226	SLC22A13		
Q8IZD6	SLC22A15		
Q8WUG5	SLC22A17		
O15244	SLC22A2		
Q8N4F4	SLC22A24		
Q6T423	SLC22A25		
A6NKX4	SLC22A31		
Q4U2R8	SLC22A6		
Q9Y694	SLC22A7		
Q8TCC7	SLC22A8		
Q8IVM8	SLC22A9		
Q9UGH3	SLC23A1		
Q9UHI7	SLC23A1		
O60721	SLC24A1		
Q71RS6	SLC24A5		
Q02978	SLC25A11		
Q9Y619	SLC25A15		
Q9BXI2	SLC25A2		
Q96A46	SLC25A28		
Q8N8R3	SLC25A29		
Q9BSK2	SLC25A33		
Q96DW6	SLC25A38		
Q9BZJ4	SLC25A39		
Q8TBP6	SLC25A40		
Q6Q0C1	SLC25A47		
Q5H9E4	SLC25A53		
O43511	SLC26A4		
P58743	SLC26A5		
O14975	SLC27A2		
Q9Y2P5	SLC27A5		
Q9HAS3	SLC28A3		
Q99808	SLC29A1		
Q14542	SLC29A2		
P14672	SLC2A4		
Q9UGQ3	SLC2A6		
Q6PXP3	SLC2A7		
Q9NRM0	SLC2A9		
Q6XR72	SLC30A10		
O14863	SLC30A4		
O15431	SLC31A1		
Q8N130	SLC34A3		
P78382	SLC35A1		
Q9Y2D2	SLC35A3		
Q9H1N7	SLC35B3		
Q969S0	SLC35B4		
Q9NTN3	SLC35D1		
Q7Z769	SLC35E3		
A4IF30	SLC35F4		
Q2M3R5	SLC35G1		
Q8N808	SLC35G3		
P0C7Q5	SLC35G4		
Q96KT7	SLC35G5		
P0C7Q6	SLC35G6		
Q7Z2H8	SLC36A1		
Q495M3	SLC36A2		
Q495N2	SLC36A3		
P57057	SLC37A1		
Q8TED4	SLC37A2		
Q8NCC5	SLC37A3		
Q9H2H9	SLC38A1		
Q08AI6	SLC38A11		
Q969I6	SLC38A4		
A6NNN8	SLC38A8		
Q9NY26	SLC39A1		
Q504Y0	SLC39A12		
Q96H72	SLC39A13		
Q6P5W5	SLC39A4		
Q9C0K1	SLC39A8		
Q96JW4	SLC41A2		
Q8N370	SLC43A2		
Q8N4M1	SLC44A3		
Q53GD3	SLC44A4		
Q9Y2W3	SLC45A1		
Q9UMX9	SLC45A2		
Q9BY10	SLC46A2		
Q96FL8	SLC47A1		
Q86VL8	SLC47A2		
Q6UXD7	SLC49A3		
P02730	SLC4A1		
Q6U841	SLC4A10		
Q9BY07	SLC4A5		
Q9BRV3	SLC50A1		
Q86UW1	SLC51A		
Q9NWF4	SLC52A1		
Q9HAB3	SLC52A2		
Q9NQ40	SLC52A3		
A0PJK1	SLC5A10		
P31639	SLC5A2		
Q9NY91	SLC5A4		
Q92911	SLC5A5		
Q8N695	SLC5A8		
P30531	SLC6A1		
Q96N87	SLC6A18		
Q695T7	SLC6A19		
	SLC6A20		
P23975	SLC6A5		
Q9Y345	SLC6A5		
P48029	SLC6A8		
P30825	SLC7A1		
Q8TCU3	SLC7A13		
Q8WY07	SLC7A3		
Q9UM01	SLC7A7		
Q9UHI5	SLC7A8		
P82251	SLC7A9		
Q9UPR5	SLC8A2		
Q6J4K2	SLC8B1		
Q9Y2E8	SLC9A8		
Q8IVB4	SLC9A9		
Q4G0N8	SLC9C1		
F5H094	SLCO1B3-SLCO1B7		
Q9NYB5	SLCO1C1		
Q92959	SLCO2A1		
O94956	SLCO2B1		
Q9UIG8	SLCO3A1		
Q86UG4	SLCO6A1		
Q6IEE8	SLFN12L		
O94813	SLIT2	Secreted in other tissues	
Q96PX8	SLITRK1	Secreted in brain	
Q9H156	SLITRK2		
Q8IW52	SLITRK4		
P55000	SLURP1	Secreted in other tissues	
P0DP57	SLURP2	Secreted in other tissues	
A6NFE2	SMCO2		
Q9NRQ5	SMCO4		
B2RUZ4	SMIM1		
Q96HG1	SMIM10		
P0DMW4	SMIM10L2A		
P0DMW5	SMIM10L2B		
Q96QK8	SMIM14		
Q3B7S5	SMIM21		
A0A1B0GUW7	SMIM27		
A0A1B0GU29	SMIM28		
Q86T20	SMIM29		
A4D0T7	SMIM30		
A0A1B0GUA5	SMIM32		
A0A1B0GW64	SMIM33		
A8MWV9	SMIM34		
A0A1B0GVV1	SMIM35		
A0A286YFK9	SMIM38		
A0A1B0GW54	SMIM39		
Q5STR5	SMIM40		
A0A2R8YCJ5	SMIM41		
A0A5F9ZH02	SMIM42		
A0A286YF18	SMIM44		
A0A590UK83	SMIM45		
P0DQW1	SMIM46		
A6NGZ8	SMIM9		
H3BR10	SMLR1		
Q9H3U7	SMOC2	Secreted to extracellular matrix	
P17405	SMPD1	Secreted to blood	
Q99954	SMR3A	Secreted to digestive system	
P02814	SMR3B	Secreted to digestive system	
Q8TER0	SNED1	Secreted to blood	
P62306	SNRPF		
Q9Y5W8	SNX13		
O75908	SOAT2		
P08294	SOD3	Secreted to blood	
Q92673	SORL1	Secreted to blood	
Q9BQB4	SOST	Secreted to extracellular matrix	
Q96QH8	SPACA5	Secreted in male reproductive system	
	SPACA5B	Secreted in male reproductive system	
W5XKT8	SPACA6		
Q9NPE6	SPAG4		
	SPAM1		
Q14515	SPARCL1	Secreted in other tissues	
Q8NHX4	SPATA3		
P0DKV0	SPATA31C1		
B4DYI2	SPATA31C2		
Q6ZQQ2	SPATA31D1		
P0C874	SPATA31D3		
Q6ZUB0	SPATA31D4		
Q6ZUB1	SPATA31E1		
A0A1B0GUW6	SPEM3		
Q9UQ90	SPG7		
P00995	SPINK1	Secreted to digestive system	
Q6IE38	SPINK14	Secreted - unknown location	
Q6UWN8	SPINK6	Secreted - unknown location	
P58062	SPINK7	Secreted in other tissues	
P0C7L1	SPINK8	Secreted to blood	
P49223	SPINT3	Secreted in male reproductive system	
Q6UDR6	SPINT4	Secreted in male reproductive system	
Q8IVW8	SPNS2		
Q6ZMD2	SPNS3		
Q92563	SPOCK2	Secreted to blood	
Q9BQ16	SPOCK3	Secreted to extracellular matrix	
Q13103	SPP2	Secreted to blood	
Q8IUH8	SPPL2C		
P35326	SPRR2A	Secreted to digestive system	
Q969W0	SPTSSA		
Q8NFR3	SPTSSB		
A0A0U1RRN3	SPTY2D1OS	Intracellular and membrane	
Q9BT56	SPX	Secreted to blood	
P18405	SRD5A1		
P31213	SRD5A2		
P78539	SRPX	Secreted - unknown location	
O60687	SRPX2	Secreted to blood	
Q8WTU2	SSC4D	Secreted - unknown location	
Q8WWF3	SSMEM1		
P43308	SSR2		
Q9UNL2	SSR3		
P61278	SST	Secreted to blood	
P31391	SSTR4		
Q11203	ST3GAL3	Intracellular and membrane	
Q11206	ST3GAL4	Intracellular and membrane	
Q9Y274	ST3GAL6		
P15907	ST6GAL1	Secreted to blood	
Q92185	ST8SIA1		
P02808	STATH	Secreted to digestive system	
P52823	STC1	Secreted in other tissues	
Q9UHE8	STEAP1		
Q6NZ63	STEAP1B		
Q9P246	STIM2		
Q9BX79	STRA6		
P0DN84	STRIT1		
P08842	STS		
P46977	STT3A		
Q9BXA5	SUCNR1		
Q8IWU6	SULF1	Secreted in other tissues	
Q8IWU5	SULF2	Secreted in other tissues	
Q8TC36	SUN5		
Q15526	SURF1		
Q96L08	SUSD3		
Q7L1I2	SV2B		
Q8N4V2	SVOP		
Q8N434	SVOPL		
Q8N205	SYNE4		
P08247	SYP		
Q16563	SYPL1		
Q8N2H4	SYS1		
P21579	SYT1		
Q8N9I0	SYT2		
Q9BQG1	SYT3		
O00445	SYT5		
O43581	SYT7		
Q86SS6	SYT9		
Q96RJ0	TAAR1		
Q9P1P5	TAAR2		
O14804	TAAR5		
Q96RI8	TAAR6		
Q969N4	TAAR8		
Q96RI9	TAAR9		
P20366	TAC1	Secreted to blood	
Q86UU9	TAC4	Secreted to blood	
P29371	TACR3		
Q7Z5A9	TAFA1	Secreted in brain	
Q7Z5A8	TAFA3	Secreted in other tissues	
Q96LR4	TAFA4	Secreted in brain	
Q7Z5A7	TAFA5	Secreted in brain	
Q16635	TAFAZZIN		
Q9BX59	TAPBPL		
B6A8C7	TARM1		
Q7RTX1	TAS1R1		
Q8TE23	TAS1R2		
Q9NYW7	TAS2R1		
Q9NYV9	TAS2R13		
Q9NYV8	TAS2R14		
Q9NYV7	TAS2R16		
P59542	TAS2R19		
P59543	TAS2R20		
Q9NYW6	TAS2R3		
P59541	TAS2R30		
P59538	TAS2R31		
P59533	TAS2R38		
P59534	TAS2R39		
Q9NYW5	TAS2R4		
P59535	TAS2R40		
P59536	TAS2R41		
Q7RTR8	TAS2R42		
P59537	TAS2R43		
P59540	TAS2R46		
P59544	TAS2R50		
P59551	TAS2R60		
Q9NYW3	TAS2R7		
Q9NYW2	TAS2R8		
Q9NYW1	TAS2R9		
Q96BZ9	TBC1D20		
Q86UD7	TBC1D26		
Q9P0N9	TBC1D7		
Q9BTW9	TBCD		
P20061	TCN1	Secreted to blood	
Q5HYJ1	TECRL		
O75443	TECTA	Secreted in other tissues	
Q96PL2	TECTB	Secreted in other tissues	
Q5T9Z0	TEDDM1		
Q6N022	TENM4		
Q9BY14	TEX101	Secreted in male reproductive system	
O15482	TEX28		
Q8N6K0	TEX29		
A0A1B0GTY4	TEX50		
A0A1B0GUA7	TEX51		
P02787	TF	Secreted to blood	
P04155	TFF1	Secreted to digestive system	
Q03403	TFF2	Secreted to digestive system	
P10646	TFPI	Secreted to blood	
P48307	TFPI2	Secreted to extracellular matrix	
P01266	TG	Secreted in other tissues	
Q15582	TGFBI	Secreted to blood	
Q86YJ6	THNSL2	Secreted - unknown location	
P40225	THPO	Secreted to blood	
Q6ZMP0	THSD4	Secreted - unknown location	
Q9UPZ6	THSD7A	Secreted to blood	
P35590	TIE1	Intracellular and membrane	
Q495A1	TIGIT		
Q9BVV7	TIMM21		
Q9Y584	TIMM22		
Q5SRD1	TIMM23B		
P16035	TIMP2	Secreted to extracellular matrix	
Q99727	TIMP4	Secreted to extracellular matrix	
Q9UJW2	TINAG	Secreted to extracellular matrix	
Q9GZM7	TINAGL1	Secreted to extracellular matrix	
Q96CP7	TLCD1		
Q8TBR7	TLCD3A		
Q71RH2	TLCD3B		
	TLCD4-RWDD3		
Q9Y6L7	TLL2	Secreted - unknown location	
Q15399	TLR1		
O15455	TLR3		
Q9NYK1	TLR7		
Q9NR97	TLR8		
Q9NR96	TLR9		
P30408	TM4SF1		
Q96DZ7	TM4SF19		
Q9BZW5	TM6SF1		
Q9BZW4	TM6SF2		
Q99805	TM9SF2		
Q92544	TM9SF4		
P55061	TMBIM6		
Q8TDI8	TMC1		
Q8TDI7	TMC2		
Q7Z403	TMC6		
O94876	TMCC1		
O75069	TMCC2		
Q7Z6W1	TMCO2		
P0DPE3	TMDD1		
Q13445	TMED1		
Q7Z7H5	TMED4	Intracellular and membrane	
Q9Y3A6	TMED5		
Q8WW62	TMED6		
Q9Y3B3	TMED7		
Q9BVK6	TMED9		
Q8IYR6	TMEFF1		
Q9UIK5	TMEFF2	Secreted in male reproductive system	
Q96A25	TMEM106A		
Q9BVX2	TMEM106C		
Q6UX40	TMEM107		
B3SHH9	TMEM114		
Q9H0C3	TMEM117		
Q4V9L6	TMEM119	Intracellular and membrane	
Q9BXJ8	TMEM120A		
O75204	TMEM127		
Q5BJH2	TMEM128		
A0AVI4	TMEM129		
Q14DG7	TMEM132B		
Q14C87	TMEM132D		
Q9NV12	TMEM140		
Q9BVK8	TMEM147		
Q9NUH8	TMEM14B		
Q9P0S9	TMEM14C		
Q86TG1	TMEM150A		
A6NC51	TMEM150B		
B9EJG8	TMEM150C		
Q8IW70	TMEM151B		
Q8N614	TMEM156		
Q8WZ71	TMEM158		
Q9NX00	TMEM160		
Q8NDZ6	TMEM161B		
Q8TC26	TMEM163		
Q9NRX6	TMEM167B		
Q8WVE7	TMEM170A		
Q8WVE6	TMEM171		
Q8WUU8	TMEM174		
Q53S58	TMEM177		
Q96HH6	TMEM19		
Q8WZ59	TMEM190		
P0C7N4	TMEM191B		
A6NGB0	TMEM191C		
Q8N511	TMEM199		
Q86VY9	TMEM200A		
Q69YZ2	TMEM200B		
A6NGA9	TMEM202		
Q969S6	TMEM203		
Q9BSN7	TMEM204		
Q6UWW9	TMEM207		
Q9BTX3	TMEM208		
A6NLX4	TMEM210		
A2RRL7	TMEM213		
Q9P0N5	TMEM216		
A0A494BZU4	TMEM217B		
Q86XT9	TMEM219		
Q6QAJ8	TMEM220		
Q6GV28	TMEM225		
P0DP42	TMEM225B		
Q8NBD8	TMEM229B		
C9JQI7	TMEM232		
A6NFC5	TMEM235		
Q5W0B7	TMEM236		
C9JI98	TMEM238		
A6NJY4	TMEM238L		
Q8WW34	TMEM239		
Q5SV17	TMEM240		
Q9NWH2	TMEM242		
Q9BU79	TMEM243		
Q5VVB8	TMEM244		
A6NEH6	TMEM247		
Q2WGJ8	TMEM249		
P0C7T8	TMEM253		
Q6ZUK4	TMEM26		
Q9NX78	TMEM260		
E9PQX1	TMEM262		
A0A087WTH1	TMEM265		
A0A1B0GVZ9	TMEM269		
A0A286YF58	TMEM271		
A0A1B0GTI8	TMEM272		
Q5T292	TMEM273		
A0A0U1RQS6	TMEM275		
P0DTL5	TMEM276		
Q9NV96	TMEM30A		
Q3MIR4	TMEM30B		
P57088	TMEM33		
Q9NVV0	TMEM38B		
Q9BTV4	TMEM43		
Q9BXS4	TMEM59		
Q9UK28	TMEM59L		
Q9H2L4	TMEM60		
Q6YI46	TMEM64		
Q5HYA8	TMEM67		
A0PK05	TMEM72		
Q6PEY1	TMEM88		
A6NKF7	TMEM88B		
Q6ZNR0	TMEM91		
Q3KNT9	TMEM95	Intracellular and membrane	
Q9NQ34	TMEM9B		
Q96BF3	TMIGD2		
P0DMS9	TMIGD3		
Q6ZMR5	TMPRSS11A		
Q86T26	TMPRSS11B		
O60235	TMPRSS11D	Intracellular and membrane	
Q6ZWK6	TMPRSS11F		
Q86WS5	TMPRSS12		
P57727	TMPRSS3		
Q9NRS4	TMPRSS3		
	TMPRSS4	Secreted in other tissues	
Q8IU80	TMPRSS6		
Q7RTY8	TMPRSS7		
Q7Z410	TMPRSS9		
Q6ZXV5	TMTC3		
Q96JJ7	TMX3	Intracellular and membrane	
P24821	TNC	Secreted to extracellular matrix	
P01375	TNF	Secreted to blood	
P98066	TNFAIP6	Secreted to blood	
O00220	TNFRSF10A		
O14763	TNFRSF10B		
O14798	TNFRSF10C		
O14836	TNFRSF13B		
Q96RJ3	TNFRSF13C		
Q9Y5U5	TNFRSF18	Secreted to blood	
P19438	TNFRSF1A	Secreted to blood	
P20333	TNFRSF1B	Secreted to blood	
P43489	TNFRSF4		
O95407	TNFRSF6B	Secreted to blood	
P50591	TNFSF10	Secreted to blood	
O14788	TNFSF11	Secreted to blood	
O75888	TNFSF13	Secreted to blood	
P32971	TNFSF8		
Q9H2S6	TNMD		
Q9UQP3	TNN	Secreted to extracellular matrix	
Q92752	TNR	Secreted in brain	
Q6UXN7	TOMM20L		
Q9P0U1	TOMM7		
Q8NBR0	TP53I13		
P0DKB5	TPBGL		
Q9ULQ1	TPCN1		
P07202	TPO	Intracellular and membrane	
P20231	TPSB2	Secreted to blood	
Q9NRR2	TPSG1		
Q86V40	TRABD2A	Intracellular and membrane	
P01848	TRAC		
Q15629	TRAM1		
Q9Y6Q9	TRAM1		
Q8IXB3	TRARG1		
P01850	TRBC1		
A0A5B9	TRBC2		
B7Z8K6	TRDC		
Q5T2D2	TREML2		
A2JGV3	TRGC1		
P0CF51	TRGC1		
P03986	TRGC2		
P20396	TRH	Secreted in other tissues	
Q9UKU6	TRHDE		
P34981	TRHR		
Q7L0X0	TRIL		
O60858	TRIM13		
Q8IWR1	TRIM59		
Q629K1	TRIQK		
O75762	TRPA1		
Q13507	TRPC3		
Q9UBN4	TRPC4		
Q9UL62	TRPC5		
Q9Y210	TRPC6		
O94759	TRPC7		
Q9HCX4	TRPC7		
	TRPM2		
Q9NZQ8	TRPM5		
Q9BX84	TRPM6		
Q7Z2W7	TRPM8		
Q8NER1	TRPV1		
Q9HBA0	TRPV4		
Q9NQA5	TRPV5		
Q9H1D0	TRPV6		
P01222	TSHB	Secreted to blood	
P16473	TSHR	Intracellular and membrane	
Q9H1Z9	TSPAN10		
Q96FV3	TSPAN17		
Q96SJ8	TSPAN18		
P0C672	TSPAN19		
O14817	TSPAN4		
P41732	TSPAN7		
Q8WU66	TSPEAR	Secreted in other tissues	
Q96PF2	TSSK2		
Q8WZ42	TTN		
Q9BSA4	TTYH2		
Q9C0H2	TTYH3		
A0A6I8PU40	TUG1		
A0A1B0GTB2	TUNAR		
Q13454	TUSC3		
Q06418	TYRO3		
Q9Y385	UBE2J1		
Q8N2K1	UBE2J2		
Q8WVF2	UCMA	Secreted to extracellular matrix	
Q969E3	UCN3	Secreted to blood	
P25874	UCP1		
Q16739	UGCG		
P22309	UGT1A1		
Q9HAW8	UGT1A10	Intracellular and membrane	
P35503	UGT1A3		
P22310	UGT1A4		
P35504	UGT1A5		
Q9HAW7	UGT1A7		
Q9HAW9	UGT1A8		
O60656	UGT1A9		
P0DTE4	UGT2A1		
P0DTE5	UGT2A2		
Q6UWM9	UGT2A3		
P36537	UGT2B10		
O75310	UGT2B11		
P06133	UGT2B11		
P54855	UGT2B15		
O75795	UGT2B17		
Q9BY64	UGT2B28	Intracellular and membrane	
	UGT2B4	Intracellular and membrane	
P16662	UGT2B7		
P07911	UMOD	Secreted in other tissues	
Q5DID0	UMODL1		
Q53HI1	UNC50		
Q8IZJ1	UNC5B		
O95185	UNC5C		
Q6UXZ4	UNC5D		
Q86WB7	UNC93A		
O00322	UPK1A		
O75841	UPK1B		
O00526	UPK2		
Q9BT76	UPK3B		
B0FP48	UPK3BL1		
E5RIL1	UPK3BL2		
Q9UDW1	UQCR10		
O14957	UQCR11		
Q9NZ43	USE1		
O94966	USP19		
Q70CQ3	USP30		
Q9Y2C2	UST		
O95399	UTS2	Secreted to blood	
Q765I0	UTS2B	Secreted - unknown location	
Q9UKP6	UTS2R		
P23763	VAMP1		
P63027	VAMP2		
Q15836	VAMP3		
Q9ULK5	VANGL2		
P15692	VEGFA	Secreted to blood	
P49765	VEGFB	Secreted to blood	
P49767	VEGFC	Secreted to blood	
O43915	VEGFD	Secreted to blood	
P32241	VIPR1		
Q6UXI7	VIT	Secreted to extracellular matrix	
Q3ZAQ7	VMA21		
Q7Z5L0	VMO1	Secreted to blood	
Q8NFZ6	VN1R2		
Q7Z5H5	VN1R4		
Q7Z5H4	VN1R5		
O95498	VNN2		
Q96AW1	VOPP1		
P0DP72	VSIG10L2		
P0DPA2	VSIG8		
Q9H7M9	VSIR		
Q8TAG5	VSTM2A	Secreted in other tissues	
Q96N03	VSTM2L	Secreted - unknown location	
Q6PCB0	VWA1	Secreted to extracellular matrix	
Q5GFL6	VWA2	Secreted to extracellular matrix	
A6NCI4	VWA3A	Secreted in other tissues	
Q2TAL6	VWC2	Secreted to extracellular matrix	
B2RUY7	VWC2L	Secreted - unknown location	
P04275	VWF	Secreted to blood	
Q9HC57	WFDC1	Secreted to extracellular matrix	
Q9H1F0	WFDC10A	Secreted in male reproductive system	
Q8NEX6	WFDC11	Secreted in male reproductive system	
Q8WWY7	WFDC12	Secreted in other tissues	
Q8IUB5	WFDC13	Secreted in male reproductive system	
Q14508	WFDC2	Secreted in other tissues	
Q8IUB2	WFDC3	Secreted in male reproductive system	
Q8TCV5	WFDC5	Secreted in other tissues	
Q9BQY6	WFDC6	Secreted in male reproductive system	
Q8IUA0	WFDC8	Secreted in male reproductive system	
Q8NEX5	WFDC9	Secreted in male reproductive system	
Q96NZ8	WFIKKN1	Secreted in other tissues	
Q8TEU8	WFIKKN2	Secreted in other tissues	
O76024	WFS1		
Q9P202	WHRN		
Q9Y5W5	WIF1	Secreted to extracellular matrix	
P04628	WNT1	Secreted to extracellular matrix	
Q9GZT5	WNT10A	Secreted to extracellular matrix	
O96014	WNT11	Secreted to extracellular matrix	
Q9UBV4	WNT16	Secreted to extracellular matrix	
Q9Y6F9	WNT6	Secreted to extracellular matrix	
O00755	WNT7A	Secreted to extracellular matrix	
P56706	WNT7B	Secreted to extracellular matrix	
Q9H1J5	WNT8A	Secreted to extracellular matrix	
Q93098	WNT8B	Secreted to extracellular matrix	
O14904	WNT9A	Secreted to extracellular matrix	
P17861	XBP1		
P47992	XCL1	Secreted to blood	
Q9UBD3	XCL2	Secreted to blood	
P46094	XCR1		
P55808	XG		
Q5GH77	XKR3		
Q6UX68	XKR5		
Q5GH72	XKR7		
Q6PP77	XKRX		
Q9UIA9	XPO7		
Q9UBH6	XPR1		
Q9H1B5	XYLT2	Secreted to blood	
Q8N8F6	YIPF7		
Q401N2	ZACN		
Q9Y493	ZAN		
Q8WVZ1	ZDHHC19		
Q9NPG8	ZDHHC4		
Q9H6R6	ZDHHC6		
O75844	ZMPSTE24		
Q6ZN08	ZNF66		
Q8WWF5	ZNRF4		
P60852	ZP1	Secreted in female reproductive system	
Q05996	ZP2	Secreted in female reproductive system	
P21754	ZP3	Secreted in female reproductive system	
Q12836	ZP4	Secreted in female reproductive system	
Q9BS86	ZPBP	Secreted in male reproductive system	
Q6X784	ZPBP2	Secreted in male reproductive system	
